{
	"format_version": "1.12.0",
	"minecraft:geometry": [
		{
			"description": {
				"identifier": "geometry.couch_3_a",
				"texture_width": 128,
				"texture_height": 128,
				"visible_bounds_width": 2,
				"visible_bounds_height": 2.5,
				"visible_bounds_offset": [0, 0.75, 0]
			},
			"bones": [
				{
					"name": "root",
					"pivot": [0, 0, 0]
				},
				{
					"name": "bone",
					"parent": "root",
					"pivot": [0, 0, 0],
					"cubes": [
						{
							"origin": [-8, 0, -8],
							"size": [16, 5, 16],
							"uv": {
								"north": {"uv": [16.1, 16.1], "uv_size": [15.8, 4.8]},
								"east": {"uv": [0.1, 16.1], "uv_size": [15.8, 4.8]},
								"south": {"uv": [48.1, 16.1], "uv_size": [15.8, 4.8]},
								"west": {"uv": [32.1, 16.1], "uv_size": [15.8, 4.8]},
								"up": {"uv": [16.1, 0.1], "uv_size": [15.8, 15.8]},
								"down": {"uv": [32.1, 15.9], "uv_size": [15.8, -15.8]}
							}
						},
						{
							"origin": [-4.25, 7, 3.5],
							"size": [12, 7, 2.5],
							"pivot": [0, 0, 0],
							"rotation": [-5, 0, 0],
							"uv": {
								"north": {"uv": [50.1, 2.1], "uv_size": [11.8, 6.8]},
								"east": {"uv": [48.1, 2.1], "uv_size": [1.8, 6.8]},
								"south": {"uv": [64.1, 2.1], "uv_size": [11.8, 6.8]},
								"west": {"uv": [62.1, 2.1], "uv_size": [1.8, 6.8]},
								"up": {"uv": [50.1, 0.1], "uv_size": [11.8, 1.8]},
								"down": {"uv": [62.1, 1.9], "uv_size": [11.8, -1.8]}
							}
						},
						{
							"origin": [-4.25, 5, -7.5],
							"size": [12, 2, 13.5],
							"uv": {
								"north": {"uv": [13.1, 34.1], "uv_size": [11.8, 1.8]},
								"east": {"uv": [0.1, 34.1], "uv_size": [12.8, 1.8]},
								"south": {"uv": [38.1, 34.1], "uv_size": [11.8, 1.8]},
								"west": {"uv": [25.1, 34.1], "uv_size": [12.8, 1.8]},
								"up": {"uv": [13.1, 21.1], "uv_size": [11.8, 12.8]},
								"down": {"uv": [25.1, 33.9], "uv_size": [11.8, -12.8]}
							}
						},
						{
							"origin": [-8, 5, -8],
							"size": [3, 5, 16],
							"uv": {
								"north": {"uv": [16.1, 52.1], "uv_size": [2.8, 4.8]},
								"east": {"uv": [0.1, 52.1], "uv_size": [15.8, 4.8]},
								"south": {"uv": [35.1, 52.1], "uv_size": [2.8, 4.8]},
								"west": {"uv": [19.1, 52.1], "uv_size": [15.8, 4.8]},
								"up": {"uv": [16.1, 36.1], "uv_size": [2.8, 15.8]},
								"down": {"uv": [19.1, 51.9], "uv_size": [2.8, -15.8]}
							}
						},
						{
							"origin": [-5, 5, 6],
							"size": [13, 6, 2],
							"uv": {
								"north": {"uv": [24.1, 44.1], "uv_size": [12.8, 5.8]},
								"east": {"uv": [22.1, 44.1], "uv_size": [1.8, 5.8]},
								"south": {"uv": [39.1, 44.1], "uv_size": [12.8, 5.8]},
								"west": {"uv": [37.1, 44.1], "uv_size": [1.8, 5.8]},
								"up": {"uv": [24.1, 42.1], "uv_size": [12.8, 1.8]},
								"down": {"uv": [37.1, 43.9], "uv_size": [12.8, -1.8]}
							}
						}
					]
				}
			]
		}
	]
}