{
	"format_version": "1.12.0",
	"minecraft:geometry": [
		{
			"description": {
				"identifier": "geometry.beach_ball_0",
				"texture_width": 64,
				"texture_height": 64,
				"visible_bounds_width": 2,
				"visible_bounds_height": 2.5,
				"visible_bounds_offset": [0, 0.75, 0]
			},
			"bones": [
				{
					"name": "bone",
					"pivot": [0, 0, 0],
					"cubes": [
						{
							"origin": [-3.5, 0, -3.5],
							"size": [7, 1, 7],
							"uv": {
								"north": {"uv": [28, 26], "uv_size": [7, 1]},
								"east": {"uv": [21, 26], "uv_size": [7, 1]},
								"south": {"uv": [42, 26], "uv_size": [7, 1]},
								"west": {"uv": [35, 26], "uv_size": [7, 1]},
								"up": {"uv": [28, 19], "uv_size": [7, 7]},
								"down": {"uv": [35, 26], "uv_size": [7, -7]}
							}
						},
						{
							"origin": [-3.5, 10, -3.5],
							"size": [7, 1, 7],
							"uv": {
								"north": {"uv": [7, 25], "uv_size": [7, 1]},
								"east": {"uv": [0, 25], "uv_size": [7, 1]},
								"south": {"uv": [21, 25], "uv_size": [7, 1]},
								"west": {"uv": [14, 25], "uv_size": [7, 1]},
								"up": {"uv": [7, 18], "uv_size": [7, 7]},
								"down": {"uv": [14, 25], "uv_size": [7, -7]}
							}
						},
						{
							"origin": [-5.5, 2, -3.5],
							"size": [1, 7, 7],
							"uv": {
								"north": {"uv": [23, 34], "uv_size": [1, 7]},
								"east": {"uv": [16, 34], "uv_size": [7, 7]},
								"south": {"uv": [31, 34], "uv_size": [1, 7]},
								"west": {"uv": [24, 34], "uv_size": [7, 7]},
								"up": {"uv": [23, 27], "uv_size": [1, 7]},
								"down": {"uv": [24, 34], "uv_size": [1, -7]}
							}
						},
						{
							"origin": [4.5, 2, -3.5],
							"size": [1, 7, 7],
							"uv": {
								"north": {"uv": [7, 33], "uv_size": [1, 7]},
								"east": {"uv": [0, 33], "uv_size": [7, 7]},
								"south": {"uv": [15, 33], "uv_size": [1, 7]},
								"west": {"uv": [8, 33], "uv_size": [7, 7]},
								"up": {"uv": [7, 26], "uv_size": [1, 7]},
								"down": {"uv": [8, 33], "uv_size": [1, -7]}
							}
						},
						{
							"origin": [-3.5, 2, -5.5],
							"size": [7, 7, 1],
							"uv": {
								"north": {"uv": [33, 28], "uv_size": [7, 7]},
								"east": {"uv": [32, 28], "uv_size": [1, 7]},
								"south": {"uv": [41, 28], "uv_size": [7, 7]},
								"west": {"uv": [40, 28], "uv_size": [1, 7]},
								"up": {"uv": [33, 27], "uv_size": [7, 1]},
								"down": {"uv": [40, 28], "uv_size": [7, -1]}
							}
						},
						{
							"origin": [-3.5, 2, 4.5],
							"size": [7, 7, 1],
							"uv": {
								"north": {"uv": [28, 1], "uv_size": [7, 7]},
								"east": {"uv": [27, 1], "uv_size": [1, 7]},
								"south": {"uv": [36, 1], "uv_size": [7, 7]},
								"west": {"uv": [35, 1], "uv_size": [1, 7]},
								"up": {"uv": [28, 0], "uv_size": [7, 1]},
								"down": {"uv": [35, 1], "uv_size": [7, -1]}
							}
						},
						{
							"origin": [-4.5, 1, -4.5],
							"size": [9, 9, 9],
							"uv": {
								"north": {"uv": [9, 9], "uv_size": [9, 9]},
								"east": {"uv": [0, 9], "uv_size": [9, 9]},
								"south": {"uv": [27, 9], "uv_size": [9, 9]},
								"west": {"uv": [18, 9], "uv_size": [9, 9]},
								"up": {"uv": [9, 0], "uv_size": [9, 9]},
								"down": {"uv": [18, 9], "uv_size": [9, -9]}
							}
						}
					]
				}
			]
		}
	]
}