{
	"format_version": "1.12.0",
	"minecraft:geometry": [
		{
			"description": {
				"identifier": "geometry.floaty_0",
				"texture_width": 32,
				"texture_height": 32,
				"visible_bounds_width": 2,
				"visible_bounds_height": 1.5,
				"visible_bounds_offset": [0, 0.25, 0]
			},
			"bones": [
				{
					"name": "hexadecagon",
					"pivot": [0, 2, 0],
					"rotation": [0, 0, 90],
					"cubes": [
						{
							"origin": [-0.05, -0.17709, -6.58579],
							"size": [2, 3.1826, 3],
							"pivot": [0, 0, 0],
							"rotation": [45, 0, 0],
							"uv": {
								"north": {"uv": [24, 24], "uv_size": [2, 3]},
								"east": {"uv": [21, 24], "uv_size": [3, 3]},
								"south": {"uv": [29, 24], "uv_size": [2, 3]},
								"west": {"uv": [26, 24], "uv_size": [3, 3]},
								"up": {"uv": [24, 21], "uv_size": [2, 3]},
								"down": {"uv": [26, 24], "uv_size": [2, -3]}
							}
						},
						{
							"origin": [0, 0.25646, -7.23463],
							"size": [2, 3.1826, 3],
							"pivot": [0, 0, 0],
							"rotation": [22.5, 0, 0],
							"uv": {
								"north": {"uv": [24, 18], "uv_size": [2, 3]},
								"east": {"uv": [21, 18], "uv_size": [3, 3]},
								"south": {"uv": [29, 18], "uv_size": [2, 3]},
								"west": {"uv": [26, 18], "uv_size": [3, 3]},
								"up": {"uv": [24, 15], "uv_size": [2, 3]},
								"down": {"uv": [26, 18], "uv_size": [2, -3]}
							}
						},
						{
							"origin": [-0.025, 0.4087, -8],
							"size": [2, 3.1826, 3],
							"uv": {
								"north": {"uv": [24, 12], "uv_size": [2, 3]},
								"east": {"uv": [21, 12], "uv_size": [3, 3]},
								"south": {"uv": [29, 12], "uv_size": [2, 3]},
								"west": {"uv": [26, 12], "uv_size": [3, 3]},
								"up": {"uv": [24, 9], "uv_size": [2, 3]},
								"down": {"uv": [26, 12], "uv_size": [2, -3]}
							}
						},
						{
							"origin": [0, 0.25646, -8.76537],
							"size": [2, 3.1826, 3],
							"pivot": [0, 0, 0],
							"rotation": [-22.5, 0, 0],
							"uv": {
								"north": {"uv": [10, 24], "uv_size": [2, 3]},
								"east": {"uv": [7, 24], "uv_size": [3, 3]},
								"south": {"uv": [15, 24], "uv_size": [2, 3]},
								"west": {"uv": [12, 24], "uv_size": [3, 3]},
								"up": {"uv": [10, 21], "uv_size": [2, 3]},
								"down": {"uv": [12, 24], "uv_size": [2, -3]}
							}
						},
						{
							"origin": [-0.05, -0.17709, -9.41421],
							"size": [2, 3.1826, 3],
							"pivot": [0, 0, 0],
							"rotation": [-45, 0, 0],
							"uv": {
								"north": {"uv": [24, 6], "uv_size": [2, 3]},
								"east": {"uv": [21, 6], "uv_size": [3, 3]},
								"south": {"uv": [29, 6], "uv_size": [2, 3]},
								"west": {"uv": [26, 6], "uv_size": [3, 3]},
								"up": {"uv": [24, 3], "uv_size": [2, 3]},
								"down": {"uv": [26, 6], "uv_size": [2, -3]}
							}
						},
						{
							"origin": [-0.05, -0.17709, 6.41421],
							"size": [2, 3.1826, 3],
							"pivot": [0, 0, 0],
							"rotation": [45, 0, 0],
							"uv": {
								"north": {"uv": [17, 21], "uv_size": [2, 3]},
								"east": {"uv": [14, 21], "uv_size": [3, 3]},
								"south": {"uv": [22, 21], "uv_size": [2, 3]},
								"west": {"uv": [19, 21], "uv_size": [3, 3]},
								"up": {"uv": [17, 18], "uv_size": [2, 3]},
								"down": {"uv": [19, 21], "uv_size": [2, -3]}
							}
						},
						{
							"origin": [0, 0.25646, 5.76537],
							"size": [2, 3.1826, 3],
							"pivot": [0, 0, 0],
							"rotation": [22.5, 0, 0],
							"uv": {
								"north": {"uv": [3, 21], "uv_size": [2, 3]},
								"east": {"uv": [0, 21], "uv_size": [3, 3]},
								"south": {"uv": [8, 21], "uv_size": [2, 3]},
								"west": {"uv": [5, 21], "uv_size": [3, 3]},
								"up": {"uv": [3, 18], "uv_size": [2, 3]},
								"down": {"uv": [5, 21], "uv_size": [2, -3]}
							}
						},
						{
							"origin": [-0.025, 0.4087, 5],
							"size": [2, 3.1826, 3],
							"uv": {
								"north": {"uv": [10, 18], "uv_size": [2, 3]},
								"east": {"uv": [7, 18], "uv_size": [3, 3]},
								"south": {"uv": [15, 18], "uv_size": [2, 3]},
								"west": {"uv": [12, 18], "uv_size": [3, 3]},
								"up": {"uv": [10, 15], "uv_size": [2, 3]},
								"down": {"uv": [12, 18], "uv_size": [2, -3]}
							}
						},
						{
							"origin": [0, 0.25646, 4.23463],
							"size": [2, 3.1826, 3],
							"pivot": [0, 0, 0],
							"rotation": [-22.5, 0, 0],
							"uv": {
								"north": {"uv": [17, 15], "uv_size": [2, 3]},
								"east": {"uv": [14, 15], "uv_size": [3, 3]},
								"south": {"uv": [22, 15], "uv_size": [2, 3]},
								"west": {"uv": [19, 15], "uv_size": [3, 3]},
								"up": {"uv": [17, 12], "uv_size": [2, 3]},
								"down": {"uv": [19, 15], "uv_size": [2, -3]}
							}
						},
						{
							"origin": [-0.05, -0.17709, 3.58579],
							"size": [2, 3.1826, 3],
							"pivot": [0, 0, 0],
							"rotation": [-45, 0, 0],
							"uv": {
								"north": {"uv": [17, 9], "uv_size": [2, 3]},
								"east": {"uv": [14, 9], "uv_size": [3, 3]},
								"south": {"uv": [22, 9], "uv_size": [2, 3]},
								"west": {"uv": [19, 9], "uv_size": [3, 3]},
								"up": {"uv": [17, 6], "uv_size": [2, 3]},
								"down": {"uv": [19, 9], "uv_size": [2, -3]}
							}
						},
						{
							"origin": [0, -6.15224, -0.82593],
							"size": [2, 3, 3.1826],
							"pivot": [0, 0, 0],
							"rotation": [22.5, 0, 0],
							"uv": {
								"north": {"uv": [17, 3], "uv_size": [2, 3]},
								"east": {"uv": [14, 3], "uv_size": [3, 3]},
								"south": {"uv": [22, 3], "uv_size": [2, 3]},
								"west": {"uv": [19, 3], "uv_size": [3, 3]},
								"up": {"uv": [17, 0], "uv_size": [2, 3]},
								"down": {"uv": [19, 3], "uv_size": [2, -3]}
							}
						},
						{
							"origin": [-0.025, -6, -1.5913],
							"size": [2, 3, 3.1826],
							"uv": {
								"north": {"uv": [3, 15], "uv_size": [2, 3]},
								"east": {"uv": [0, 15], "uv_size": [3, 3]},
								"south": {"uv": [8, 15], "uv_size": [2, 3]},
								"west": {"uv": [5, 15], "uv_size": [3, 3]},
								"up": {"uv": [3, 12], "uv_size": [2, 3]},
								"down": {"uv": [5, 15], "uv_size": [2, -3]}
							}
						},
						{
							"origin": [0, -6.15224, -2.35667],
							"size": [2, 3, 3.1826],
							"pivot": [0, 0, 0],
							"rotation": [-22.5, 0, 0],
							"uv": {
								"north": {"uv": [10, 12], "uv_size": [2, 3]},
								"east": {"uv": [7, 12], "uv_size": [3, 3]},
								"south": {"uv": [15, 12], "uv_size": [2, 3]},
								"west": {"uv": [12, 12], "uv_size": [3, 3]},
								"up": {"uv": [10, 9], "uv_size": [2, 3]},
								"down": {"uv": [12, 12], "uv_size": [2, -3]}
							}
						},
						{
							"origin": [0, 6.84776, -0.82593],
							"size": [2, 3, 3.1826],
							"pivot": [0, 0, 0],
							"rotation": [22.5, 0, 0],
							"uv": {
								"north": {"uv": [10, 6], "uv_size": [2, 3]},
								"east": {"uv": [7, 6], "uv_size": [3, 3]},
								"south": {"uv": [15, 6], "uv_size": [2, 3]},
								"west": {"uv": [12, 6], "uv_size": [3, 3]},
								"up": {"uv": [10, 3], "uv_size": [2, 3]},
								"down": {"uv": [12, 6], "uv_size": [2, -3]}
							}
						},
						{
							"origin": [-0.025, 7, -1.5913],
							"size": [2, 3, 3.1826],
							"uv": {
								"north": {"uv": [3, 9], "uv_size": [2, 3]},
								"east": {"uv": [0, 9], "uv_size": [3, 3]},
								"south": {"uv": [8, 9], "uv_size": [2, 3]},
								"west": {"uv": [5, 9], "uv_size": [3, 3]},
								"up": {"uv": [3, 6], "uv_size": [2, 3]},
								"down": {"uv": [5, 9], "uv_size": [2, -3]}
							}
						},
						{
							"origin": [0, 6.84776, -2.35667],
							"size": [2, 3, 3.1826],
							"pivot": [0, 0, 0],
							"rotation": [-22.5, 0, 0],
							"uv": {
								"north": {"uv": [3, 3], "uv_size": [2, 3]},
								"east": {"uv": [0, 3], "uv_size": [3, 3]},
								"south": {"uv": [8, 3], "uv_size": [2, 3]},
								"west": {"uv": [5, 3], "uv_size": [3, 3]},
								"up": {"uv": [3, 0], "uv_size": [2, 3]},
								"down": {"uv": [5, 3], "uv_size": [2, -3]}
							}
						}
					]
				}
			]
		}
	]
}