{
	"format_version": "1.12.0",
	"minecraft:geometry": [
		{
			"description": {
				"identifier": "geometry.floaty_3",
				"texture_width": 128,
				"texture_height": 128,
				"visible_bounds_width": 3,
				"visible_bounds_height": 1.5,
				"visible_bounds_offset": [0, 0.25, 0]
			},
			"bones": [
				{
					"name": "bone",
					"pivot": [0, 0, -8],
					"cubes": [
						{
							"origin": [-8, 0, -24],
							"size": [16, 2, 32],
							"uv": {
								"north": {"uv": [32, 32], "uv_size": [16, 2]},
								"east": {"uv": [0, 32], "uv_size": [32, 2]},
								"south": {"uv": [80, 32], "uv_size": [16, 2]},
								"west": {"uv": [48, 32], "uv_size": [32, 2]},
								"up": {"uv": [32, 0], "uv_size": [16, 32]},
								"down": {"uv": [48, 32], "uv_size": [16, -32]}
							}
						},
						{
							"origin": [-8, -4.58861, 6.55322],
							"size": [16, 3, 9],
							"pivot": [0, 0, 0],
							"rotation": [35, 0, 0],
							"uv": {
								"north": {"uv": [9, 43], "uv_size": [16, 3]},
								"east": {"uv": [0, 43], "uv_size": [9, 3]},
								"south": {"uv": [34, 43], "uv_size": [16, 3]},
								"west": {"uv": [25, 43], "uv_size": [9, 3]},
								"up": {"uv": [9, 34], "uv_size": [16, 9]},
								"down": {"uv": [25, 43], "uv_size": [16, -9]}
							}
						}
					]
				}
			]
		}
	]
}