{
	"format_version": "1.12.0",
	"minecraft:geometry": [
		{
			"description": {
				"identifier": "geometry.floaty_1",
				"texture_width": 64,
				"texture_height": 64,
				"visible_bounds_width": 2,
				"visible_bounds_height": 1.5,
				"visible_bounds_offset": [0, 0.25, 0]
			},
			"bones": [
				{
					"name": "octagon",
					"pivot": [-8, -1, -8],
					"rotation": [0, 0, 90],
					"cubes": [
						{
							"origin": [-12, 1.84315, -12.44975],
							"size": [3, 6.2132, 3],
							"pivot": [0, 0, 0],
							"rotation": [-45, 0, 0],
							"uv": {
								"north": {"uv": [27, 24], "uv_size": [3, 6]},
								"east": {"uv": [24, 24], "uv_size": [3, 6]},
								"south": {"uv": [33, 24], "uv_size": [3, 6]},
								"west": {"uv": [30, 24], "uv_size": [3, 6]},
								"up": {"uv": [27, 21], "uv_size": [3, 3]},
								"down": {"uv": [30, 24], "uv_size": [3, -3]}
							}
						},
						{
							"origin": [-12.025, 3.8934, -7.5],
							"size": [3.025, 6.2132, 3],
							"uv": {
								"north": {"uv": [27, 3], "uv_size": [3, 6]},
								"east": {"uv": [24, 3], "uv_size": [3, 6]},
								"south": {"uv": [33, 3], "uv_size": [3, 6]},
								"west": {"uv": [30, 3], "uv_size": [3, 6]},
								"up": {"uv": [27, 0], "uv_size": [3, 3]},
								"down": {"uv": [30, 3], "uv_size": [3, -3]}
							}
						},
						{
							"origin": [-12, 1.84315, -0.44975],
							"size": [3, 6.2132, 3],
							"pivot": [0, 0, 0],
							"rotation": [-45, 0, 0],
							"uv": {
								"north": {"uv": [15, 24], "uv_size": [3, 6]},
								"east": {"uv": [12, 24], "uv_size": [3, 6]},
								"south": {"uv": [21, 24], "uv_size": [3, 6]},
								"west": {"uv": [18, 24], "uv_size": [3, 6]},
								"up": {"uv": [15, 21], "uv_size": [3, 3]},
								"down": {"uv": [18, 24], "uv_size": [3, -3]}
							}
						},
						{
							"origin": [-12.025, 3.8934, 4.5],
							"size": [3.025, 6.2132, 3],
							"uv": {
								"north": {"uv": [3, 21], "uv_size": [3, 6]},
								"east": {"uv": [0, 21], "uv_size": [3, 6]},
								"south": {"uv": [9, 21], "uv_size": [3, 6]},
								"west": {"uv": [6, 21], "uv_size": [3, 6]},
								"up": {"uv": [3, 18], "uv_size": [3, 3]},
								"down": {"uv": [6, 21], "uv_size": [3, -3]}
							}
						},
						{
							"origin": [-12, -2.55025, -8.05635],
							"size": [3, 3, 6.2132],
							"pivot": [0, 0, 0],
							"rotation": [-45, 0, 0],
							"uv": {
								"north": {"uv": [18, 18], "uv_size": [3, 3]},
								"east": {"uv": [12, 18], "uv_size": [6, 3]},
								"south": {"uv": [27, 18], "uv_size": [3, 3]},
								"west": {"uv": [21, 18], "uv_size": [6, 3]},
								"up": {"uv": [18, 12], "uv_size": [3, 6]},
								"down": {"uv": [21, 18], "uv_size": [3, -6]}
							}
						},
						{
							"origin": [-12.025, -0.5, -3.1066],
							"size": [3.025, 3, 6.2132],
							"uv": {
								"north": {"uv": [18, 9], "uv_size": [3, 3]},
								"east": {"uv": [12, 9], "uv_size": [6, 3]},
								"south": {"uv": [27, 9], "uv_size": [3, 3]},
								"west": {"uv": [21, 9], "uv_size": [6, 3]},
								"up": {"uv": [18, 3], "uv_size": [3, 6]},
								"down": {"uv": [21, 9], "uv_size": [3, -6]}
							}
						},
						{
							"origin": [-12, 9.44975, -8.05635],
							"size": [3, 3, 6.2132],
							"pivot": [0, 0, 0],
							"rotation": [-45, 0, 0],
							"uv": {
								"north": {"uv": [6, 15], "uv_size": [3, 3]},
								"east": {"uv": [0, 15], "uv_size": [6, 3]},
								"south": {"uv": [15, 15], "uv_size": [3, 3]},
								"west": {"uv": [9, 15], "uv_size": [6, 3]},
								"up": {"uv": [6, 9], "uv_size": [3, 6]},
								"down": {"uv": [9, 15], "uv_size": [3, -6]}
							}
						},
						{
							"origin": [-12.025, 11.5, -3.1066],
							"size": [3.025, 3, 6.2132],
							"uv": {
								"north": {"uv": [6, 6], "uv_size": [3, 3]},
								"east": {"uv": [0, 6], "uv_size": [6, 3]},
								"south": {"uv": [15, 6], "uv_size": [3, 3]},
								"west": {"uv": [9, 6], "uv_size": [6, 3]},
								"up": {"uv": [6, 0], "uv_size": [3, 6]},
								"down": {"uv": [9, 6], "uv_size": [3, -6]}
							}
						}
					]
				},
				{
					"name": "bone",
					"parent": "octagon",
					"pivot": [-8, -1, -8],
					"cubes": [
						{
							"origin": [-12.75, 0.25, -1.5],
							"size": [0, 1, 3],
							"uv": {
								"north": {"uv": [3, 4], "uv_size": [0, 1]},
								"east": {"uv": [0, 4], "uv_size": [3, 1]},
								"south": {"uv": [6, 4], "uv_size": [0, 1]},
								"west": {"uv": [3, 4], "uv_size": [3, 1]},
								"up": {"uv": [3, 1], "uv_size": [0, 3]},
								"down": {"uv": [3, 4], "uv_size": [0, -3]}
							}
						},
						{
							"origin": [-12.75, 12.75, -1.5],
							"size": [0, 1, 3],
							"uv": {
								"north": {"uv": [3, 3], "uv_size": [0, 1]},
								"east": {"uv": [0, 3], "uv_size": [3, 1]},
								"south": {"uv": [6, 3], "uv_size": [0, 1]},
								"west": {"uv": [3, 3], "uv_size": [3, 1]},
								"up": {"uv": [3, 0], "uv_size": [0, 3]},
								"down": {"uv": [3, 3], "uv_size": [0, -3]}
							}
						},
						{
							"origin": [-12.75, 0.25, 1.5],
							"size": [1, 1, 0],
							"uv": {
								"north": {"uv": [2, 0], "uv_size": [1, 1]},
								"east": {"uv": [2, 0], "uv_size": [0, 1]},
								"south": {"uv": [3, 0], "uv_size": [1, 1]},
								"west": {"uv": [3, 0], "uv_size": [0, 1]},
								"up": {"uv": [2, 0], "uv_size": [1, 0]},
								"down": {"uv": [3, 0], "uv_size": [1, 0]}
							}
						},
						{
							"origin": [-12.75, 12.75, 1.5],
							"size": [1, 1, 0],
							"uv": {
								"north": {"uv": [0, 0], "uv_size": [1, 1]},
								"east": {"uv": [0, 0], "uv_size": [0, 1]},
								"south": {"uv": [1, 0], "uv_size": [1, 1]},
								"west": {"uv": [1, 0], "uv_size": [0, 1]},
								"up": {"uv": [0, 0], "uv_size": [1, 0]},
								"down": {"uv": [1, 0], "uv_size": [1, 0]}
							}
						},
						{
							"origin": [-12.75, 0.25, -1.5],
							"size": [1, 1, 0],
							"uv": {
								"north": {"uv": [0, 2], "uv_size": [1, 1]},
								"east": {"uv": [0, 2], "uv_size": [0, 1]},
								"south": {"uv": [1, 2], "uv_size": [1, 1]},
								"west": {"uv": [1, 2], "uv_size": [0, 1]},
								"up": {"uv": [0, 2], "uv_size": [1, 0]},
								"down": {"uv": [1, 2], "uv_size": [1, 0]}
							}
						},
						{
							"origin": [-12.75, 12.75, -1.5],
							"size": [1, 1, 0],
							"uv": {
								"north": {"uv": [0, 1], "uv_size": [1, 1]},
								"east": {"uv": [0, 1], "uv_size": [0, 1]},
								"south": {"uv": [1, 1], "uv_size": [1, 1]},
								"west": {"uv": [1, 1], "uv_size": [0, 1]},
								"up": {"uv": [0, 1], "uv_size": [1, 0]},
								"down": {"uv": [1, 1], "uv_size": [1, 0]}
							}
						}
					]
				}
			]
		}
	]
}