{
	"format_version": "1.12.0",
	"minecraft:geometry": [
		{
			"description": {
				"identifier": "geometry.floaty_2",
				"texture_width": 128,
				"texture_height": 128,
				"visible_bounds_width": 4,
				"visible_bounds_height": 2.5,
				"visible_bounds_offset": [0, 0.75, 0]
			},
			"bones": [
				{
					"name": "root",
					"pivot": [0, 0, 0]
				},
				{
					"name": "octagon",
					"parent": "root",
					"pivot": [8, -5.5, -8],
					"cubes": [
						{
							"origin": [-5.79899, 0, -14],
							"size": [11.59798, 5, 5],
							"pivot": [0, 0, 0],
							"rotation": [0, -45, 0],
							"uv": {
								"north": {"uv": [47, 26], "uv_size": [11, 5]},
								"east": {"uv": [42, 26], "uv_size": [5, 5]},
								"south": {"uv": [63, 26], "uv_size": [11, 5]},
								"west": {"uv": [58, 26], "uv_size": [5, 5]},
								"up": {"uv": [47, 21], "uv_size": [11, 5]},
								"down": {"uv": [58, 26], "uv_size": [11, -5]}
							}
						},
						{
							"origin": [-5.79899, 0, -14],
							"size": [11.59798, 5.05, 5],
							"uv": {
								"north": {"uv": [47, 5], "uv_size": [11, 5]},
								"east": {"uv": [42, 5], "uv_size": [5, 5]},
								"south": {"uv": [63, 5], "uv_size": [11, 5]},
								"west": {"uv": [58, 5], "uv_size": [5, 5]},
								"up": {"uv": [47, 0], "uv_size": [11, 5]},
								"down": {"uv": [58, 5], "uv_size": [11, -5]}
							}
						},
						{
							"origin": [-5.79899, 0, 9],
							"size": [11.59798, 5, 5],
							"pivot": [0, 0, 0],
							"rotation": [0, -45, 0],
							"uv": {
								"north": {"uv": [37, 42], "uv_size": [11, 5]},
								"east": {"uv": [32, 42], "uv_size": [5, 5]},
								"south": {"uv": [53, 42], "uv_size": [11, 5]},
								"west": {"uv": [48, 42], "uv_size": [5, 5]},
								"up": {"uv": [37, 37], "uv_size": [11, 5]},
								"down": {"uv": [48, 42], "uv_size": [11, -5]}
							}
						},
						{
							"origin": [-5.79899, 0, 9],
							"size": [11.59798, 5.075, 5],
							"uv": {
								"north": {"uv": [5, 42], "uv_size": [11, 5]},
								"east": {"uv": [0, 42], "uv_size": [5, 5]},
								"south": {"uv": [21, 42], "uv_size": [11, 5]},
								"west": {"uv": [16, 42], "uv_size": [5, 5]},
								"up": {"uv": [5, 37], "uv_size": [11, 5]},
								"down": {"uv": [16, 42], "uv_size": [11, -5]}
							}
						},
						{
							"origin": [9, 0, -5.79899],
							"size": [5, 5, 11.59798],
							"pivot": [0, 0, 0],
							"rotation": [0, -45, 0],
							"uv": {
								"north": {"uv": [32, 32], "uv_size": [5, 5]},
								"east": {"uv": [21, 32], "uv_size": [11, 5]},
								"south": {"uv": [48, 32], "uv_size": [5, 5]},
								"west": {"uv": [37, 32], "uv_size": [11, 5]},
								"up": {"uv": [32, 21], "uv_size": [5, 11]},
								"down": {"uv": [37, 32], "uv_size": [5, -11]}
							}
						},
						{
							"origin": [9, 0, -5.79899],
							"size": [5, 5.05, 11.59798],
							"uv": {
								"north": {"uv": [32, 16], "uv_size": [5, 5]},
								"east": {"uv": [21, 16], "uv_size": [11, 5]},
								"south": {"uv": [48, 16], "uv_size": [5, 5]},
								"west": {"uv": [37, 16], "uv_size": [11, 5]},
								"up": {"uv": [32, 5], "uv_size": [5, 11]},
								"down": {"uv": [37, 16], "uv_size": [5, -11]}
							}
						},
						{
							"origin": [-14, 0, -5.79899],
							"size": [5, 5, 11.59798],
							"pivot": [0, 0, 0],
							"rotation": [0, -45, 0],
							"uv": {
								"north": {"uv": [11, 27], "uv_size": [5, 5]},
								"east": {"uv": [0, 27], "uv_size": [11, 5]},
								"south": {"uv": [27, 27], "uv_size": [5, 5]},
								"west": {"uv": [16, 27], "uv_size": [11, 5]},
								"up": {"uv": [11, 16], "uv_size": [5, 11]},
								"down": {"uv": [16, 27], "uv_size": [5, -11]}
							}
						},
						{
							"origin": [-14, 0, -5.79899],
							"size": [5, 5.05, 11.59798],
							"uv": {
								"north": {"uv": [11, 11], "uv_size": [5, 5]},
								"east": {"uv": [0, 11], "uv_size": [11, 5]},
								"south": {"uv": [27, 11], "uv_size": [5, 5]},
								"west": {"uv": [16, 11], "uv_size": [11, 5]},
								"up": {"uv": [11, 0], "uv_size": [5, 11]},
								"down": {"uv": [16, 11], "uv_size": [5, -11]}
							}
						}
					]
				},
				{
					"name": "bone2",
					"parent": "root",
					"pivot": [0.5, 0, 0],
					"rotation": [0, 7.5, 0],
					"cubes": [
						{
							"origin": [13.25, 2.5, -3],
							"size": [1.75, 4.5, 7],
							"pivot": [0, 0, 0],
							"rotation": [10, 0, 0],
							"uv": {
								"north": {"uv": [23, 62], "uv_size": [1, 4]},
								"east": {"uv": [16, 62], "uv_size": [7, 4]},
								"south": {"uv": [31, 62], "uv_size": [1, 4]},
								"west": {"uv": [24, 62], "uv_size": [7, 4]},
								"up": {"uv": [23, 55], "uv_size": [1, 7]},
								"down": {"uv": [24, 62], "uv_size": [1, -7]}
							}
						},
						{
							"origin": [13.3, 5.5, -0.5],
							"size": [1.625, 2, 9],
							"pivot": [0, 0, 0],
							"rotation": [27.5, 0, 0],
							"uv": {
								"north": {"uv": [62, 19], "uv_size": [1, 2]},
								"east": {"uv": [53, 19], "uv_size": [9, 2]},
								"south": {"uv": [72, 19], "uv_size": [1, 2]},
								"west": {"uv": [63, 19], "uv_size": [9, 2]},
								"up": {"uv": [62, 10], "uv_size": [1, 9]},
								"down": {"uv": [63, 19], "uv_size": [1, -9]}
							}
						},
						{
							"origin": [13.3, 4.25, 3.5],
							"size": [1.65, 2, 3],
							"pivot": [0, 0, 0],
							"rotation": [20, 0, 0],
							"uv": {
								"north": {"uv": [24, 24], "uv_size": [1, 2]},
								"east": {"uv": [21, 24], "uv_size": [3, 2]},
								"south": {"uv": [28, 24], "uv_size": [1, 2]},
								"west": {"uv": [25, 24], "uv_size": [3, 2]},
								"up": {"uv": [24, 21], "uv_size": [1, 3]},
								"down": {"uv": [25, 24], "uv_size": [1, -3]}
							}
						},
						{
							"origin": [13.3, 3.5, 1.5],
							"size": [1.675, 2, 3],
							"pivot": [0, 0, 0],
							"rotation": [2.5, 0, 0],
							"uv": {
								"north": {"uv": [24, 8], "uv_size": [1, 2]},
								"east": {"uv": [21, 8], "uv_size": [3, 2]},
								"south": {"uv": [28, 8], "uv_size": [1, 2]},
								"west": {"uv": [25, 8], "uv_size": [3, 2]},
								"up": {"uv": [24, 5], "uv_size": [1, 3]},
								"down": {"uv": [25, 8], "uv_size": [1, -3]}
							}
						}
					]
				},
				{
					"name": "bone4",
					"parent": "root",
					"pivot": [0, 0, 0],
					"cubes": [
						{
							"origin": [-3, 7, 9],
							"size": [6, 5, 2],
							"pivot": [0, 0, 0],
							"rotation": [-27.5, 0, 0],
							"uv": {
								"north": {"uv": [61, 33], "uv_size": [6, 5]},
								"east": {"uv": [59, 33], "uv_size": [2, 5]},
								"south": {"uv": [69, 33], "uv_size": [6, 5]},
								"west": {"uv": [67, 33], "uv_size": [2, 5]},
								"up": {"uv": [61, 31], "uv_size": [6, 2]},
								"down": {"uv": [67, 33], "uv_size": [6, -2]}
							}
						},
						{
							"origin": [-1, 12, 9],
							"size": [2, 4, 2],
							"pivot": [0, 0, 0],
							"rotation": [-27.5, 0, 0],
							"uv": {
								"north": {"uv": [2, 2], "uv_size": [2, 4]},
								"east": {"uv": [0, 2], "uv_size": [2, 4]},
								"south": {"uv": [6, 2], "uv_size": [2, 4]},
								"west": {"uv": [4, 2], "uv_size": [2, 4]},
								"up": {"uv": [2, 0], "uv_size": [2, 2]},
								"down": {"uv": [4, 2], "uv_size": [2, -2]}
							}
						},
						{
							"origin": [-1.75, 11.75, 9.05],
							"size": [1, 3.5, 1.9],
							"pivot": [0, 0, 0],
							"rotation": [-26.94093, 5.73576, 11.12501],
							"uv": {
								"north": {"uv": [13, 33], "uv_size": [1, 3]},
								"east": {"uv": [12, 33], "uv_size": [1, 3]},
								"south": {"uv": [15, 33], "uv_size": [1, 3]},
								"west": {"uv": [14, 33], "uv_size": [1, 3]},
								"up": {"uv": [13, 32], "uv_size": [1, 1]},
								"down": {"uv": [14, 33], "uv_size": [1, -1]}
							}
						},
						{
							"origin": [0.75, 11.75, 9.05],
							"size": [1, 3.5, 1.9],
							"pivot": [0, 0, 0],
							"rotation": [-26.94093, -5.73576, -11.12501],
							"uv": {
								"north": {"uv": [8, 21], "uv_size": [1, 3]},
								"east": {"uv": [7, 21], "uv_size": [1, 3]},
								"south": {"uv": [10, 21], "uv_size": [1, 3]},
								"west": {"uv": [9, 21], "uv_size": [1, 3]},
								"up": {"uv": [8, 20], "uv_size": [1, 1]},
								"down": {"uv": [9, 21], "uv_size": [1, -1]}
							}
						},
						{
							"origin": [0, 11, 9.025],
							"size": [1, 3, 1.95],
							"pivot": [0, 0, 0],
							"rotation": [-27.14233, 4.59902, 8.88927],
							"uv": {
								"north": {"uv": [36, 1], "uv_size": [1, 3]},
								"east": {"uv": [35, 1], "uv_size": [1, 3]},
								"south": {"uv": [38, 1], "uv_size": [1, 3]},
								"west": {"uv": [37, 1], "uv_size": [1, 3]},
								"up": {"uv": [36, 0], "uv_size": [1, 1]},
								"down": {"uv": [37, 1], "uv_size": [1, -1]}
							}
						},
						{
							"origin": [-1, 11, 9.025],
							"size": [1, 3, 1.95],
							"pivot": [0, 0, 0],
							"rotation": [-27.14233, -4.59902, -8.88927],
							"uv": {
								"north": {"uv": [17, 33], "uv_size": [1, 3]},
								"east": {"uv": [16, 33], "uv_size": [1, 3]},
								"south": {"uv": [19, 33], "uv_size": [1, 3]},
								"west": {"uv": [18, 33], "uv_size": [1, 3]},
								"up": {"uv": [17, 32], "uv_size": [1, 1]},
								"down": {"uv": [18, 33], "uv_size": [1, -1]}
							}
						}
					]
				},
				{
					"name": "bone3",
					"parent": "root",
					"pivot": [-0.5, 0, 0],
					"rotation": [0, -7.5, 0],
					"cubes": [
						{
							"origin": [-15, 2.5, -3],
							"size": [1.75, 4.5, 7],
							"pivot": [0, 0, 0],
							"rotation": [10, 0, 0],
							"uv": {
								"north": {"uv": [7, 62], "uv_size": [1, 4]},
								"east": {"uv": [0, 62], "uv_size": [7, 4]},
								"south": {"uv": [15, 62], "uv_size": [1, 4]},
								"west": {"uv": [8, 62], "uv_size": [7, 4]},
								"up": {"uv": [7, 55], "uv_size": [1, 7]},
								"down": {"uv": [8, 62], "uv_size": [1, -7]}
							}
						},
						{
							"origin": [-14.925, 5.5, -0.5],
							"size": [1.625, 2, 9],
							"pivot": [0, 0, 0],
							"rotation": [27.5, 0, 0],
							"uv": {
								"north": {"uv": [52, 56], "uv_size": [1, 2]},
								"east": {"uv": [43, 56], "uv_size": [9, 2]},
								"south": {"uv": [62, 56], "uv_size": [1, 2]},
								"west": {"uv": [53, 56], "uv_size": [9, 2]},
								"up": {"uv": [52, 47], "uv_size": [1, 9]},
								"down": {"uv": [53, 56], "uv_size": [1, -9]}
							}
						},
						{
							"origin": [-14.95, 4.25, 3.5],
							"size": [1.65, 2, 3],
							"pivot": [0, 0, 0],
							"rotation": [20, 0, 0],
							"uv": {
								"north": {"uv": [3, 24], "uv_size": [1, 2]},
								"east": {"uv": [0, 24], "uv_size": [3, 2]},
								"south": {"uv": [7, 24], "uv_size": [1, 2]},
								"west": {"uv": [4, 24], "uv_size": [3, 2]},
								"up": {"uv": [3, 21], "uv_size": [1, 3]},
								"down": {"uv": [4, 24], "uv_size": [1, -3]}
							}
						},
						{
							"origin": [-14.975, 3.5, 1.5],
							"size": [1.675, 2, 3],
							"pivot": [0, 0, 0],
							"rotation": [2.5, 0, 0],
							"uv": {
								"north": {"uv": [3, 19], "uv_size": [1, 2]},
								"east": {"uv": [0, 19], "uv_size": [3, 2]},
								"south": {"uv": [7, 19], "uv_size": [1, 2]},
								"west": {"uv": [4, 19], "uv_size": [3, 2]},
								"up": {"uv": [3, 16], "uv_size": [1, 3]},
								"down": {"uv": [4, 19], "uv_size": [1, -3]}
							}
						}
					]
				},
				{
					"name": "bone",
					"parent": "root",
					"pivot": [8, -6.25, -8],
					"cubes": [
						{
							"origin": [-5, 1.75, -15],
							"size": [10, 4, 4],
							"uv": {
								"north": {"uv": [4, 51], "uv_size": [10, 4]},
								"east": {"uv": [0, 51], "uv_size": [4, 4]},
								"south": {"uv": [18, 51], "uv_size": [10, 4]},
								"west": {"uv": [14, 51], "uv_size": [4, 4]},
								"up": {"uv": [4, 47], "uv_size": [10, 4]},
								"down": {"uv": [14, 51], "uv_size": [10, -4]}
							}
						},
						{
							"origin": [-4, 9.13157, -11.74936],
							"size": [8, 5, 4.5],
							"pivot": [0, 0, 0],
							"rotation": [30, 0, 0],
							"uv": {
								"north": {"uv": [32, 51], "uv_size": [8, 5]},
								"east": {"uv": [28, 51], "uv_size": [4, 5]},
								"south": {"uv": [44, 51], "uv_size": [8, 5]},
								"west": {"uv": [40, 51], "uv_size": [4, 5]},
								"up": {"uv": [32, 47], "uv_size": [8, 4]},
								"down": {"uv": [40, 51], "uv_size": [8, -4]}
							}
						},
						{
							"origin": [-3.5, 10.44561, -14.74831],
							"size": [7, 4, 4],
							"pivot": [0, 0, 0],
							"rotation": [15, 0, 0],
							"uv": {
								"north": {"uv": [58, 51], "uv_size": [7, 4]},
								"east": {"uv": [54, 51], "uv_size": [4, 4]},
								"south": {"uv": [69, 51], "uv_size": [7, 4]},
								"west": {"uv": [65, 51], "uv_size": [4, 4]},
								"up": {"uv": [58, 47], "uv_size": [7, 4]},
								"down": {"uv": [65, 51], "uv_size": [7, -4]}
							}
						},
						{
							"origin": [-3, 6.5423, -19.15121],
							"size": [6, 4, 3.25],
							"pivot": [0, 0, 0],
							"rotation": [-10, 0, 0],
							"uv": {
								"north": {"uv": [53, 61], "uv_size": [6, 4]},
								"east": {"uv": [50, 61], "uv_size": [3, 4]},
								"south": {"uv": [62, 61], "uv_size": [6, 4]},
								"west": {"uv": [59, 61], "uv_size": [3, 4]},
								"up": {"uv": [53, 58], "uv_size": [6, 3]},
								"down": {"uv": [59, 61], "uv_size": [6, -3]}
							}
						},
						{
							"origin": [-2.5, 14.08915, -15.53447],
							"size": [5, 3, 2.75],
							"pivot": [0, 0, 0],
							"rotation": [5, 0, 0],
							"uv": {
								"north": {"uv": [23, 2], "uv_size": [5, 3]},
								"east": {"uv": [21, 2], "uv_size": [2, 3]},
								"south": {"uv": [30, 2], "uv_size": [5, 3]},
								"west": {"uv": [28, 2], "uv_size": [2, 3]},
								"up": {"uv": [23, 0], "uv_size": [5, 2]},
								"down": {"uv": [28, 2], "uv_size": [5, -2]}
							}
						},
						{
							"origin": [-2.75, 17.81293, -14.14388],
							"size": [5.5, 4, 4],
							"pivot": [0, 0, 0],
							"rotation": [12.5, 0, 0],
							"uv": {
								"north": {"uv": [36, 62], "uv_size": [5, 4]},
								"east": {"uv": [32, 62], "uv_size": [4, 4]},
								"south": {"uv": [45, 62], "uv_size": [5, 4]},
								"west": {"uv": [41, 62], "uv_size": [4, 4]},
								"up": {"uv": [36, 58], "uv_size": [5, 4]},
								"down": {"uv": [41, 62], "uv_size": [5, -4]}
							}
						},
						{
							"origin": [-1.75, 17.81293, -16.89388],
							"size": [3.5, 2, 2.75],
							"pivot": [0, 0, 0],
							"rotation": [12.5, 0, 0],
							"uv": {
								"north": {"uv": [2, 8], "uv_size": [3, 2]},
								"east": {"uv": [0, 8], "uv_size": [2, 2]},
								"south": {"uv": [7, 8], "uv_size": [3, 2]},
								"west": {"uv": [5, 8], "uv_size": [2, 2]},
								"up": {"uv": [2, 6], "uv_size": [3, 2]},
								"down": {"uv": [5, 8], "uv_size": [3, -2]}
							}
						},
						{
							"origin": [-1.5, 22.94519, -4.04105],
							"size": [3, 2, 3],
							"pivot": [0, 0, 0],
							"rotation": [42.5, 0, 0],
							"uv": {
								"north": {"uv": [3, 35], "uv_size": [3, 2]},
								"east": {"uv": [0, 35], "uv_size": [3, 2]},
								"south": {"uv": [9, 35], "uv_size": [3, 2]},
								"west": {"uv": [6, 35], "uv_size": [3, 2]},
								"up": {"uv": [3, 32], "uv_size": [3, 3]},
								"down": {"uv": [6, 35], "uv_size": [3, -3]}
							}
						}
					]
				}
			]
		}
	]
}