{
	"format_version": "1.12.0",
	"minecraft:geometry": [
		{
			"description": {
				"identifier": "geometry.couch_2_b",
				"texture_width": 128,
				"texture_height": 128,
				"visible_bounds_width": 4,
				"visible_bounds_height": 2.5,
				"visible_bounds_offset": [0, 0.75, 0]
			},
			"bones": [
				{
					"name": "bone",
					"pivot": [0, 0, 0],
					"cubes": [
						{
							"origin": [-8, 1, -8],
							"size": [16, 4, 16],
							"uv": {
								"north": {"uv": [16, 16], "uv_size": [16, 4]},
								"east": {"uv": [0, 16], "uv_size": [16, 4]},
								"south": {"uv": [48, 16], "uv_size": [16, 4]},
								"west": {"uv": [32, 16], "uv_size": [16, 4]},
								"up": {"uv": [16, 0], "uv_size": [16, 16]},
								"down": {"uv": [32, 16], "uv_size": [16, -16]}
							}
						},
						{
							"origin": [-8, 5, 6],
							"size": [16, 11, 2],
							"uv": {
								"north": {"uv": [2, 22], "uv_size": [16, 11]},
								"east": {"uv": [0, 22], "uv_size": [2, 11]},
								"south": {"uv": [20, 22], "uv_size": [16, 11]},
								"west": {"uv": [18, 22], "uv_size": [2, 11]},
								"up": {"uv": [2, 20], "uv_size": [16, 2]},
								"down": {"uv": [18, 22], "uv_size": [16, -2]}
							}
						},
						{
							"origin": [-7.25, 5.5, 3],
							"size": [14.5, 11, 2],
							"pivot": [0, 0, 0],
							"rotation": [-10, 0, 0],
							"uv": {
								"north": {"uv": [30, 79], "uv_size": [14, 11]},
								"east": {"uv": [28, 79], "uv_size": [2, 11]},
								"south": {"uv": [46, 79], "uv_size": [14, 11]},
								"west": {"uv": [44, 79], "uv_size": [2, 11]},
								"up": {"uv": [30, 77], "uv_size": [14, 2]},
								"down": {"uv": [44, 79], "uv_size": [14, -2]}
							}
						},
						{
							"origin": [-7.25, 4.5, -7.5],
							"size": [14.5, 1, 12.5],
							"uv": {
								"north": {"uv": [12, 58], "uv_size": [14, 1]},
								"east": {"uv": [0, 58], "uv_size": [12, 1]},
								"south": {"uv": [38, 58], "uv_size": [14, 1]},
								"west": {"uv": [26, 58], "uv_size": [12, 1]},
								"up": {"uv": [12, 46], "uv_size": [14, 12]},
								"down": {"uv": [26, 58], "uv_size": [14, -12]}
							}
						}
					]
				}
			]
		}
	]
}