{
	"format_version": "1.12.0",
	"minecraft:geometry": [
		{
			"description": {
				"identifier": "geometry.couch_2_c",
				"texture_width": 128,
				"texture_height": 128,
				"visible_bounds_width": 6,
				"visible_bounds_height": 2.5,
				"visible_bounds_offset": [0, 0.75, 0]
			},
			"bones": [
				{
					"name": "bone",
					"pivot": [-16, 0, 0],
					"cubes": [
						{
							"origin": [-8, 1, -8],
							"size": [16, 4, 16],
							"uv": {
								"north": {"uv": [16, 16], "uv_size": [16, 4]},
								"east": {"uv": [0, 16], "uv_size": [16, 4]},
								"south": {"uv": [48, 16], "uv_size": [16, 4]},
								"west": {"uv": [32, 16], "uv_size": [16, 4]},
								"up": {"uv": [16, 0], "uv_size": [16, 16]},
								"down": {"uv": [32, 16], "uv_size": [16, -16]}
							}
						},
						{
							"origin": [5, 0, -7],
							"size": [2, 1, 2],
							"uv": {
								"north": {"uv": [2, 5], "uv_size": [2, 1]},
								"east": {"uv": [0, 5], "uv_size": [2, 1]},
								"south": {"uv": [6, 5], "uv_size": [2, 1]},
								"west": {"uv": [4, 5], "uv_size": [2, 1]},
								"up": {"uv": [2, 3], "uv_size": [2, 2]},
								"down": {"uv": [4, 5], "uv_size": [2, -2]}
							}
						},
						{
							"origin": [5, 0, 5],
							"size": [2, 1, 2],
							"uv": {
								"north": {"uv": [2, 2], "uv_size": [2, 1]},
								"east": {"uv": [0, 2], "uv_size": [2, 1]},
								"south": {"uv": [6, 2], "uv_size": [2, 1]},
								"west": {"uv": [4, 2], "uv_size": [2, 1]},
								"up": {"uv": [2, 0], "uv_size": [2, 2]},
								"down": {"uv": [4, 2], "uv_size": [2, -2]}
							}
						},
						{
							"origin": [-8, 5, 6],
							"size": [16, 11, 2],
							"uv": {
								"north": {"uv": [2, 22], "uv_size": [16, 11]},
								"east": {"uv": [0, 22], "uv_size": [2, 11]},
								"south": {"uv": [20, 22], "uv_size": [16, 11]},
								"west": {"uv": [18, 22], "uv_size": [2, 11]},
								"up": {"uv": [2, 20], "uv_size": [16, 2]},
								"down": {"uv": [18, 22], "uv_size": [16, -2]}
							}
						},
						{
							"origin": [5.5, 8.5, -7.5],
							"size": [2.75, 1, 13.5],
							"uv": {
								"north": {"uv": [86, 60], "uv_size": [2, 1]},
								"east": {"uv": [73, 60], "uv_size": [13, 1]},
								"south": {"uv": [101, 60], "uv_size": [2, 1]},
								"west": {"uv": [88, 60], "uv_size": [13, 1]},
								"up": {"uv": [86, 47], "uv_size": [2, 13]},
								"down": {"uv": [88, 60], "uv_size": [2, -13]}
							}
						},
						{
							"origin": [3.74308, 5.97163, -7.25],
							"size": [1.25, 4.25, 13.25],
							"pivot": [0, 0, 0],
							"rotation": [0, 0, 10],
							"uv": {
								"north": {"uv": [81, 77], "uv_size": [1, 4]},
								"east": {"uv": [68, 77], "uv_size": [13, 4]},
								"south": {"uv": [95, 77], "uv_size": [1, 4]},
								"west": {"uv": [82, 77], "uv_size": [13, 4]},
								"up": {"uv": [81, 64], "uv_size": [1, 13]},
								"down": {"uv": [82, 77], "uv_size": [1, -13]}
							}
						},
						{
							"origin": [6, 5, -7],
							"size": [2, 4, 13],
							"uv": {
								"north": {"uv": [34, 72], "uv_size": [2, 4]},
								"east": {"uv": [21, 72], "uv_size": [13, 4]},
								"south": {"uv": [49, 72], "uv_size": [2, 4]},
								"west": {"uv": [36, 72], "uv_size": [13, 4]},
								"up": {"uv": [34, 59], "uv_size": [2, 13]},
								"down": {"uv": [36, 72], "uv_size": [2, -13]}
							}
						},
						{
							"origin": [-8.25, 5.5, 3],
							"size": [15.75, 11, 2],
							"pivot": [0, 0, 0],
							"rotation": [-10, 0, 0],
							"uv": {
								"north": {"uv": [54, 49], "uv_size": [15, 11]},
								"east": {"uv": [52, 49], "uv_size": [2, 11]},
								"south": {"uv": [71, 49], "uv_size": [15, 11]},
								"west": {"uv": [69, 49], "uv_size": [2, 11]},
								"up": {"uv": [54, 47], "uv_size": [15, 2]},
								"down": {"uv": [69, 49], "uv_size": [15, -2]}
							}
						},
						{
							"origin": [-8.25, 4.5, -7.5],
							"size": [14.5, 1, 12.5],
							"uv": {
								"north": {"uv": [52, 46], "uv_size": [14, 1]},
								"east": {"uv": [40, 46], "uv_size": [12, 1]},
								"south": {"uv": [78, 46], "uv_size": [14, 1]},
								"west": {"uv": [66, 46], "uv_size": [12, 1]},
								"up": {"uv": [52, 34], "uv_size": [14, 12]},
								"down": {"uv": [66, 46], "uv_size": [14, -12]}
							}
						}
					]
				}
			]
		}
	]
}