{
	"format_version": "1.12.0",
	"minecraft:geometry": [
		{
			"description": {
				"identifier": "geometry.couch_2_a",
				"texture_width": 128,
				"texture_height": 128,
				"visible_bounds_width": 3,
				"visible_bounds_height": 2.5,
				"visible_bounds_offset": [0, 0.75, 0]
			},
			"bones": [
				{
					"name": "bone",
					"pivot": [16, 0, 0],
					"cubes": [
						{
							"origin": [-8, 1, -8],
							"size": [16, 4, 16],
							"uv": {
								"north": {"uv": [16, 16], "uv_size": [16, 4]},
								"east": {"uv": [0, 16], "uv_size": [16, 4]},
								"south": {"uv": [48, 16], "uv_size": [16, 4]},
								"west": {"uv": [32, 16], "uv_size": [16, 4]},
								"up": {"uv": [16, 0], "uv_size": [16, 16]},
								"down": {"uv": [32, 16], "uv_size": [16, -16]}
							}
						},
						{
							"origin": [-7, 0, -7],
							"size": [2, 1, 2],
							"uv": {
								"north": {"uv": [8, 3], "uv_size": [2, 1]},
								"east": {"uv": [6, 3], "uv_size": [2, 1]},
								"south": {"uv": [12, 3], "uv_size": [2, 1]},
								"west": {"uv": [10, 3], "uv_size": [2, 1]},
								"up": {"uv": [8, 1], "uv_size": [2, 2]},
								"down": {"uv": [10, 3], "uv_size": [2, -2]}
							}
						},
						{
							"origin": [-7, 0, 5],
							"size": [2, 1, 2],
							"uv": {
								"north": {"uv": [2, 8], "uv_size": [2, 1]},
								"east": {"uv": [0, 8], "uv_size": [2, 1]},
								"south": {"uv": [6, 8], "uv_size": [2, 1]},
								"west": {"uv": [4, 8], "uv_size": [2, 1]},
								"up": {"uv": [2, 6], "uv_size": [2, 2]},
								"down": {"uv": [4, 8], "uv_size": [2, -2]}
							}
						},
						{
							"origin": [-8, 5, 6],
							"size": [16, 11, 2],
							"uv": {
								"north": {"uv": [2, 22], "uv_size": [16, 11]},
								"east": {"uv": [0, 22], "uv_size": [2, 11]},
								"south": {"uv": [20, 22], "uv_size": [16, 11]},
								"west": {"uv": [18, 22], "uv_size": [2, 11]},
								"up": {"uv": [2, 20], "uv_size": [16, 2]},
								"down": {"uv": [18, 22], "uv_size": [16, -2]}
							}
						},
						{
							"origin": [-8, 5, -7],
							"size": [2, 4, 13],
							"uv": {
								"north": {"uv": [64, 73], "uv_size": [2, 4]},
								"east": {"uv": [51, 73], "uv_size": [13, 4]},
								"south": {"uv": [79, 73], "uv_size": [2, 4]},
								"west": {"uv": [66, 73], "uv_size": [13, 4]},
								"up": {"uv": [64, 60], "uv_size": [2, 13]},
								"down": {"uv": [66, 73], "uv_size": [2, -13]}
							}
						},
						{
							"origin": [-8.25, 8.5, -7.5],
							"size": [2.75, 1, 13.5],
							"uv": {
								"north": {"uv": [60, 90], "uv_size": [2, 1]},
								"east": {"uv": [47, 90], "uv_size": [13, 1]},
								"south": {"uv": [75, 90], "uv_size": [2, 1]},
								"west": {"uv": [62, 90], "uv_size": [13, 1]},
								"up": {"uv": [60, 77], "uv_size": [2, 13]},
								"down": {"uv": [62, 90], "uv_size": [2, -13]}
							}
						},
						{
							"origin": [-4.99308, 5.97163, -7.25],
							"size": [1.25, 4.25, 13.25],
							"pivot": [0, 0, 0],
							"rotation": [0, 0, -10],
							"uv": {
								"north": {"uv": [13, 85], "uv_size": [1, 4]},
								"east": {"uv": [0, 85], "uv_size": [13, 4]},
								"south": {"uv": [27, 85], "uv_size": [1, 4]},
								"west": {"uv": [14, 85], "uv_size": [13, 4]},
								"up": {"uv": [13, 72], "uv_size": [1, 13]},
								"down": {"uv": [14, 85], "uv_size": [1, -13]}
							}
						},
						{
							"origin": [-7.5, 5.5, 3],
							"size": [15.75, 11, 2],
							"pivot": [0, 0, 0],
							"rotation": [-10, 0, 0],
							"uv": {
								"north": {"uv": [2, 61], "uv_size": [15, 11]},
								"east": {"uv": [0, 61], "uv_size": [2, 11]},
								"south": {"uv": [19, 61], "uv_size": [15, 11]},
								"west": {"uv": [17, 61], "uv_size": [2, 11]},
								"up": {"uv": [2, 59], "uv_size": [15, 2]},
								"down": {"uv": [17, 61], "uv_size": [15, -2]}
							}
						},
						{
							"origin": [-6.25, 4.5, -7.5],
							"size": [14.5, 1, 12.5],
							"uv": {
								"north": {"uv": [12, 45], "uv_size": [14, 1]},
								"east": {"uv": [0, 45], "uv_size": [12, 1]},
								"south": {"uv": [38, 45], "uv_size": [14, 1]},
								"west": {"uv": [26, 45], "uv_size": [12, 1]},
								"up": {"uv": [12, 33], "uv_size": [14, 12]},
								"down": {"uv": [26, 45], "uv_size": [14, -12]}
							}
						}
					]
				}
			]
		}
	]
}