{
	"format_version": "1.12.0",
	"minecraft:geometry": [
		{
			"description": {
				"identifier": "geometry.alarm_clock_0",
				"texture_width": 16,
				"texture_height": 16,
				"visible_bounds_width": 2,
				"visible_bounds_height": 1.5,
				"visible_bounds_offset": [0, 0.25, 0]
			},
			"bones": [
				{
					"name": "bone",
					"pivot": [0, 0.25, 0],
					"rotation": [-10, 0, 0],
					"cubes": [
						{
							"origin": [-1.5, 0.25, 0],
							"size": [3, 0.5, 1.5],
							"uv": {
								"north": {"uv": [10, 4], "uv_size": [3, 0.5]},
								"east": {"uv": [9, 11], "uv_size": [1.5, 0.5]},
								"south": {"uv": [10, 10], "uv_size": [3, 0.5]},
								"west": {"uv": [11, 9], "uv_size": [1.5, 0.5]},
								"up": {"uv": [2, 7], "uv_size": [3, 1.5]},
								"down": {"uv": [7, 4.5], "uv_size": [3, -1.5]}
							}
						},
						{
							"origin": [-1.5, 0.75, 0.5],
							"size": [3, 2.75, 1],
							"uv": {
								"north": {"uv": [0, 0], "uv_size": [3, 2.75]},
								"east": {"uv": [7, 8], "uv_size": [1, 2.75]},
								"south": {"uv": [0, 3], "uv_size": [3, 2.75]},
								"west": {"uv": [8, 8], "uv_size": [1, 2.75]},
								"up": {"uv": [7, 7], "uv_size": [3, 1]},
								"down": {"uv": [8, 1], "uv_size": [3, -1]}
							}
						},
						{
							"origin": [-1, 1.25, 1.5],
							"size": [2, 1.75, 0.25],
							"uv": {
								"north": {"uv": [5, 7], "uv_size": [2, 1.75]},
								"east": {"uv": [2, 12], "uv_size": [0.25, 1.75]},
								"south": {"uv": [7, 5], "uv_size": [2, 1.75]},
								"west": {"uv": [12, 2], "uv_size": [0.25, 1.75]},
								"up": {"uv": [11, 11], "uv_size": [2, 0.25]},
								"down": {"uv": [0, 12.25], "uv_size": [2, -0.25]}
							}
						},
						{
							"origin": [1.5, 0.65, 0],
							"size": [0.5, 3, 1.5],
							"uv": {
								"north": {"uv": [6, 9], "uv_size": [0.5, 3]},
								"east": {"uv": [3, 4], "uv_size": [1.5, 3]},
								"south": {"uv": [9, 8], "uv_size": [0.5, 3]},
								"west": {"uv": [5, 4], "uv_size": [1.5, 3]},
								"up": {"uv": [11, 2], "uv_size": [0.5, 1.5]},
								"down": {"uv": [3, 12.5], "uv_size": [0.5, -1.5]}
							}
						},
						{
							"origin": [-2, 0.65, 0],
							"size": [0.5, 3, 1.5],
							"uv": {
								"north": {"uv": [10, 1], "uv_size": [0.5, 3]},
								"east": {"uv": [0, 6], "uv_size": [1.5, 3]},
								"south": {"uv": [10, 7], "uv_size": [0.5, 3]},
								"west": {"uv": [6, 0], "uv_size": [1.5, 3]},
								"up": {"uv": [4, 11], "uv_size": [0.5, 1.5]},
								"down": {"uv": [5, 12.5], "uv_size": [0.5, -1.5]}
							}
						},
						{
							"origin": [-1.5, 3.5, 0],
							"size": [3, 0.5, 1.5],
							"uv": {
								"north": {"uv": [9, 5], "uv_size": [3, 0.5]},
								"east": {"uv": [1, 11], "uv_size": [1.5, 0.5]},
								"south": {"uv": [9, 6], "uv_size": [3, 0.5]},
								"west": {"uv": [11, 1], "uv_size": [1.5, 0.5]},
								"up": {"uv": [3, 0], "uv_size": [3, 1.5]},
								"down": {"uv": [3, 3.5], "uv_size": [3, -1.5]}
							}
						},
						{
							"origin": [-0.15, 3.5, 0.5],
							"size": [0.3, 0.75, 0.25],
							"uv": {
								"north": {"uv": [15, 1], "uv_size": [0.25, 0.75]},
								"east": {"uv": [2, 15], "uv_size": [0.25, 0.75]},
								"south": {"uv": [15, 2], "uv_size": [0.25, 0.75]},
								"west": {"uv": [3, 15], "uv_size": [0.25, 0.75]},
								"up": {"uv": [15, 5], "uv_size": [0.25, 0.25]},
								"down": {"uv": [6, 15.25], "uv_size": [0.25, -0.25]}
							}
						},
						{
							"origin": [-0.86152, 4.37136, 0.1],
							"size": [1.3, 0.25, 1.25],
							"pivot": [0, 0, 0],
							"rotation": [0, 0, 17.5],
							"uv": {
								"north": {"uv": [9, 12], "uv_size": [1.25, 0.25]},
								"east": {"uv": [11, 12], "uv_size": [1.25, 0.25]},
								"south": {"uv": [0, 13], "uv_size": [1.25, 0.25]},
								"west": {"uv": [13, 0], "uv_size": [1.25, 0.25]},
								"up": {"uv": [8, 1], "uv_size": [1.25, 1.25]},
								"down": {"uv": [0, 10.25], "uv_size": [1.25, -1.25]}
							}
						},
						{
							"origin": [-0.43848, 4.37136, 0.1],
							"size": [1.3, 0.25, 1.25],
							"pivot": [0, 0, 0],
							"rotation": [0, 0, -17.5],
							"uv": {
								"north": {"uv": [13, 1], "uv_size": [1.25, 0.25]},
								"east": {"uv": [13, 2], "uv_size": [1.25, 0.25]},
								"south": {"uv": [3, 13], "uv_size": [1.25, 0.25]},
								"west": {"uv": [13, 3], "uv_size": [1.25, 0.25]},
								"up": {"uv": [2, 9], "uv_size": [1.25, 1.25]},
								"down": {"uv": [4, 10.25], "uv_size": [1.25, -1.25]}
							}
						},
						{
							"origin": [-0.66152, 4.77136, 0.3],
							"size": [0.9, 0.15, 0.85],
							"pivot": [0, 0, 0],
							"rotation": [0, 0, 17.5],
							"uv": {
								"north": {"uv": [13, 11], "uv_size": [1, 0.25]},
								"east": {"uv": [15, 3], "uv_size": [0.75, 0.25]},
								"south": {"uv": [12, 13], "uv_size": [1, 0.25]},
								"west": {"uv": [4, 15], "uv_size": [0.75, 0.25]},
								"up": {"uv": [7, 11], "uv_size": [1, 0.75]},
								"down": {"uv": [11, 7.75], "uv_size": [1, -0.75]}
							}
						},
						{
							"origin": [-0.23848, 4.77136, 0.3],
							"size": [0.9, 0.15, 0.85],
							"pivot": [0, 0, 0],
							"rotation": [0, 0, -17.5],
							"uv": {
								"north": {"uv": [7, 14], "uv_size": [1, 0.25]},
								"east": {"uv": [15, 4], "uv_size": [0.75, 0.25]},
								"south": {"uv": [14, 7], "uv_size": [1, 0.25]},
								"west": {"uv": [5, 15], "uv_size": [0.75, 0.25]},
								"up": {"uv": [8, 11], "uv_size": [1, 0.75]},
								"down": {"uv": [11, 8.75], "uv_size": [1, -0.75]}
							}
						},
						{
							"origin": [-0.76152, 4.62136, 0.2],
							"size": [1.1, 0.15, 1.05],
							"pivot": [0, 0, 0],
							"rotation": [0, 0, 17.5],
							"uv": {
								"north": {"uv": [13, 12], "uv_size": [1, 0.25]},
								"east": {"uv": [13, 13], "uv_size": [1, 0.25]},
								"south": {"uv": [0, 14], "uv_size": [1, 0.25]},
								"west": {"uv": [1, 14], "uv_size": [1, 0.25]},
								"up": {"uv": [2, 6], "uv_size": [1, 1]},
								"down": {"uv": [6, 4], "uv_size": [1, -1]}
							}
						},
						{
							"origin": [-0.33848, 4.62136, 0.2],
							"size": [1.1, 0.15, 1.05],
							"pivot": [0, 0, 0],
							"rotation": [0, 0, -17.5],
							"uv": {
								"north": {"uv": [4, 14], "uv_size": [1, 0.25]},
								"east": {"uv": [14, 4], "uv_size": [1, 0.25]},
								"south": {"uv": [14, 5], "uv_size": [1, 0.25]},
								"west": {"uv": [14, 6], "uv_size": [1, 0.25]},
								"up": {"uv": [0, 11], "uv_size": [1, 1]},
								"down": {"uv": [11, 1], "uv_size": [1, -1]}
							}
						},
						{
							"origin": [-0.46152, 3.87136, 0.5],
							"size": [0.5, 0.75, 0.45],
							"pivot": [0, 0, 0],
							"rotation": [0, 0, 17.5],
							"uv": {
								"north": {"uv": [12, 0], "uv_size": [0.5, 0.75]},
								"east": {"uv": [12, 5], "uv_size": [0.5, 0.75]},
								"south": {"uv": [6, 12], "uv_size": [0.5, 0.75]},
								"west": {"uv": [12, 6], "uv_size": [0.5, 0.75]},
								"up": {"uv": [13, 10], "uv_size": [0.5, 0.5]},
								"down": {"uv": [11, 13.5], "uv_size": [0.5, -0.5]}
							}
						},
						{
							"origin": [-1.71152, -0.37864, 0.25],
							"size": [0.5, 0.6, 0.45],
							"pivot": [0, 0, 0],
							"rotation": [0, 0, 17.5],
							"uv": {
								"north": {"uv": [10, 14], "uv_size": [0.5, 0.5]},
								"east": {"uv": [14, 10], "uv_size": [0.5, 0.5]},
								"south": {"uv": [11, 14], "uv_size": [0.5, 0.5]},
								"west": {"uv": [14, 11], "uv_size": [0.5, 0.5]},
								"up": {"uv": [12, 14], "uv_size": [0.5, 0.5]},
								"down": {"uv": [14, 12.5], "uv_size": [0.5, -0.5]}
							}
						},
						{
							"origin": [1.21152, -0.37864, 0.25],
							"size": [0.5, 0.6, 0.45],
							"pivot": [0, 0, 0],
							"rotation": [0, 0, -17.5],
							"uv": {
								"north": {"uv": [13, 14], "uv_size": [0.5, 0.5]},
								"east": {"uv": [14, 13], "uv_size": [0.5, 0.5]},
								"south": {"uv": [14, 14], "uv_size": [0.5, 0.5]},
								"west": {"uv": [0, 15], "uv_size": [0.5, 0.5]},
								"up": {"uv": [15, 0], "uv_size": [0.5, 0.5]},
								"down": {"uv": [1, 15.5], "uv_size": [0.5, -0.5]}
							}
						},
						{
							"origin": [-0.2, 1.9, 0.25],
							"size": [0.4, 0.4, 0.5],
							"uv": {
								"north": {"uv": [7, 13], "uv_size": [0.5, 0.5]},
								"east": {"uv": [8, 13], "uv_size": [0.5, 0.5]},
								"south": {"uv": [13, 8], "uv_size": [0.5, 0.5]},
								"west": {"uv": [9, 13], "uv_size": [0.5, 0.5]},
								"up": {"uv": [13, 9], "uv_size": [0.5, 0.5]},
								"down": {"uv": [10, 13.5], "uv_size": [0.5, -0.5]}
							}
						},
						{
							"origin": [-0.03848, 3.87136, 0.5],
							"size": [0.5, 0.75, 0.45],
							"pivot": [0, 0, 0],
							"rotation": [0, 0, -17.5],
							"uv": {
								"north": {"uv": [7, 12], "uv_size": [0.5, 0.75]},
								"east": {"uv": [12, 7], "uv_size": [0.5, 0.75]},
								"south": {"uv": [8, 12], "uv_size": [0.5, 0.75]},
								"west": {"uv": [12, 8], "uv_size": [0.5, 0.75]},
								"up": {"uv": [2, 14], "uv_size": [0.5, 0.5]},
								"down": {"uv": [3, 14.5], "uv_size": [0.5, -0.5]}
							}
						}
					]
				},
				{
					"name": "bone2",
					"parent": "bone",
					"pivot": [0, 2.075, 0.43333]
				},
				{
					"name": "bone4",
					"parent": "bone2",
					"pivot": [0, 2.075, 0.43333],
					"rotation": [0, 0, -40],
					"cubes": [
						{
							"origin": [-0.1, 2.15, 0.35],
							"size": [0.2, 1.15, 0.1],
							"uv": {
								"north": {"uv": [13, 4], "uv_size": [0.25, 1.25]},
								"east": {"uv": [5, 13], "uv_size": [0.25, 1.25]},
								"south": {"uv": [6, 13], "uv_size": [0.25, 1.25]},
								"west": {"uv": [13, 6], "uv_size": [0.25, 1.25]},
								"up": {"uv": [15, 6], "uv_size": [0.25, 0.25]},
								"down": {"uv": [7, 15.25], "uv_size": [0.25, -0.25]}
							}
						}
					]
				},
				{
					"name": "bone3",
					"parent": "bone2",
					"pivot": [0, 2.075, 0.43333],
					"rotation": [0, 0, 12.5],
					"cubes": [
						{
							"origin": [-1.44985, 1.50869, 0.35],
							"size": [0.2, 0.9, 0.1],
							"pivot": [0, 0, 0],
							"rotation": [0, 0, 40],
							"uv": {
								"north": {"uv": [8, 14], "uv_size": [0.25, 1]},
								"east": {"uv": [14, 8], "uv_size": [0.25, 1]},
								"south": {"uv": [9, 14], "uv_size": [0.25, 1]},
								"west": {"uv": [14, 9], "uv_size": [0.25, 1]},
								"up": {"uv": [15, 7], "uv_size": [0.25, 0.25]},
								"down": {"uv": [8, 15.25], "uv_size": [0.25, -0.25]}
							}
						}
					]
				}
			]
		}
	]
}