{
	"format_version": "1.12.0",
	"minecraft:geometry": [
		{
			"description": {
				"identifier": "geometry.beach_bubket_0",
				"texture_width": 32,
				"texture_height": 32,
				"visible_bounds_width": 2,
				"visible_bounds_height": 1.5,
				"visible_bounds_offset": [0, 0.25, 0]
			},
			"bones": [
				{
					"name": "root",
					"pivot": [0, 0, 0]
				},
				{
					"name": "bone",
					"parent": "root",
					"pivot": [3, 0, 3],
					"cubes": [
						{
							"origin": [0, 0, 0],
							"size": [6, 1, 6],
							"uv": {
								"north": {"uv": [20.1, 13.1], "uv_size": [5.8, 0.8]},
								"east": {"uv": [17.1, 20.1], "uv_size": [5.8, 0.8]},
								"south": {"uv": [10.1, 21.1], "uv_size": [5.8, 0.8]},
								"west": {"uv": [16.1, 21.1], "uv_size": [5.8, 0.8]},
								"up": {"uv": [0.1, 0.1], "uv_size": [5.8, 5.8]},
								"down": {"uv": [0.1, 11.9], "uv_size": [5.8, -5.8]}
							}
						},
						{
							"origin": [5.5, 7, -0.25],
							"size": [1.5, 1, 6.5],
							"uv": {
								"north": {"uv": [28.1, 24.1], "uv_size": [1.8, 0.8]},
								"east": {"uv": [20.1, 6.1], "uv_size": [6.8, 0.8]},
								"south": {"uv": [25.1, 28.1], "uv_size": [1.8, 0.8]},
								"west": {"uv": [20.1, 7.1], "uv_size": [6.8, 0.8]},
								"up": {"uv": [18.1, 0.1], "uv_size": [1.8, 6.8]},
								"down": {"uv": [6.1, 24.9], "uv_size": [1.8, -6.8]}
							}
						},
						{
							"origin": [-1, 7, -0.25],
							"size": [1.5, 1, 6.5],
							"uv": {
								"north": {"uv": [27.1, 28.1], "uv_size": [1.8, 0.8]},
								"east": {"uv": [20.1, 8.1], "uv_size": [6.8, 0.8]},
								"south": {"uv": [28.1, 27.1], "uv_size": [1.8, 0.8]},
								"west": {"uv": [20.1, 9.1], "uv_size": [6.8, 0.8]},
								"up": {"uv": [18.1, 7.1], "uv_size": [1.8, 6.8]},
								"down": {"uv": [8.1, 24.9], "uv_size": [1.8, -6.8]}
							}
						},
						{
							"origin": [-0.5, 1, 0],
							"size": [1, 6, 6],
							"uv": {
								"north": {"uv": [10.1, 23.1], "uv_size": [0.8, 5.8]},
								"east": {"uv": [0.1, 12.1], "uv_size": [5.8, 5.8]},
								"south": {"uv": [11.1, 23.1], "uv_size": [0.8, 5.8]},
								"west": {"uv": [12.1, 0.1], "uv_size": [5.8, 5.8]},
								"up": {"uv": [12.1, 23.1], "uv_size": [0.8, 5.8]},
								"down": {"uv": [13.1, 28.9], "uv_size": [0.8, -5.8]}
							}
						},
						{
							"origin": [5.5, 1, 0],
							"size": [1, 6, 6],
							"uv": {
								"north": {"uv": [23.1, 23.1], "uv_size": [0.8, 5.8]},
								"east": {"uv": [12.1, 12.1], "uv_size": [5.8, 5.8]},
								"south": {"uv": [0.1, 24.1], "uv_size": [0.8, 5.8]},
								"west": {"uv": [0.1, 18.1], "uv_size": [5.8, 5.8]},
								"up": {"uv": [24.1, 0.1], "uv_size": [0.8, 5.8]},
								"down": {"uv": [1.1, 29.9], "uv_size": [0.8, -5.8]}
							}
						},
						{
							"origin": [0, 7, 5.5],
							"size": [6.25, 1, 1.5],
							"uv": {
								"north": {"uv": [10.1, 22.1], "uv_size": [5.8, 0.8]},
								"east": {"uv": [17.1, 26.1], "uv_size": [1.8, 0.8]},
								"south": {"uv": [16.1, 22.1], "uv_size": [5.8, 0.8]},
								"west": {"uv": [17.1, 27.1], "uv_size": [1.8, 0.8]},
								"up": {"uv": [10.1, 18.1], "uv_size": [5.8, 1.8]},
								"down": {"uv": [18.1, 15.9], "uv_size": [5.8, -1.8]}
							}
						},
						{
							"origin": [0, 7, -1],
							"size": [6.25, 1, 1.5],
							"uv": {
								"north": {"uv": [23.1, 21.1], "uv_size": [5.8, 0.8]},
								"east": {"uv": [28.1, 25.1], "uv_size": [1.8, 0.8]},
								"south": {"uv": [23.1, 22.1], "uv_size": [5.8, 0.8]},
								"west": {"uv": [28.1, 26.1], "uv_size": [1.8, 0.8]},
								"up": {"uv": [16.1, 18.1], "uv_size": [5.8, 1.8]},
								"down": {"uv": [18.1, 17.9], "uv_size": [5.8, -1.8]}
							}
						},
						{
							"origin": [0, 1, 5.5],
							"size": [6, 6, 1],
							"uv": {
								"north": {"uv": [6.1, 12.1], "uv_size": [5.8, 5.8]},
								"east": {"uv": [14.1, 23.1], "uv_size": [0.8, 5.8]},
								"south": {"uv": [12.1, 6.1], "uv_size": [5.8, 5.8]},
								"west": {"uv": [15.1, 23.1], "uv_size": [0.8, 5.8]},
								"up": {"uv": [16.1, 23.1], "uv_size": [5.8, 0.8]},
								"down": {"uv": [23.1, 20.9], "uv_size": [5.8, -0.8]}
							}
						},
						{
							"origin": [0, 1, -0.5],
							"size": [6, 6, 1],
							"uv": {
								"north": {"uv": [6.1, 0.1], "uv_size": [5.8, 5.8]},
								"east": {"uv": [22.1, 21.1], "uv_size": [0.8, 5.8]},
								"south": {"uv": [6.1, 6.1], "uv_size": [5.8, 5.8]},
								"west": {"uv": [23.1, 0.1], "uv_size": [0.8, 5.8]},
								"up": {"uv": [22.1, 18.1], "uv_size": [5.8, 0.8]},
								"down": {"uv": [22.1, 19.9], "uv_size": [5.8, -0.8]}
							}
						},
						{
							"origin": [6.5, 3.69167, 0.63277],
							"size": [0.5, 0.5, 5.25],
							"pivot": [0, 0, 0],
							"rotation": [30, 0, 0],
							"uv": {
								"north": {"uv": [22.1, 27.1], "uv_size": [0.8, 0.8]},
								"east": {"uv": [16.1, 24.1], "uv_size": [4.8, 0.8]},
								"south": {"uv": [9.1, 28.1], "uv_size": [0.8, 0.8]},
								"west": {"uv": [24.1, 16.1], "uv_size": [4.8, 0.8]},
								"up": {"uv": [4.1, 24.1], "uv_size": [0.8, 4.8]},
								"down": {"uv": [5.1, 28.9], "uv_size": [0.8, -4.8]}
							}
						},
						{
							"origin": [-1, 3.69167, 0.63277],
							"size": [0.5, 0.5, 5.25],
							"pivot": [0, 0, 0],
							"rotation": [30, 0, 0],
							"uv": {
								"north": {"uv": [20.1, 28.1], "uv_size": [0.8, 0.8]},
								"east": {"uv": [24.1, 17.1], "uv_size": [4.8, 0.8]},
								"south": {"uv": [22.1, 28.1], "uv_size": [0.8, 0.8]},
								"west": {"uv": [24.1, 23.1], "uv_size": [4.8, 0.8]},
								"up": {"uv": [21.1, 24.1], "uv_size": [0.8, 4.8]},
								"down": {"uv": [24.1, 28.9], "uv_size": [0.8, -4.8]}
							}
						},
						{
							"origin": [1.5, 3.56667, 0.48277],
							"size": [3, 0.75, 0.75],
							"pivot": [0, 0, 0],
							"rotation": [30, 0, 0],
							"uv": {
								"north": {"uv": [25.1, 4.1], "uv_size": [2.8, 0.8]},
								"east": {"uv": [29.1, 0.1], "uv_size": [0.8, 0.8]},
								"south": {"uv": [25.1, 5.1], "uv_size": [2.8, 0.8]},
								"west": {"uv": [29.1, 1.1], "uv_size": [0.8, 0.8]},
								"up": {"uv": [6.1, 25.1], "uv_size": [2.8, 0.8]},
								"down": {"uv": [16.1, 25.9], "uv_size": [2.8, -0.8]}
							}
						},
						{
							"origin": [-0.5, 3.69167, 0.63277],
							"size": [7, 0.5, 0.5],
							"pivot": [0, 0, 0],
							"rotation": [30, 0, 0],
							"uv": {
								"north": {"uv": [10.1, 20.1], "uv_size": [6.8, 0.8]},
								"east": {"uv": [29.1, 2.1], "uv_size": [0.8, 0.8]},
								"south": {"uv": [20.1, 10.1], "uv_size": [6.8, 0.8]},
								"west": {"uv": [29.1, 3.1], "uv_size": [0.8, 0.8]},
								"up": {"uv": [20.1, 11.1], "uv_size": [6.8, 0.8]},
								"down": {"uv": [20.1, 12.9], "uv_size": [6.8, -0.8]}
							}
						}
					]
				},
				{
					"name": "bone2",
					"parent": "root",
					"pivot": [-2.25, 0.4, -1.725],
					"rotation": [0, -40, 0],
					"cubes": [
						{
							"origin": [-2.75, 0, -4],
							"size": [1, 1, 6],
							"uv": {
								"north": {"uv": [4.1, 29.1], "uv_size": [0.8, 0.8]},
								"east": {"uv": [24.1, 14.1], "uv_size": [5.8, 0.8]},
								"south": {"uv": [5.1, 29.1], "uv_size": [0.8, 0.8]},
								"west": {"uv": [24.1, 15.1], "uv_size": [5.8, 0.8]},
								"up": {"uv": [2.1, 24.1], "uv_size": [0.8, 5.8]},
								"down": {"uv": [3.1, 29.9], "uv_size": [0.8, -5.8]}
							}
						},
						{
							"origin": [-4, 0, -4.25],
							"size": [3.5, 1, 0.25],
							"uv": {
								"north": {"uv": [25.1, 0.1], "uv_size": [3.8, 0.8]},
								"east": {"uv": [6.1, 29.1], "uv_size": [0.8, 0.8]},
								"south": {"uv": [25.1, 1.1], "uv_size": [3.8, 0.8]},
								"west": {"uv": [7.1, 29.1], "uv_size": [0.8, 0.8]},
								"up": {"uv": [25.1, 2.1], "uv_size": [3.8, 0.8]},
								"down": {"uv": [25.1, 3.9], "uv_size": [3.8, -0.8]}
							}
						},
						{
							"origin": [-3.5, 0, 2],
							"size": [2.5, 1, 0.25],
							"uv": {
								"north": {"uv": [27.1, 12.1], "uv_size": [2.8, 0.8]},
								"east": {"uv": [29.1, 13.1], "uv_size": [0.8, 0.8]},
								"south": {"uv": [25.1, 27.1], "uv_size": [2.8, 0.8]},
								"west": {"uv": [14.1, 29.1], "uv_size": [0.8, 0.8]},
								"up": {"uv": [28.1, 4.1], "uv_size": [2.8, 0.8]},
								"down": {"uv": [28.1, 5.9], "uv_size": [2.8, -0.8]}
							}
						},
						{
							"origin": [-3.5, 0, 2.25],
							"size": [0.25, 1, 1.25],
							"uv": {
								"north": {"uv": [29.1, 16.1], "uv_size": [0.8, 0.8]},
								"east": {"uv": [17.1, 29.1], "uv_size": [0.8, 0.8]},
								"south": {"uv": [29.1, 17.1], "uv_size": [0.8, 0.8]},
								"west": {"uv": [18.1, 29.1], "uv_size": [0.8, 0.8]},
								"up": {"uv": [19.1, 29.1], "uv_size": [0.8, 0.8]},
								"down": {"uv": [20.1, 29.9], "uv_size": [0.8, -0.8]}
							}
						},
						{
							"origin": [-1.25, 0, 2.25],
							"size": [0.25, 1, 1.25],
							"uv": {
								"north": {"uv": [29.1, 20.1], "uv_size": [0.8, 0.8]},
								"east": {"uv": [21.1, 29.1], "uv_size": [0.8, 0.8]},
								"south": {"uv": [29.1, 21.1], "uv_size": [0.8, 0.8]},
								"west": {"uv": [22.1, 29.1], "uv_size": [0.8, 0.8]},
								"up": {"uv": [29.1, 22.1], "uv_size": [0.8, 0.8]},
								"down": {"uv": [23.1, 29.9], "uv_size": [0.8, -0.8]}
							}
						},
						{
							"origin": [-3.5, 0, 3.5],
							"size": [2.5, 1, 0.5],
							"uv": {
								"north": {"uv": [6.1, 28.1], "uv_size": [2.8, 0.8]},
								"east": {"uv": [15.1, 29.1], "uv_size": [0.8, 0.8]},
								"south": {"uv": [17.1, 28.1], "uv_size": [2.8, 0.8]},
								"west": {"uv": [16.1, 29.1], "uv_size": [0.8, 0.8]},
								"up": {"uv": [28.1, 18.1], "uv_size": [2.8, 0.8]},
								"down": {"uv": [28.1, 19.9], "uv_size": [2.8, -0.8]}
							}
						},
						{
							"origin": [-3.75, 0, -7],
							"size": [3, 0.25, 2.75],
							"uv": {
								"north": {"uv": [25.1, 26.1], "uv_size": [2.8, 0.8]},
								"east": {"uv": [6.1, 27.1], "uv_size": [2.8, 0.8]},
								"south": {"uv": [27.1, 6.1], "uv_size": [2.8, 0.8]},
								"west": {"uv": [27.1, 7.1], "uv_size": [2.8, 0.8]},
								"up": {"uv": [20.1, 0.1], "uv_size": [2.8, 2.8]},
								"down": {"uv": [20.1, 5.9], "uv_size": [2.8, -2.8]}
							}
						},
						{
							"origin": [-3.5, 0, -7.25],
							"size": [2.5, 0.25, 0.25],
							"uv": {
								"north": {"uv": [27.1, 8.1], "uv_size": [2.8, 0.8]},
								"east": {"uv": [12.1, 29.1], "uv_size": [0.8, 0.8]},
								"south": {"uv": [27.1, 9.1], "uv_size": [2.8, 0.8]},
								"west": {"uv": [13.1, 29.1], "uv_size": [0.8, 0.8]},
								"up": {"uv": [27.1, 10.1], "uv_size": [2.8, 0.8]},
								"down": {"uv": [27.1, 11.9], "uv_size": [2.8, -0.8]}
							}
						},
						{
							"origin": [-4, 0, -6.75],
							"size": [0.25, 0.75, 2.5],
							"uv": {
								"north": {"uv": [8.1, 29.1], "uv_size": [0.8, 0.8]},
								"east": {"uv": [25.1, 24.1], "uv_size": [2.8, 0.8]},
								"south": {"uv": [9.1, 29.1], "uv_size": [0.8, 0.8]},
								"west": {"uv": [25.1, 25.1], "uv_size": [2.8, 0.8]},
								"up": {"uv": [9.1, 25.1], "uv_size": [0.8, 2.8]},
								"down": {"uv": [19.1, 27.9], "uv_size": [0.8, -2.8]}
							}
						},
						{
							"origin": [-0.75, 0, -6.75],
							"size": [0.25, 0.75, 2.5],
							"uv": {
								"north": {"uv": [10.1, 29.1], "uv_size": [0.8, 0.8]},
								"east": {"uv": [6.1, 26.1], "uv_size": [2.8, 0.8]},
								"south": {"uv": [11.1, 29.1], "uv_size": [0.8, 0.8]},
								"west": {"uv": [26.1, 13.1], "uv_size": [2.8, 0.8]},
								"up": {"uv": [20.1, 25.1], "uv_size": [0.8, 2.8]},
								"down": {"uv": [16.1, 28.9], "uv_size": [0.8, -2.8]}
							}
						}
					]
				}
			]
		}
	]
}