{
	"format_version": "1.12.0",
	"minecraft:geometry": [
		{
			"description": {
				"identifier": "geometry.beach_umbrella_0",
				"texture_width": 128,
				"texture_height": 128,
				"visible_bounds_width": 6,
				"visible_bounds_height": 4.5,
				"visible_bounds_offset": [0, 1.75, 0]
			},
			"bones": [
				{
					"name": "bone",
					"pivot": [0, 0, 0],
					"cubes": [
						{
							"origin": [-1, 0, -1],
							"size": [2, 16, 2],
							"uv": {
								"north": {"uv": [92, 44], "uv_size": [2, 16]},
								"east": {"uv": [48, 92], "uv_size": [2, 16]},
								"south": {"uv": [50, 92], "uv_size": [2, 16]},
								"west": {"uv": [52, 92], "uv_size": [2, 16]},
								"up": {"uv": [68, 92], "uv_size": [2, 2]},
								"down": {"uv": [70, 94], "uv_size": [2, -2]}
							}
						},
						{
							"origin": [-0.75, 16, -0.75],
							"size": [1.5, 24, 1.5],
							"uv": {
								"north": {"uv": [88, 44], "uv_size": [2, 24]},
								"east": {"uv": [88, 68], "uv_size": [2, 24]},
								"south": {"uv": [90, 44], "uv_size": [2, 24]},
								"west": {"uv": [90, 68], "uv_size": [2, 24]},
								"up": {"uv": [72, 92], "uv_size": [2, 2]},
								"down": {"uv": [92, 74], "uv_size": [2, -2]}
							}
						},
						{
							"origin": [-0.5, 40, -0.5],
							"size": [1, 3, 1],
							"uv": {
								"north": {"uv": [74, 92], "uv_size": [1, 3]},
								"east": {"uv": [92, 74], "uv_size": [1, 3]},
								"south": {"uv": [75, 92], "uv_size": [1, 3]},
								"west": {"uv": [76, 92], "uv_size": [1, 3]},
								"up": {"uv": [81, 92], "uv_size": [1, 1]},
								"down": {"uv": [92, 82], "uv_size": [1, -1]}
							}
						},
						{
							"origin": [-0.25, 23.11632, 29.37552],
							"size": [0.5, 6.25, 0.5],
							"pivot": [0, 0, 0],
							"rotation": [0, 90, -52.5],
							"uv": {
								"north": {"uv": [54, 92], "uv_size": [1, 6]},
								"east": {"uv": [55, 92], "uv_size": [1, 6]},
								"south": {"uv": [56, 92], "uv_size": [1, 6]},
								"west": {"uv": [57, 92], "uv_size": [1, 6]},
								"up": {"uv": [77, 92], "uv_size": [1, 1]},
								"down": {"uv": [92, 78], "uv_size": [1, -1]}
							}
						},
						{
							"origin": [-0.25, 23.11632, -29.87552],
							"size": [0.5, 6.25, 0.5],
							"pivot": [0, 0, 0],
							"rotation": [0, 90, 52.5],
							"uv": {
								"north": {"uv": [65, 92], "uv_size": [1, 6]},
								"east": {"uv": [66, 92], "uv_size": [1, 6]},
								"south": {"uv": [92, 66], "uv_size": [1, 6]},
								"west": {"uv": [67, 92], "uv_size": [1, 6]},
								"up": {"uv": [80, 92], "uv_size": [1, 1]},
								"down": {"uv": [92, 81], "uv_size": [1, -1]}
							}
						},
						{
							"origin": [-0.25, 23.11632, -29.87552],
							"size": [0.5, 6.25, 0.5],
							"pivot": [0, 0, 0],
							"rotation": [-52.5, 0, 0],
							"uv": {
								"north": {"uv": [58, 92], "uv_size": [1, 6]},
								"east": {"uv": [59, 92], "uv_size": [1, 6]},
								"south": {"uv": [60, 92], "uv_size": [1, 6]},
								"west": {"uv": [92, 60], "uv_size": [1, 6]},
								"up": {"uv": [78, 92], "uv_size": [1, 1]},
								"down": {"uv": [92, 79], "uv_size": [1, -1]}
							}
						},
						{
							"origin": [-0.25, 23.11632, 29.37552],
							"size": [0.5, 6.25, 0.5],
							"pivot": [0, 0, 0],
							"rotation": [52.5, 0, 0],
							"uv": {
								"north": {"uv": [61, 92], "uv_size": [1, 6]},
								"east": {"uv": [62, 92], "uv_size": [1, 6]},
								"south": {"uv": [63, 92], "uv_size": [1, 6]},
								"west": {"uv": [64, 92], "uv_size": [1, 6]},
								"up": {"uv": [79, 92], "uv_size": [1, 1]},
								"down": {"uv": [92, 80], "uv_size": [1, -1]}
							}
						}
					]
				},
				{
					"name": "bone2",
					"parent": "bone",
					"pivot": [0, 0, 0],
					"cubes": [
						{
							"origin": [-24, -23.75, -41.5],
							"size": [48, 47.5, 0],
							"pivot": [0, 0, 0],
							"rotation": [-90, 0, 0],
							"uv": {
								"north": {"uv": [0, 0], "uv_size": [48, 48]},
								"east": {"uv": [0, 0], "uv_size": [0, 48]},
								"south": {"uv": [0, 48], "uv_size": [48, 48]},
								"west": {"uv": [0, 0], "uv_size": [0, 48]},
								"up": {"uv": [0, 0], "uv_size": [48, 0]},
								"down": {"uv": [0, 0], "uv_size": [48, 0]}
							}
						},
						{
							"origin": [-24, 8.12421, -47.12028],
							"size": [48, 10.5, 0],
							"pivot": [0, 0, 0],
							"rotation": [-110, 0, 0],
							"uv": {
								"north": {"uv": [48, 0], "uv_size": [48, 11]},
								"east": {"uv": [0, 0], "uv_size": [0, 11]},
								"south": {"uv": [48, 11], "uv_size": [48, 11]},
								"west": {"uv": [0, 0], "uv_size": [0, 11]},
								"up": {"uv": [0, 0], "uv_size": [48, 0]},
								"down": {"uv": [0, 0], "uv_size": [48, 0]}
							}
						},
						{
							"origin": [-24, 8.12421, 47.12028],
							"size": [48, 10.5, 0],
							"pivot": [0, 0, 0],
							"rotation": [110, 0, 0],
							"uv": {
								"north": {"uv": [48, 22], "uv_size": [48, 11]},
								"east": {"uv": [0, 0], "uv_size": [0, 11]},
								"south": {"uv": [48, 33], "uv_size": [48, 11]},
								"west": {"uv": [0, 0], "uv_size": [0, 11]},
								"up": {"uv": [0, 0], "uv_size": [48, 0]},
								"down": {"uv": [0, 0], "uv_size": [48, 0]}
							}
						},
						{
							"origin": [-18.35913, -23.75, -47.20579],
							"size": [10, 47.5, 0],
							"pivot": [0, 0, 0],
							"rotation": [-90, 0, -20],
							"uv": {
								"north": {"uv": [48, 44], "uv_size": [10, 48]},
								"east": {"uv": [0, 0], "uv_size": [0, 48]},
								"south": {"uv": [58, 44], "uv_size": [10, 48]},
								"west": {"uv": [0, 0], "uv_size": [0, 48]},
								"up": {"uv": [0, 0], "uv_size": [10, 0]},
								"down": {"uv": [0, 0], "uv_size": [10, 0]}
							}
						},
						{
							"origin": [8.35913, -23.75, -47.20579],
							"size": [10, 47.5, 0],
							"pivot": [0, 0, 0],
							"rotation": [-90, 0, 20],
							"uv": {
								"north": {"uv": [68, 44], "uv_size": [10, 48]},
								"east": {"uv": [0, 0], "uv_size": [0, 48]},
								"south": {"uv": [78, 44], "uv_size": [10, 48]},
								"west": {"uv": [0, 0], "uv_size": [0, 48]},
								"up": {"uv": [0, 0], "uv_size": [10, 0]},
								"down": {"uv": [0, 0], "uv_size": [10, 0]}
							}
						}
					]
				}
			]
		}
	]
}