{
	"format_version": "1.12.0",
	"minecraft:geometry": [
		{
			"description": {
				"identifier": "geometry.blender_0",
				"texture_width": 64,
				"texture_height": 64,
				"visible_bounds_width": 2,
				"visible_bounds_height": 2.5,
				"visible_bounds_offset": [0, 0.75, 0]
			},
			"bones": [
				{
					"name": "main",
					"pivot": [0, 0, 0],
					"rotation": [-180, 0, 180]
				},
				{
					"name": "bottom",
					"parent": "main",
					"pivot": [0, 0, 0],
					"cubes": [
						{
							"origin": [-4, 0, -4],
							"size": [8, 2, 9],
							"uv": {
								"north": {"uv": [9, 9], "uv_size": [8, 2]},
								"east": {"uv": [0, 9], "uv_size": [9, 2]},
								"south": {"uv": [26, 9], "uv_size": [8, 2]},
								"west": {"uv": [17, 9], "uv_size": [9, 2]},
								"up": {"uv": [9, 0], "uv_size": [8, 9]},
								"down": {"uv": [17, 9], "uv_size": [8, -9]}
							}
						}
					]
				},
				{
					"name": "buttons",
					"parent": "bottom",
					"pivot": [-0.5, 0, 0],
					"cubes": [
						{
							"origin": [-2.5, 1.4, 3.6],
							"size": [1, 1, 1],
							"uv": {
								"north": {"uv": [1, 3], "uv_size": [1, 1]},
								"east": {"uv": [0, 3], "uv_size": [1, 1]},
								"south": {"uv": [3, 3], "uv_size": [1, 1]},
								"west": {"uv": [2, 3], "uv_size": [1, 1]},
								"up": {"uv": [1, 2], "uv_size": [1, 1]},
								"down": {"uv": [2, 3], "uv_size": [1, -1]}
							}
						},
						{
							"origin": [-0.5, 1.4, 3.6],
							"size": [1, 1, 1],
							"uv": {
								"north": {"uv": [4, 2], "uv_size": [1, 1]},
								"east": {"uv": [3, 2], "uv_size": [1, 1]},
								"south": {"uv": [6, 2], "uv_size": [1, 1]},
								"west": {"uv": [5, 2], "uv_size": [1, 1]},
								"up": {"uv": [4, 1], "uv_size": [1, 1]},
								"down": {"uv": [5, 2], "uv_size": [1, -1]}
							}
						},
						{
							"origin": [1.5, 1.4, 3.6],
							"size": [1, 1, 1],
							"uv": {
								"north": {"uv": [4, 4], "uv_size": [1, 1]},
								"east": {"uv": [3, 4], "uv_size": [1, 1]},
								"south": {"uv": [6, 4], "uv_size": [1, 1]},
								"west": {"uv": [5, 4], "uv_size": [1, 1]},
								"up": {"uv": [4, 3], "uv_size": [1, 1]},
								"down": {"uv": [5, 4], "uv_size": [1, -1]}
							}
						}
					]
				},
				{
					"name": "glass",
					"parent": "main",
					"pivot": [0, 0, 0],
					"cubes": [
						{
							"origin": [-3, 3, -3],
							"size": [0, 7, 6],
							"uv": {
								"north": {"uv": [30, 20], "uv_size": [0, 7]},
								"east": {"uv": [24, 20], "uv_size": [6, 7]},
								"south": {"uv": [36, 20], "uv_size": [0, 7]},
								"west": {"uv": [30, 20], "uv_size": [6, 7]},
								"up": {"uv": [30, 14], "uv_size": [0, 6]},
								"down": {"uv": [30, 20], "uv_size": [0, -6]}
							}
						},
						{
							"origin": [3, 3, -3],
							"size": [0, 7, 6],
							"uv": {
								"north": {"uv": [30, 11], "uv_size": [0, 7]},
								"east": {"uv": [24, 11], "uv_size": [6, 7]},
								"south": {"uv": [36, 11], "uv_size": [0, 7]},
								"west": {"uv": [30, 11], "uv_size": [6, 7]},
								"up": {"uv": [30, 5], "uv_size": [0, 6]},
								"down": {"uv": [30, 11], "uv_size": [0, -6]}
							}
						},
						{
							"origin": [3, 3, -3],
							"size": [0, 7, 6],
							"pivot": [0, 0, 0],
							"rotation": [-180, -90, 180],
							"uv": {
								"north": {"uv": [18, 27], "uv_size": [0, 7]},
								"east": {"uv": [12, 27], "uv_size": [6, 7]},
								"south": {"uv": [24, 27], "uv_size": [0, 7]},
								"west": {"uv": [18, 27], "uv_size": [6, 7]},
								"up": {"uv": [18, 21], "uv_size": [0, 6]},
								"down": {"uv": [18, 27], "uv_size": [0, -6]}
							}
						},
						{
							"origin": [-3, 3, -3],
							"size": [0, 7, 6],
							"pivot": [0, 0, 0],
							"rotation": [-180, -90, 180],
							"uv": {
								"north": {"uv": [6, 27], "uv_size": [0, 7]},
								"east": {"uv": [0, 27], "uv_size": [6, 7]},
								"south": {"uv": [12, 27], "uv_size": [0, 7]},
								"west": {"uv": [6, 27], "uv_size": [6, 7]},
								"up": {"uv": [6, 21], "uv_size": [0, 6]},
								"down": {"uv": [6, 27], "uv_size": [0, -6]}
							}
						}
					]
				},
				{
					"name": "bottom2",
					"parent": "glass",
					"pivot": [0, 0, 0],
					"cubes": [
						{
							"origin": [-3.5, 2, 2.25],
							"size": [7, 1, 1],
							"uv": {
								"north": {"uv": [26, 3], "uv_size": [7, 1]},
								"east": {"uv": [25, 3], "uv_size": [1, 1]},
								"south": {"uv": [34, 3], "uv_size": [7, 1]},
								"west": {"uv": [33, 3], "uv_size": [1, 1]},
								"up": {"uv": [26, 2], "uv_size": [7, 1]},
								"down": {"uv": [33, 3], "uv_size": [7, -1]}
							}
						},
						{
							"origin": [-3.5, 2, -3.5],
							"size": [7, 1, 1],
							"uv": {
								"north": {"uv": [26, 1], "uv_size": [7, 1]},
								"east": {"uv": [25, 1], "uv_size": [1, 1]},
								"south": {"uv": [34, 1], "uv_size": [7, 1]},
								"west": {"uv": [33, 1], "uv_size": [1, 1]},
								"up": {"uv": [26, 0], "uv_size": [7, 1]},
								"down": {"uv": [33, 1], "uv_size": [7, -1]}
							}
						},
						{
							"origin": [-2.5, 2, -3.5],
							"size": [5, 1, 1],
							"pivot": [0, 0, 0],
							"rotation": [0, -90, 0],
							"uv": {
								"north": {"uv": [26, 7], "uv_size": [5, 1]},
								"east": {"uv": [25, 7], "uv_size": [1, 1]},
								"south": {"uv": [32, 7], "uv_size": [5, 1]},
								"west": {"uv": [31, 7], "uv_size": [1, 1]},
								"up": {"uv": [26, 6], "uv_size": [5, 1]},
								"down": {"uv": [31, 7], "uv_size": [5, -1]}
							}
						},
						{
							"origin": [-2.5, 2, 2.5],
							"size": [5, 1, 1],
							"pivot": [0, 0, 0],
							"rotation": [0, -90, 0],
							"uv": {
								"north": {"uv": [26, 5], "uv_size": [5, 1]},
								"east": {"uv": [25, 5], "uv_size": [1, 1]},
								"south": {"uv": [32, 5], "uv_size": [5, 1]},
								"west": {"uv": [31, 5], "uv_size": [1, 1]},
								"up": {"uv": [26, 4], "uv_size": [5, 1]},
								"down": {"uv": [31, 5], "uv_size": [5, -1]}
							}
						},
						{
							"origin": [-0.75, 2, -0.5],
							"size": [1, 1, 1],
							"uv": {
								"north": {"uv": [1, 1], "uv_size": [1, 1]},
								"east": {"uv": [0, 1], "uv_size": [1, 1]},
								"south": {"uv": [3, 1], "uv_size": [1, 1]},
								"west": {"uv": [2, 1], "uv_size": [1, 1]},
								"up": {"uv": [1, 0], "uv_size": [1, 1]},
								"down": {"uv": [2, 1], "uv_size": [1, -1]}
							}
						}
					]
				},
				{
					"name": "top",
					"parent": "main",
					"pivot": [0, 0, 0],
					"cubes": [
						{
							"origin": [-4, 10, -4],
							"size": [8, 1, 8],
							"uv": {
								"north": {"uv": [8, 19], "uv_size": [8, 1]},
								"east": {"uv": [0, 19], "uv_size": [8, 1]},
								"south": {"uv": [24, 19], "uv_size": [8, 1]},
								"west": {"uv": [16, 19], "uv_size": [8, 1]},
								"up": {"uv": [8, 11], "uv_size": [8, 8]},
								"down": {"uv": [16, 19], "uv_size": [8, -8]}
							}
						},
						{
							"origin": [-3, 11, -3],
							"size": [6, 1, 6],
							"uv": {
								"north": {"uv": [6, 26], "uv_size": [6, 1]},
								"east": {"uv": [0, 26], "uv_size": [6, 1]},
								"south": {"uv": [18, 26], "uv_size": [6, 1]},
								"west": {"uv": [12, 26], "uv_size": [6, 1]},
								"up": {"uv": [6, 20], "uv_size": [6, 6]},
								"down": {"uv": [12, 26], "uv_size": [6, -6]}
							}
						}
					]
				}
			]
		}
	]
}