{
	"format_version": "1.12.0",
	"minecraft:geometry": [
		{
			"description": {
				"identifier": "geometry.boombox_0",
				"texture_width": 64,
				"texture_height": 64,
				"visible_bounds_width": 2,
				"visible_bounds_height": 2.5,
				"visible_bounds_offset": [0, 0.75, 0]
			},
			"bones": [
				{
					"name": "main",
					"pivot": [8, 0, -8],
					"cubes": [
						{
							"origin": [-8, 0, -4],
							"size": [16, 8, 8],
							"uv": {
								"north": {"uv": [0, 0], "uv_size": [16, 8]},
								"east": {"uv": [16, 8], "uv_size": [8, 8]},
								"south": {"uv": [0, 8], "uv_size": [16, 8]},
								"west": {"uv": [16, 16], "uv_size": [8, 8]},
								"up": {"uv": [0, 16], "uv_size": [16, 8]},
								"down": {"uv": [16, 8], "uv_size": [16, -8]}
							}
						},
						{
							"origin": [-1.425, 2, -4.175],
							"size": [3, 2, 1],
							"uv": {
								"north": {"uv": [5, 25], "uv_size": [3, 2]},
								"east": {"uv": [3, 27], "uv_size": [1, 2]},
								"south": {"uv": [8, 25], "uv_size": [3, 2]},
								"west": {"uv": [4, 27], "uv_size": [1, 2]},
								"up": {"uv": [26, 25], "uv_size": [3, 1]},
								"down": {"uv": [0, 28], "uv_size": [3, -1]}
							}
						}
					]
				},
				{
					"name": "buttons2",
					"parent": "main",
					"pivot": [8, 0, -8],
					"cubes": [
						{
							"origin": [-6.65, 7.15, -4.2],
							"size": [1, 1, 1],
							"uv": {
								"north": {"uv": [29, 18], "uv_size": [1, 1]},
								"east": {"uv": [19, 29], "uv_size": [1, 1]},
								"south": {"uv": [29, 19], "uv_size": [1, 1]},
								"west": {"uv": [20, 29], "uv_size": [1, 1]},
								"up": {"uv": [29, 20], "uv_size": [1, 1]},
								"down": {"uv": [29, 22], "uv_size": [1, -1]}
							}
						},
						{
							"origin": [-5.425, 7.15, -4.2],
							"size": [1, 1, 1],
							"uv": {
								"north": {"uv": [22, 29], "uv_size": [1, 1]},
								"east": {"uv": [29, 22], "uv_size": [1, 1]},
								"south": {"uv": [23, 29], "uv_size": [1, 1]},
								"west": {"uv": [29, 23], "uv_size": [1, 1]},
								"up": {"uv": [24, 29], "uv_size": [1, 1]},
								"down": {"uv": [25, 30], "uv_size": [1, -1]}
							}
						},
						{
							"origin": [-3, 7.15, -4.2],
							"size": [1, 1, 1],
							"uv": {
								"north": {"uv": [29, 25], "uv_size": [1, 1]},
								"east": {"uv": [26, 29], "uv_size": [1, 1]},
								"south": {"uv": [29, 26], "uv_size": [1, 1]},
								"west": {"uv": [27, 29], "uv_size": [1, 1]},
								"up": {"uv": [28, 29], "uv_size": [1, 1]},
								"down": {"uv": [29, 30], "uv_size": [1, -1]}
							}
						},
						{
							"origin": [-4.225, 7.15, -4.2],
							"size": [1, 1, 1],
							"uv": {
								"north": {"uv": [0, 30], "uv_size": [1, 1]},
								"east": {"uv": [1, 30], "uv_size": [1, 1]},
								"south": {"uv": [2, 30], "uv_size": [1, 1]},
								"west": {"uv": [3, 30], "uv_size": [1, 1]},
								"up": {"uv": [4, 30], "uv_size": [1, 1]},
								"down": {"uv": [5, 31], "uv_size": [1, -1]}
							}
						}
					]
				},
				{
					"name": "buttons",
					"parent": "main",
					"pivot": [8, 0, -8],
					"cubes": [
						{
							"origin": [2, 7.15, -4.2],
							"size": [1, 1, 1],
							"uv": {
								"north": {"uv": [6, 30], "uv_size": [1, 1]},
								"east": {"uv": [7, 30], "uv_size": [1, 1]},
								"south": {"uv": [8, 30], "uv_size": [1, 1]},
								"west": {"uv": [11, 30], "uv_size": [1, 1]},
								"up": {"uv": [30, 11], "uv_size": [1, 1]},
								"down": {"uv": [30, 13], "uv_size": [1, -1]}
							}
						},
						{
							"origin": [3.225, 7.15, -4.2],
							"size": [1, 1, 1],
							"uv": {
								"north": {"uv": [13, 30], "uv_size": [1, 1]},
								"east": {"uv": [14, 30], "uv_size": [1, 1]},
								"south": {"uv": [30, 14], "uv_size": [1, 1]},
								"west": {"uv": [30, 15], "uv_size": [1, 1]},
								"up": {"uv": [30, 16], "uv_size": [1, 1]},
								"down": {"uv": [30, 18], "uv_size": [1, -1]}
							}
						},
						{
							"origin": [5.65, 7.15, -4.2],
							"size": [1, 1, 1],
							"uv": {
								"north": {"uv": [30, 18], "uv_size": [1, 1]},
								"east": {"uv": [19, 30], "uv_size": [1, 1]},
								"south": {"uv": [30, 19], "uv_size": [1, 1]},
								"west": {"uv": [20, 30], "uv_size": [1, 1]},
								"up": {"uv": [30, 20], "uv_size": [1, 1]},
								"down": {"uv": [30, 22], "uv_size": [1, -1]}
							}
						},
						{
							"origin": [4.425, 7.15, -4.2],
							"size": [1, 1, 1],
							"uv": {
								"north": {"uv": [22, 30], "uv_size": [1, 1]},
								"east": {"uv": [30, 22], "uv_size": [1, 1]},
								"south": {"uv": [23, 30], "uv_size": [1, 1]},
								"west": {"uv": [30, 23], "uv_size": [1, 1]},
								"up": {"uv": [24, 30], "uv_size": [1, 1]},
								"down": {"uv": [25, 31], "uv_size": [1, -1]}
							}
						}
					]
				},
				{
					"name": "handle",
					"parent": "main",
					"pivot": [8, 0, -8],
					"cubes": [
						{
							"origin": [6, 8, 0],
							"size": [1, 2, 1],
							"uv": {
								"north": {"uv": [5, 27], "uv_size": [1, 2]},
								"east": {"uv": [6, 27], "uv_size": [1, 2]},
								"south": {"uv": [7, 27], "uv_size": [1, 2]},
								"west": {"uv": [8, 27], "uv_size": [1, 2]},
								"up": {"uv": [30, 25], "uv_size": [1, 1]},
								"down": {"uv": [26, 31], "uv_size": [1, -1]}
							}
						},
						{
							"origin": [-7, 8, 0],
							"size": [1, 2, 1],
							"uv": {
								"north": {"uv": [9, 27], "uv_size": [1, 2]},
								"east": {"uv": [10, 27], "uv_size": [1, 2]},
								"south": {"uv": [27, 11], "uv_size": [1, 2]},
								"west": {"uv": [27, 13], "uv_size": [1, 2]},
								"up": {"uv": [30, 26], "uv_size": [1, 1]},
								"down": {"uv": [27, 31], "uv_size": [1, -1]}
							}
						},
						{
							"origin": [-6, 9, 0],
							"size": [12, 1, 1],
							"uv": {
								"north": {"uv": [0, 24], "uv_size": [12, 1]},
								"east": {"uv": [30, 27], "uv_size": [1, 1]},
								"south": {"uv": [24, 8], "uv_size": [12, 1]},
								"west": {"uv": [28, 30], "uv_size": [1, 1]},
								"up": {"uv": [24, 9], "uv_size": [12, 1]},
								"down": {"uv": [24, 11], "uv_size": [12, -1]}
							}
						}
					]
				},
				{
					"name": "speaker2",
					"parent": "main",
					"pivot": [8, 0, -8],
					"cubes": [
						{
							"origin": [-5.5, 1, -4.4],
							"size": [2, 1, 1],
							"uv": {
								"north": {"uv": [14, 27], "uv_size": [2, 1]},
								"east": {"uv": [30, 28], "uv_size": [1, 1]},
								"south": {"uv": [27, 15], "uv_size": [2, 1]},
								"west": {"uv": [29, 30], "uv_size": [1, 1]},
								"up": {"uv": [16, 27], "uv_size": [2, 1]},
								"down": {"uv": [27, 19], "uv_size": [2, -1]}
							}
						},
						{
							"origin": [-5.5, 5, -4.4],
							"size": [2, 1, 1],
							"uv": {
								"north": {"uv": [27, 19], "uv_size": [2, 1]},
								"east": {"uv": [30, 29], "uv_size": [1, 1]},
								"south": {"uv": [27, 20], "uv_size": [2, 1]},
								"west": {"uv": [30, 30], "uv_size": [1, 1]},
								"up": {"uv": [27, 21], "uv_size": [2, 1]},
								"down": {"uv": [22, 28], "uv_size": [2, -1]}
							}
						},
						{
							"origin": [-7, 2.5, -4.4],
							"size": [1, 2, 1],
							"uv": {
								"north": {"uv": [18, 27], "uv_size": [1, 2]},
								"east": {"uv": [24, 27], "uv_size": [1, 2]},
								"south": {"uv": [25, 27], "uv_size": [1, 2]},
								"west": {"uv": [26, 27], "uv_size": [1, 2]},
								"up": {"uv": [0, 31], "uv_size": [1, 1]},
								"down": {"uv": [1, 32], "uv_size": [1, -1]}
							}
						},
						{
							"origin": [-1.73566, 3.20673, -4.4],
							"size": [2.075, 4.9, 1],
							"pivot": [0, 0, 0],
							"rotation": [0, 0, -45],
							"uv": {
								"north": {"uv": [24, 11], "uv_size": [2, 5]},
								"east": {"uv": [11, 25], "uv_size": [1, 5]},
								"south": {"uv": [12, 24], "uv_size": [2, 5]},
								"west": {"uv": [26, 11], "uv_size": [1, 5]},
								"up": {"uv": [27, 22], "uv_size": [2, 1]},
								"down": {"uv": [27, 27], "uv_size": [2, -1]}
							}
						},
						{
							"origin": [-3.14816, 4.61923, -4.375],
							"size": [4.9, 2.075, 1],
							"pivot": [0, 0, 0],
							"rotation": [0, 0, -45],
							"uv": {
								"north": {"uv": [14, 24], "uv_size": [5, 2]},
								"east": {"uv": [27, 27], "uv_size": [1, 2]},
								"south": {"uv": [24, 16], "uv_size": [5, 2]},
								"west": {"uv": [0, 28], "uv_size": [1, 2]},
								"up": {"uv": [24, 23], "uv_size": [5, 1]},
								"down": {"uv": [14, 27], "uv_size": [5, -1]}
							}
						},
						{
							"origin": [-3, 2.5, -4.4],
							"size": [1, 2, 1],
							"uv": {
								"north": {"uv": [1, 28], "uv_size": [1, 2]},
								"east": {"uv": [2, 28], "uv_size": [1, 2]},
								"south": {"uv": [28, 11], "uv_size": [1, 2]},
								"west": {"uv": [28, 13], "uv_size": [1, 2]},
								"up": {"uv": [2, 31], "uv_size": [1, 1]},
								"down": {"uv": [3, 32], "uv_size": [1, -1]}
							}
						}
					]
				},
				{
					"name": "speaker",
					"parent": "main",
					"pivot": [8, 0, -8],
					"cubes": [
						{
							"origin": [3.5, 1, -4.3],
							"size": [2, 1, 1],
							"uv": {
								"north": {"uv": [14, 28], "uv_size": [2, 1]},
								"east": {"uv": [4, 31], "uv_size": [1, 1]},
								"south": {"uv": [16, 28], "uv_size": [2, 1]},
								"west": {"uv": [5, 31], "uv_size": [1, 1]},
								"up": {"uv": [22, 28], "uv_size": [2, 1]},
								"down": {"uv": [28, 28], "uv_size": [2, -1]}
							}
						},
						{
							"origin": [3.5, 5, -4.3],
							"size": [2, 1, 1],
							"uv": {
								"north": {"uv": [28, 28], "uv_size": [2, 1]},
								"east": {"uv": [6, 31], "uv_size": [1, 1]},
								"south": {"uv": [3, 29], "uv_size": [2, 1]},
								"west": {"uv": [7, 31], "uv_size": [1, 1]},
								"up": {"uv": [5, 29], "uv_size": [2, 1]},
								"down": {"uv": [7, 30], "uv_size": [2, -1]}
							}
						},
						{
							"origin": [6, 2.5, -4.3],
							"size": [1, 2, 1],
							"uv": {
								"north": {"uv": [9, 29], "uv_size": [1, 2]},
								"east": {"uv": [10, 29], "uv_size": [1, 2]},
								"south": {"uv": [29, 11], "uv_size": [1, 2]},
								"west": {"uv": [12, 29], "uv_size": [1, 2]},
								"up": {"uv": [8, 31], "uv_size": [1, 1]},
								"down": {"uv": [9, 32], "uv_size": [1, -1]}
							}
						},
						{
							"origin": [-0.33934, 3.20673, -4.3],
							"size": [2.075, 4.9, 1],
							"pivot": [0, 0, 0],
							"rotation": [0, 0, 45],
							"uv": {
								"north": {"uv": [24, 18], "uv_size": [2, 5]},
								"east": {"uv": [26, 18], "uv_size": [1, 5]},
								"south": {"uv": [19, 24], "uv_size": [2, 5]},
								"west": {"uv": [21, 26], "uv_size": [1, 5]},
								"up": {"uv": [13, 29], "uv_size": [2, 1]},
								"down": {"uv": [29, 14], "uv_size": [2, -1]}
							}
						},
						{
							"origin": [-1.75184, 4.61923, -4.3],
							"size": [4.9, 2.075, 1],
							"pivot": [0, 0, 0],
							"rotation": [0, 0, 45],
							"uv": {
								"north": {"uv": [21, 24], "uv_size": [5, 2]},
								"east": {"uv": [29, 14], "uv_size": [1, 2]},
								"south": {"uv": [0, 25], "uv_size": [5, 2]},
								"west": {"uv": [15, 29], "uv_size": [1, 2]},
								"up": {"uv": [22, 26], "uv_size": [5, 1]},
								"down": {"uv": [26, 25], "uv_size": [5, -1]}
							}
						},
						{
							"origin": [2, 2.5, -4.3],
							"size": [1, 2, 1],
							"uv": {
								"north": {"uv": [16, 29], "uv_size": [1, 2]},
								"east": {"uv": [29, 16], "uv_size": [1, 2]},
								"south": {"uv": [17, 29], "uv_size": [1, 2]},
								"west": {"uv": [18, 29], "uv_size": [1, 2]},
								"up": {"uv": [10, 31], "uv_size": [1, 1]},
								"down": {"uv": [11, 32], "uv_size": [1, -1]}
							}
						}
					]
				}
			]
		}
	]
}