{
	"format_version": "1.12.0",
	"minecraft:geometry": [
		{
			"description": {
				"identifier": "geometry.camera_0",
				"texture_width": 64,
				"texture_height": 64,
				"visible_bounds_width": 2,
				"visible_bounds_height": 2.5,
				"visible_bounds_offset": [0, 0.75, 0]
			},
			"bones": [
				{
					"name": "bone3",
					"pivot": [0, -1, 0]
				},
				{
					"name": "bone",
					"parent": "bone3",
					"pivot": [0, 13.6, 0],
					"cubes": [
						{
							"origin": [-2.04, 12.94, -1.02],
							"size": [4.08, 2.72, 2.04],
							"uv": {
								"north": {"uv": [6, 6], "uv_size": [12, 8]},
								"east": {"uv": [0, 6], "uv_size": [6, 8]},
								"south": {"uv": [24, 6], "uv_size": [12, 8]},
								"west": {"uv": [18, 6], "uv_size": [6, 8]},
								"up": {"uv": [6, 0], "uv_size": [12, 6]},
								"down": {"uv": [18, 6], "uv_size": [12, -6]}
							}
						},
						{
							"origin": [-0.68, 13.62, -1.36],
							"size": [1.36, 1.36, 0.34],
							"uv": {
								"north": {"uv": [37, 5], "uv_size": [4, 4]},
								"east": {"uv": [36, 5], "uv_size": [1, 4]},
								"south": {"uv": [42, 5], "uv_size": [4, 4]},
								"west": {"uv": [41, 5], "uv_size": [1, 4]},
								"up": {"uv": [37, 4], "uv_size": [4, 1]},
								"down": {"uv": [41, 5], "uv_size": [4, -1]}
							}
						},
						{
							"origin": [-1.02, 13.28, -2.72],
							"size": [2.04, 2.04, 1.36],
							"uv": {
								"north": {"uv": [4, 18], "uv_size": [6, 6]},
								"east": {"uv": [0, 18], "uv_size": [4, 6]},
								"south": {"uv": [14, 18], "uv_size": [6, 6]},
								"west": {"uv": [10, 18], "uv_size": [4, 6]},
								"up": {"uv": [4, 14], "uv_size": [6, 4]},
								"down": {"uv": [10, 18], "uv_size": [6, -4]}
							}
						},
						{
							"origin": [-1.088, 13.246, -2.813],
							"size": [2.176, 0.34, 0.34],
							"uv": {
								"north": {"uv": [31, 3], "uv_size": [6, 1]},
								"east": {"uv": [30, 3], "uv_size": [1, 1]},
								"south": {"uv": [38, 3], "uv_size": [6, 1]},
								"west": {"uv": [37, 3], "uv_size": [1, 1]},
								"up": {"uv": [31, 2], "uv_size": [6, 1]},
								"down": {"uv": [37, 3], "uv_size": [6, -1]}
							}
						},
						{
							"origin": [-1.088, 15.014, -2.813],
							"size": [2.176, 0.34, 0.34],
							"uv": {
								"north": {"uv": [31, 1], "uv_size": [6, 1]},
								"east": {"uv": [30, 1], "uv_size": [1, 1]},
								"south": {"uv": [38, 1], "uv_size": [6, 1]},
								"west": {"uv": [37, 1], "uv_size": [1, 1]},
								"up": {"uv": [31, 0], "uv_size": [6, 1]},
								"down": {"uv": [37, 1], "uv_size": [6, -1]}
							}
						},
						{
							"origin": [-1.088, 13.586, -2.813],
							"size": [0.34, 1.428, 0.34],
							"uv": {
								"north": {"uv": [17, 30], "uv_size": [1, 4]},
								"east": {"uv": [16, 30], "uv_size": [1, 4]},
								"south": {"uv": [19, 30], "uv_size": [1, 4]},
								"west": {"uv": [18, 30], "uv_size": [1, 4]},
								"up": {"uv": [17, 29], "uv_size": [1, 1]},
								"down": {"uv": [18, 30], "uv_size": [1, -1]}
							}
						},
						{
							"origin": [0.748, 13.586, -2.838],
							"size": [0.34, 1.428, 0.34],
							"uv": {
								"north": {"uv": [17, 25], "uv_size": [1, 4]},
								"east": {"uv": [16, 25], "uv_size": [1, 4]},
								"south": {"uv": [19, 25], "uv_size": [1, 4]},
								"west": {"uv": [18, 25], "uv_size": [1, 4]},
								"up": {"uv": [17, 24], "uv_size": [1, 1]},
								"down": {"uv": [18, 25], "uv_size": [1, -1]}
							}
						},
						{
							"origin": [-1.7, 15.66, -0.34],
							"size": [0.68, 0.34, 0.68],
							"uv": {
								"north": {"uv": [38, 18], "uv_size": [2, 1]},
								"east": {"uv": [36, 18], "uv_size": [2, 1]},
								"south": {"uv": [42, 18], "uv_size": [2, 1]},
								"west": {"uv": [40, 18], "uv_size": [2, 1]},
								"up": {"uv": [38, 16], "uv_size": [2, 2]},
								"down": {"uv": [40, 18], "uv_size": [2, -2]}
							}
						},
						{
							"origin": [-1.7, 13.28, 0.816],
							"size": [0.68, 0.68, 0.34],
							"uv": {
								"north": {"uv": [1, 1], "uv_size": [2, 2]},
								"east": {"uv": [0, 1], "uv_size": [1, 2]},
								"south": {"uv": [4, 1], "uv_size": [2, 2]},
								"west": {"uv": [3, 1], "uv_size": [1, 2]},
								"up": {"uv": [1, 0], "uv_size": [2, 1]},
								"down": {"uv": [3, 1], "uv_size": [2, -1]}
							}
						},
						{
							"origin": [-1.326, 14.062, 0.816],
							"size": [0.34, 0.34, 0.34],
							"uv": {
								"north": {"uv": [1, 15], "uv_size": [1, 1]},
								"east": {"uv": [0, 15], "uv_size": [1, 1]},
								"south": {"uv": [3, 15], "uv_size": [1, 1]},
								"west": {"uv": [2, 15], "uv_size": [1, 1]},
								"up": {"uv": [1, 14], "uv_size": [1, 1]},
								"down": {"uv": [2, 15], "uv_size": [1, -1]}
							}
						},
						{
							"origin": [-1.734, 14.062, 0.816],
							"size": [0.34, 0.34, 0.34],
							"uv": {
								"north": {"uv": [1, 4], "uv_size": [1, 1]},
								"east": {"uv": [0, 4], "uv_size": [1, 1]},
								"south": {"uv": [3, 4], "uv_size": [1, 1]},
								"west": {"uv": [2, 4], "uv_size": [1, 1]},
								"up": {"uv": [1, 3], "uv_size": [1, 1]},
								"down": {"uv": [2, 4], "uv_size": [1, -1]}
							}
						}
					]
				},
				{
					"name": "bone2",
					"parent": "bone3",
					"pivot": [0, 13.6, 0],
					"cubes": [
						{
							"origin": [-0.85, 11.24, -0.935],
							"size": [1.7, 0.68, 1.7],
							"uv": {
								"north": {"uv": [39, 14], "uv_size": [5, 2]},
								"east": {"uv": [34, 14], "uv_size": [5, 2]},
								"south": {"uv": [49, 14], "uv_size": [5, 2]},
								"west": {"uv": [44, 14], "uv_size": [5, 2]},
								"up": {"uv": [39, 9], "uv_size": [5, 5]},
								"down": {"uv": [44, 14], "uv_size": [5, -5]}
							}
						},
						{
							"origin": [-0.425, 6.48, -0.51],
							"size": [0.85, 6.46, 0.85],
							"uv": {
								"north": {"uv": [26, 37], "uv_size": [2, 19]},
								"east": {"uv": [24, 37], "uv_size": [2, 19]},
								"south": {"uv": [30, 37], "uv_size": [2, 19]},
								"west": {"uv": [28, 37], "uv_size": [2, 19]},
								"up": {"uv": [26, 35], "uv_size": [2, 2]},
								"down": {"uv": [28, 37], "uv_size": [2, -2]}
							}
						}
					]
				},
				{
					"name": "bone4",
					"parent": "bone2",
					"pivot": [0, 13.6, 0],
					"cubes": [
						{
							"origin": [3.73167, 4.41319, 0.50693],
							"size": [0.85, 6.46, 0.85],
							"pivot": [0, 0, 0],
							"rotation": [-15.22897, 46.40625, -27.15053],
							"uv": {
								"north": {"uv": [36, 35], "uv_size": [2, 19]},
								"east": {"uv": [34, 35], "uv_size": [2, 19]},
								"south": {"uv": [40, 35], "uv_size": [2, 19]},
								"west": {"uv": [38, 35], "uv_size": [2, 19]},
								"up": {"uv": [36, 33], "uv_size": [2, 2]},
								"down": {"uv": [38, 35], "uv_size": [2, -2]}
							}
						},
						{
							"origin": [3.81667, -2.04681, 0.59193],
							"size": [0.68, 6.46, 0.68],
							"pivot": [0, 0, 0],
							"rotation": [-15.22897, 46.40625, -27.15053],
							"uv": {
								"north": {"uv": [18, 37], "uv_size": [2, 19]},
								"east": {"uv": [16, 37], "uv_size": [2, 19]},
								"south": {"uv": [22, 37], "uv_size": [2, 19]},
								"west": {"uv": [20, 37], "uv_size": [2, 19]},
								"up": {"uv": [18, 35], "uv_size": [2, 2]},
								"down": {"uv": [20, 37], "uv_size": [2, -2]}
							}
						}
					]
				},
				{
					"name": "bone5",
					"parent": "bone2",
					"pivot": [0, 13.6, 0],
					"cubes": [
						{
							"origin": [-4.58167, 4.41319, 0.50693],
							"size": [0.85, 6.46, 0.85],
							"pivot": [0, 0, 0],
							"rotation": [-15.22897, -46.40625, 27.15053],
							"uv": {
								"north": {"uv": [30, 16], "uv_size": [2, 19]},
								"east": {"uv": [28, 16], "uv_size": [2, 19]},
								"south": {"uv": [34, 16], "uv_size": [2, 19]},
								"west": {"uv": [32, 16], "uv_size": [2, 19]},
								"up": {"uv": [30, 14], "uv_size": [2, 2]},
								"down": {"uv": [32, 16], "uv_size": [2, -2]}
							}
						},
						{
							"origin": [-4.49667, -2.04681, 0.59193],
							"size": [0.68, 6.46, 0.68],
							"pivot": [0, 0, 0],
							"rotation": [-15.22897, -46.40625, 27.15053],
							"uv": {
								"north": {"uv": [10, 26], "uv_size": [2, 19]},
								"east": {"uv": [8, 26], "uv_size": [2, 19]},
								"south": {"uv": [14, 26], "uv_size": [2, 19]},
								"west": {"uv": [12, 26], "uv_size": [2, 19]},
								"up": {"uv": [10, 24], "uv_size": [2, 2]},
								"down": {"uv": [12, 26], "uv_size": [2, -2]}
							}
						}
					]
				},
				{
					"name": "bone6",
					"parent": "bone2",
					"pivot": [-0.17, 13.6, -0.17],
					"rotation": [-1.32607, 37.33289, -6.29298],
					"cubes": [
						{
							"origin": [-4.56286, 4.3979, -1.59612],
							"size": [0.85, 6.46, 0.85],
							"pivot": [0, 0, 0],
							"rotation": [15.22897, 46.40625, 27.15053],
							"uv": {
								"north": {"uv": [2, 26], "uv_size": [2, 19]},
								"east": {"uv": [0, 26], "uv_size": [2, 19]},
								"south": {"uv": [6, 26], "uv_size": [2, 19]},
								"west": {"uv": [4, 26], "uv_size": [2, 19]},
								"up": {"uv": [2, 24], "uv_size": [2, 2]},
								"down": {"uv": [4, 26], "uv_size": [2, -2]}
							}
						},
						{
							"origin": [-4.47786, -2.0621, -1.51112],
							"size": [0.68, 6.46, 0.68],
							"pivot": [0, 0, 0],
							"rotation": [15.22897, 46.40625, 27.15053],
							"uv": {
								"north": {"uv": [22, 16], "uv_size": [2, 19]},
								"east": {"uv": [20, 16], "uv_size": [2, 19]},
								"south": {"uv": [26, 16], "uv_size": [2, 19]},
								"west": {"uv": [24, 16], "uv_size": [2, 19]},
								"up": {"uv": [22, 14], "uv_size": [2, 2]},
								"down": {"uv": [24, 16], "uv_size": [2, -2]}
							}
						}
					]
				}
			]
		}
	]
}