{
	"format_version": "1.12.0",
	"minecraft:geometry": [
		{
			"description": {
				"identifier": "geometry.ceiling_lamp_0",
				"texture_width": 32,
				"texture_height": 32,
				"visible_bounds_width": 2,
				"visible_bounds_height": 2.5,
				"visible_bounds_offset": [0, 0.75, 0]
			},
			"bones": [
				{
					"name": "bone",
					"pivot": [0, -1, 0],
					"cubes": [
						{
							"origin": [-2, 15, -2],
							"size": [4, 1, 4],
							"uv": {
								"north": {"uv": [4, 4], "uv_size": [4, 1]},
								"east": {"uv": [0, 4], "uv_size": [4, 1]},
								"south": {"uv": [12, 4], "uv_size": [4, 1]},
								"west": {"uv": [8, 4], "uv_size": [4, 1]},
								"up": {"uv": [4, 0], "uv_size": [4, 4]},
								"down": {"uv": [8, 4], "uv_size": [4, -4]}
							}
						},
						{
							"origin": [4, 9, -4],
							"size": [0, 5, 8],
							"uv": {
								"north": {"uv": [8, 23], "uv_size": [0, 5]},
								"east": {"uv": [0, 23], "uv_size": [8, 5]},
								"south": {"uv": [16, 23], "uv_size": [0, 5]},
								"west": {"uv": [8, 23], "uv_size": [8, 5]},
								"up": {"uv": [8, 15], "uv_size": [0, 8]},
								"down": {"uv": [8, 23], "uv_size": [0, -8]}
							}
						},
						{
							"origin": [-4, 9, -4],
							"size": [0, 5, 8],
							"uv": {
								"north": {"uv": [8, 18], "uv_size": [0, 5]},
								"east": {"uv": [0, 18], "uv_size": [8, 5]},
								"south": {"uv": [16, 18], "uv_size": [0, 5]},
								"west": {"uv": [8, 18], "uv_size": [8, 5]},
								"up": {"uv": [8, 10], "uv_size": [0, 8]},
								"down": {"uv": [8, 18], "uv_size": [0, -8]}
							}
						},
						{
							"origin": [4, 9, -4],
							"size": [0, 5, 8],
							"pivot": [0, 0, 0],
							"rotation": [0, -90, 0],
							"uv": {
								"north": {"uv": [8, 13], "uv_size": [0, 5]},
								"east": {"uv": [0, 13], "uv_size": [8, 5]},
								"south": {"uv": [16, 13], "uv_size": [0, 5]},
								"west": {"uv": [8, 13], "uv_size": [8, 5]},
								"up": {"uv": [8, 5], "uv_size": [0, 8]},
								"down": {"uv": [8, 13], "uv_size": [0, -8]}
							}
						},
						{
							"origin": [-4, 9, -4],
							"size": [0, 5, 8],
							"pivot": [0, 0, 0],
							"rotation": [0, -90, 0],
							"uv": {
								"north": {"uv": [8, 8], "uv_size": [0, 5]},
								"east": {"uv": [0, 8], "uv_size": [8, 5]},
								"south": {"uv": [16, 8], "uv_size": [0, 5]},
								"west": {"uv": [8, 8], "uv_size": [8, 5]},
								"up": {"uv": [8, 0], "uv_size": [0, 8]},
								"down": {"uv": [8, 8], "uv_size": [0, -8]}
							}
						},
						{
							"origin": [-0.5, 12.5, -0.5],
							"size": [1, 2.5, 1],
							"uv": {
								"north": {"uv": [1, 1], "uv_size": [1, 2]},
								"east": {"uv": [0, 1], "uv_size": [1, 2]},
								"south": {"uv": [3, 1], "uv_size": [1, 2]},
								"west": {"uv": [2, 1], "uv_size": [1, 2]},
								"up": {"uv": [1, 0], "uv_size": [1, 1]},
								"down": {"uv": [2, 1], "uv_size": [1, -1]}
							}
						},
						{
							"origin": [-0.5, 13.5, -4],
							"size": [1, 0, 3.5],
							"uv": {
								"north": {"uv": [5, 8], "uv_size": [1, 0]},
								"east": {"uv": [2, 8], "uv_size": [3, 0]},
								"south": {"uv": [9, 8], "uv_size": [1, 0]},
								"west": {"uv": [6, 8], "uv_size": [3, 0]},
								"up": {"uv": [5, 5], "uv_size": [1, 3]},
								"down": {"uv": [6, 8], "uv_size": [1, -3]}
							}
						},
						{
							"origin": [-0.5, 13.5, 0.5],
							"size": [1, 0, 3.5],
							"uv": {
								"north": {"uv": [3, 8], "uv_size": [1, 0]},
								"east": {"uv": [0, 8], "uv_size": [3, 0]},
								"south": {"uv": [7, 8], "uv_size": [1, 0]},
								"west": {"uv": [4, 8], "uv_size": [3, 0]},
								"up": {"uv": [3, 5], "uv_size": [1, 3]},
								"down": {"uv": [4, 8], "uv_size": [1, -3]}
							}
						},
						{
							"origin": [0.5, 13.5, -0.5],
							"size": [3.5, 0, 1],
							"uv": {
								"north": {"uv": [7, 7], "uv_size": [3, 0]},
								"east": {"uv": [6, 7], "uv_size": [1, 0]},
								"south": {"uv": [11, 7], "uv_size": [3, 0]},
								"west": {"uv": [10, 7], "uv_size": [1, 0]},
								"up": {"uv": [7, 6], "uv_size": [3, 1]},
								"down": {"uv": [10, 7], "uv_size": [3, -1]}
							}
						},
						{
							"origin": [-4, 13.5, -0.5],
							"size": [3.5, 0, 1],
							"uv": {
								"north": {"uv": [7, 6], "uv_size": [3, 0]},
								"east": {"uv": [6, 6], "uv_size": [1, 0]},
								"south": {"uv": [11, 6], "uv_size": [3, 0]},
								"west": {"uv": [10, 6], "uv_size": [1, 0]},
								"up": {"uv": [7, 5], "uv_size": [3, 1]},
								"down": {"uv": [10, 6], "uv_size": [3, -1]}
							}
						},
						{
							"origin": [-1, 10.5, -1],
							"size": [2, 2, 2],
							"uv": {
								"north": {"uv": [14, 2], "uv_size": [2, 2]},
								"east": {"uv": [12, 2], "uv_size": [2, 2]},
								"south": {"uv": [18, 2], "uv_size": [2, 2]},
								"west": {"uv": [16, 2], "uv_size": [2, 2]},
								"up": {"uv": [14, 0], "uv_size": [2, 2]},
								"down": {"uv": [16, 2], "uv_size": [2, -2]}
							}
						}
					]
				}
			]
		}
	]
}