{
	"format_version": "1.12.0",
	"minecraft:geometry": [
		{
			"description": {
				"identifier": "geometry.ceiling_lamp_1",
				"texture_width": 64,
				"texture_height": 64,
				"visible_bounds_width": 2,
				"visible_bounds_height": 3,
				"visible_bounds_offset": [0, 0.5, 0]
			},
			"bones": [
				{
					"name": "bone",
					"pivot": [0, -17, 0]
				},
				{
					"name": "bone2",
					"parent": "bone",
					"pivot": [0, -17, 0],
					"cubes": [
						{
							"origin": [-5, 15, -5],
							"size": [10, 1, 10],
							"uv": {
								"north": {"uv": [10, 10], "uv_size": [10, 1]},
								"east": {"uv": [0, 10], "uv_size": [10, 1]},
								"south": {"uv": [30, 10], "uv_size": [10, 1]},
								"west": {"uv": [20, 10], "uv_size": [10, 1]},
								"up": {"uv": [10, 0], "uv_size": [10, 10]},
								"down": {"uv": [20, 10], "uv_size": [10, -10]}
							}
						}
					]
				},
				{
					"name": "bone3",
					"parent": "bone",
					"pivot": [2.25, 2, 0.25],
					"cubes": [
						{
							"origin": [0.47997, 2.18468, 0],
							"size": [0, 3, 2.5],
							"pivot": [0, -1, 0],
							"rotation": [0, 0, 5],
							"uv": {
								"north": {"uv": [14, 17], "uv_size": [0, 3]},
								"east": {"uv": [12, 17], "uv_size": [2, 3]},
								"south": {"uv": [16, 17], "uv_size": [0, 3]},
								"west": {"uv": [14, 17], "uv_size": [2, 3]},
								"up": {"uv": [14, 15], "uv_size": [0, 2]},
								"down": {"uv": [14, 17], "uv_size": [0, -2]}
							}
						},
						{
							"origin": [4.00291, 1.79248, 0],
							"size": [0, 3, 2.5],
							"pivot": [0, -1, 0],
							"rotation": [0, 0, -5],
							"uv": {
								"north": {"uv": [14, 14], "uv_size": [0, 3]},
								"east": {"uv": [12, 14], "uv_size": [2, 3]},
								"south": {"uv": [16, 14], "uv_size": [0, 3]},
								"west": {"uv": [14, 14], "uv_size": [2, 3]},
								"up": {"uv": [14, 12], "uv_size": [0, 2]},
								"down": {"uv": [14, 14], "uv_size": [0, -2]}
							}
						},
						{
							"origin": [1, 1.87964, 3.00671],
							"size": [2.5, 3, 0],
							"pivot": [0, -1, 0],
							"rotation": [5, 0, 0],
							"uv": {
								"north": {"uv": [16, 22], "uv_size": [2, 3]},
								"east": {"uv": [16, 22], "uv_size": [0, 3]},
								"south": {"uv": [18, 22], "uv_size": [2, 3]},
								"west": {"uv": [18, 22], "uv_size": [0, 3]},
								"up": {"uv": [16, 22], "uv_size": [2, 0]},
								"down": {"uv": [18, 22], "uv_size": [2, 0]}
							}
						},
						{
							"origin": [1, 2.09753, -0.51622],
							"size": [2.5, 3, 0],
							"pivot": [0, -1, 0],
							"rotation": [-5, 0, 0],
							"uv": {
								"north": {"uv": [8, 21], "uv_size": [2, 3]},
								"east": {"uv": [8, 21], "uv_size": [0, 3]},
								"south": {"uv": [10, 21], "uv_size": [2, 3]},
								"west": {"uv": [10, 21], "uv_size": [0, 3]},
								"up": {"uv": [8, 21], "uv_size": [2, 0]},
								"down": {"uv": [10, 21], "uv_size": [2, 0]}
							}
						},
						{
							"origin": [1, 5.125, 0],
							"size": [2.5, 0, 2.5],
							"uv": {
								"north": {"uv": [2, 6], "uv_size": [2, 0]},
								"east": {"uv": [0, 6], "uv_size": [2, 0]},
								"south": {"uv": [6, 6], "uv_size": [2, 0]},
								"west": {"uv": [4, 6], "uv_size": [2, 0]},
								"up": {"uv": [2, 4], "uv_size": [2, 2]},
								"down": {"uv": [4, 6], "uv_size": [2, -2]}
							}
						},
						{
							"origin": [1.5, 3.125, 0.5],
							"size": [1.5, 2, 1.5],
							"uv": {
								"north": {"uv": [21, 15], "uv_size": [1, 2]},
								"east": {"uv": [20, 15], "uv_size": [1, 2]},
								"south": {"uv": [23, 15], "uv_size": [1, 2]},
								"west": {"uv": [22, 15], "uv_size": [1, 2]},
								"up": {"uv": [21, 14], "uv_size": [1, 1]},
								"down": {"uv": [22, 15], "uv_size": [1, -1]}
							}
						},
						{
							"origin": [2.47488, 5, -1.16422],
							"size": [0, 10, 1],
							"pivot": [0, -1, 0],
							"rotation": [0, -45, 0],
							"uv": {
								"north": {"uv": [11, 11], "uv_size": [0, 10]},
								"east": {"uv": [10, 11], "uv_size": [1, 10]},
								"south": {"uv": [12, 11], "uv_size": [0, 10]},
								"west": {"uv": [11, 11], "uv_size": [1, 10]},
								"up": {"uv": [11, 10], "uv_size": [0, 1]},
								"down": {"uv": [11, 11], "uv_size": [0, -1]}
							}
						},
						{
							"origin": [0.70711, 5, 2.01777],
							"size": [0, 10, 1],
							"pivot": [0, -1, 0],
							"rotation": [0, 45, 0],
							"uv": {
								"north": {"uv": [9, 11], "uv_size": [0, 10]},
								"east": {"uv": [8, 11], "uv_size": [1, 10]},
								"south": {"uv": [10, 11], "uv_size": [0, 10]},
								"west": {"uv": [9, 11], "uv_size": [1, 10]},
								"up": {"uv": [9, 10], "uv_size": [0, 1]},
								"down": {"uv": [9, 11], "uv_size": [0, -1]}
							}
						}
					]
				},
				{
					"name": "bone5",
					"parent": "bone",
					"pivot": [-2.5, -4, 1.5],
					"cubes": [
						{
							"origin": [-3.72902, -4.20647, 1.25],
							"size": [0, 3, 2.5],
							"pivot": [0, -1, 0],
							"rotation": [0, 0, 5],
							"uv": {
								"north": {"uv": [6, 6], "uv_size": [0, 3]},
								"east": {"uv": [4, 6], "uv_size": [2, 3]},
								"south": {"uv": [8, 6], "uv_size": [0, 3]},
								"west": {"uv": [6, 6], "uv_size": [2, 3]},
								"up": {"uv": [6, 4], "uv_size": [0, 2]},
								"down": {"uv": [6, 6], "uv_size": [0, -2]}
							}
						},
						{
							"origin": [-1.25195, -3.77069, 1.25],
							"size": [0, 3, 2.5],
							"pivot": [0, -1, 0],
							"rotation": [0, 0, -5],
							"uv": {
								"north": {"uv": [2, 6], "uv_size": [0, 3]},
								"east": {"uv": [0, 6], "uv_size": [2, 3]},
								"south": {"uv": [4, 6], "uv_size": [0, 3]},
								"west": {"uv": [2, 6], "uv_size": [2, 3]},
								"up": {"uv": [2, 4], "uv_size": [0, 2]},
								"down": {"uv": [2, 6], "uv_size": [0, -2]}
							}
						},
						{
							"origin": [-3.75, -4.20647, 3.72902],
							"size": [2.5, 3, 0],
							"pivot": [0, -1, 0],
							"rotation": [5, 0, 0],
							"uv": {
								"north": {"uv": [16, 17], "uv_size": [2, 3]},
								"east": {"uv": [16, 17], "uv_size": [0, 3]},
								"south": {"uv": [18, 17], "uv_size": [2, 3]},
								"west": {"uv": [18, 17], "uv_size": [0, 3]},
								"up": {"uv": [16, 17], "uv_size": [2, 0]},
								"down": {"uv": [18, 17], "uv_size": [2, 0]}
							}
						},
						{
							"origin": [-3.75, -3.77069, 1.25195],
							"size": [2.5, 3, 0],
							"pivot": [0, -1, 0],
							"rotation": [-5, 0, 0],
							"uv": {
								"north": {"uv": [16, 14], "uv_size": [2, 3]},
								"east": {"uv": [16, 14], "uv_size": [0, 3]},
								"south": {"uv": [18, 14], "uv_size": [2, 3]},
								"west": {"uv": [18, 14], "uv_size": [0, 3]},
								"up": {"uv": [16, 14], "uv_size": [2, 0]},
								"down": {"uv": [18, 14], "uv_size": [2, 0]}
							}
						},
						{
							"origin": [-3.75, -0.875, 1.25],
							"size": [2.5, 0, 2.5],
							"uv": {
								"north": {"uv": [2, 2], "uv_size": [2, 0]},
								"east": {"uv": [0, 2], "uv_size": [2, 0]},
								"south": {"uv": [6, 2], "uv_size": [2, 0]},
								"west": {"uv": [4, 2], "uv_size": [2, 0]},
								"up": {"uv": [2, 0], "uv_size": [2, 2]},
								"down": {"uv": [4, 2], "uv_size": [2, -2]}
							}
						},
						{
							"origin": [-3.25, -2.875, 1.75],
							"size": [1.5, 2, 1.5],
							"uv": {
								"north": {"uv": [17, 12], "uv_size": [1, 2]},
								"east": {"uv": [16, 12], "uv_size": [1, 2]},
								"south": {"uv": [19, 12], "uv_size": [1, 2]},
								"west": {"uv": [18, 12], "uv_size": [1, 2]},
								"up": {"uv": [17, 11], "uv_size": [1, 1]},
								"down": {"uv": [18, 12], "uv_size": [1, -1]}
							}
						},
						{
							"origin": [0, -1, 3.07843],
							"size": [0, 16, 1],
							"pivot": [0, -1, 0],
							"rotation": [0, -45, 0],
							"uv": {
								"north": {"uv": [7, 11], "uv_size": [0, 16]},
								"east": {"uv": [6, 11], "uv_size": [1, 16]},
								"south": {"uv": [8, 11], "uv_size": [0, 16]},
								"west": {"uv": [7, 11], "uv_size": [1, 16]},
								"up": {"uv": [7, 10], "uv_size": [0, 1]},
								"down": {"uv": [7, 11], "uv_size": [0, -1]}
							}
						},
						{
							"origin": [-3.53553, -1, -0.45711],
							"size": [0, 16, 1],
							"pivot": [0, -1, 0],
							"rotation": [0, 45, 0],
							"uv": {
								"north": {"uv": [5, 11], "uv_size": [0, 16]},
								"east": {"uv": [4, 11], "uv_size": [1, 16]},
								"south": {"uv": [6, 11], "uv_size": [0, 16]},
								"west": {"uv": [5, 11], "uv_size": [1, 16]},
								"up": {"uv": [5, 10], "uv_size": [0, 1]},
								"down": {"uv": [5, 11], "uv_size": [0, -1]}
							}
						}
					]
				},
				{
					"name": "bone4",
					"parent": "bone",
					"pivot": [-0.5, -10, -3.75],
					"cubes": [
						{
							"origin": [-1.2137, -10.00933, -4],
							"size": [0, 3, 2.5],
							"pivot": [0, -1, 0],
							"rotation": [0, 0, 5],
							"uv": {
								"north": {"uv": [14, 11], "uv_size": [0, 3]},
								"east": {"uv": [12, 11], "uv_size": [2, 3]},
								"south": {"uv": [16, 11], "uv_size": [0, 3]},
								"west": {"uv": [14, 11], "uv_size": [2, 3]},
								"up": {"uv": [14, 9], "uv_size": [0, 2]},
								"down": {"uv": [14, 11], "uv_size": [0, -2]}
							}
						},
						{
							"origin": [0.2175, -9.92217, -4],
							"size": [0, 3, 2.5],
							"pivot": [0, -1, 0],
							"rotation": [0, 0, -5],
							"uv": {
								"north": {"uv": [8, 2], "uv_size": [0, 3]},
								"east": {"uv": [6, 2], "uv_size": [2, 3]},
								"south": {"uv": [10, 2], "uv_size": [0, 3]},
								"west": {"uv": [8, 2], "uv_size": [2, 3]},
								"up": {"uv": [8, 0], "uv_size": [0, 2]},
								"down": {"uv": [8, 2], "uv_size": [0, -2]}
							}
						},
						{
							"origin": [-1.75, -9.72607, -2.02394],
							"size": [2.5, 3, 0],
							"pivot": [0, -1, 0],
							"rotation": [5, 0, 0],
							"uv": {
								"north": {"uv": [12, 20], "uv_size": [2, 3]},
								"east": {"uv": [12, 20], "uv_size": [0, 3]},
								"south": {"uv": [14, 20], "uv_size": [2, 3]},
								"west": {"uv": [14, 20], "uv_size": [0, 3]},
								"up": {"uv": [12, 20], "uv_size": [2, 0]},
								"down": {"uv": [14, 20], "uv_size": [2, 0]}
							}
						},
						{
							"origin": [-1.75, -10.20543, -3.45513],
							"size": [2.5, 3, 0],
							"pivot": [0, -1, 0],
							"rotation": [-5, 0, 0],
							"uv": {
								"north": {"uv": [20, 11], "uv_size": [2, 3]},
								"east": {"uv": [20, 11], "uv_size": [0, 3]},
								"south": {"uv": [22, 11], "uv_size": [2, 3]},
								"west": {"uv": [22, 11], "uv_size": [0, 3]},
								"up": {"uv": [20, 11], "uv_size": [2, 0]},
								"down": {"uv": [22, 11], "uv_size": [2, 0]}
							}
						},
						{
							"origin": [-1.75, -6.875, -4],
							"size": [2.5, 0, 2.5],
							"uv": {
								"north": {"uv": [2, 4], "uv_size": [2, 0]},
								"east": {"uv": [0, 4], "uv_size": [2, 0]},
								"south": {"uv": [6, 4], "uv_size": [2, 0]},
								"west": {"uv": [4, 4], "uv_size": [2, 0]},
								"up": {"uv": [2, 2], "uv_size": [2, 2]},
								"down": {"uv": [4, 4], "uv_size": [2, -2]}
							}
						},
						{
							"origin": [-1.25, -8.875, -3.5],
							"size": [1.5, 2, 1.5],
							"uv": {
								"north": {"uv": [20, 20], "uv_size": [1, 2]},
								"east": {"uv": [19, 20], "uv_size": [1, 2]},
								"south": {"uv": [22, 20], "uv_size": [1, 2]},
								"west": {"uv": [21, 20], "uv_size": [1, 2]},
								"up": {"uv": [20, 19], "uv_size": [1, 1]},
								"down": {"uv": [21, 20], "uv_size": [1, -1]}
							}
						},
						{
							"origin": [-2.29809, -7, -2.0481],
							"size": [0, 22, 1],
							"pivot": [0, -1, 0],
							"rotation": [0, -45, 0],
							"uv": {
								"north": {"uv": [3, 11], "uv_size": [0, 22]},
								"east": {"uv": [2, 11], "uv_size": [1, 22]},
								"south": {"uv": [4, 11], "uv_size": [0, 22]},
								"west": {"uv": [3, 11], "uv_size": [1, 22]},
								"up": {"uv": [3, 10], "uv_size": [0, 1]},
								"down": {"uv": [3, 11], "uv_size": [0, -1]}
							}
						},
						{
							"origin": [1.59099, -7, -2.7552],
							"size": [0, 22, 1],
							"pivot": [0, -1, 0],
							"rotation": [0, 45, 0],
							"uv": {
								"north": {"uv": [1, 11], "uv_size": [0, 22]},
								"east": {"uv": [0, 11], "uv_size": [1, 22]},
								"south": {"uv": [2, 11], "uv_size": [0, 22]},
								"west": {"uv": [1, 11], "uv_size": [1, 22]},
								"up": {"uv": [1, 10], "uv_size": [0, 1]},
								"down": {"uv": [1, 11], "uv_size": [0, -1]}
							}
						}
					]
				}
			]
		}
	]
}