{
	"format_version": "1.12.0",
	"minecraft:geometry": [
		{
			"description": {
				"identifier": "geometry.chair_4",
				"texture_width": 64,
				"texture_height": 64,
				"visible_bounds_width": 2,
				"visible_bounds_height": 3.5,
				"visible_bounds_offset": [0, 1.25, 0]
			},
			"bones": [
				{
					"name": "bone",
					"pivot": [0, 0, 0],
					"cubes": [
						{
							"origin": [-7, 9, -7],
							"size": [14, 2.5, 13.5],
							"uv": {
								"north": {"uv": [13, 13], "uv_size": [14, 2]},
								"east": {"uv": [0, 13], "uv_size": [13, 2]},
								"south": {"uv": [40, 13], "uv_size": [14, 2]},
								"west": {"uv": [27, 13], "uv_size": [13, 2]},
								"up": {"uv": [13, 0], "uv_size": [14, 13]},
								"down": {"uv": [27, 13], "uv_size": [14, -13]}
							}
						},
						{
							"origin": [5.5, 0, -7],
							"size": [1.5, 9, 1.5],
							"uv": {
								"north": {"uv": [5, 1], "uv_size": [1, 9]},
								"east": {"uv": [4, 1], "uv_size": [1, 9]},
								"south": {"uv": [7, 1], "uv_size": [1, 9]},
								"west": {"uv": [6, 1], "uv_size": [1, 9]},
								"up": {"uv": [5, 0], "uv_size": [1, 1]},
								"down": {"uv": [6, 1], "uv_size": [1, -1]}
							}
						},
						{
							"origin": [-7, 0, -7],
							"size": [1.5, 9, 1.5],
							"uv": {
								"north": {"uv": [1, 1], "uv_size": [1, 9]},
								"east": {"uv": [0, 1], "uv_size": [1, 9]},
								"south": {"uv": [3, 1], "uv_size": [1, 9]},
								"west": {"uv": [2, 1], "uv_size": [1, 9]},
								"up": {"uv": [1, 0], "uv_size": [1, 1]},
								"down": {"uv": [2, 1], "uv_size": [1, -1]}
							}
						},
						{
							"origin": [5.5, 0, 6.5],
							"size": [1.5, 26, 1.5],
							"uv": {
								"north": {"uv": [5, 17], "uv_size": [1, 26]},
								"east": {"uv": [4, 17], "uv_size": [1, 26]},
								"south": {"uv": [7, 17], "uv_size": [1, 26]},
								"west": {"uv": [6, 17], "uv_size": [1, 26]},
								"up": {"uv": [5, 16], "uv_size": [1, 1]},
								"down": {"uv": [6, 17], "uv_size": [1, -1]}
							}
						},
						{
							"origin": [-5.5, 23, 6.5],
							"size": [11, 3, 1.5],
							"uv": {
								"north": {"uv": [9, 21], "uv_size": [11, 3]},
								"east": {"uv": [8, 21], "uv_size": [1, 3]},
								"south": {"uv": [21, 21], "uv_size": [11, 3]},
								"west": {"uv": [20, 21], "uv_size": [1, 3]},
								"up": {"uv": [9, 20], "uv_size": [11, 1]},
								"down": {"uv": [20, 21], "uv_size": [11, -1]}
							}
						},
						{
							"origin": [-5.5, 18, 6.5],
							"size": [11, 3, 1.5],
							"uv": {
								"north": {"uv": [9, 17], "uv_size": [11, 3]},
								"east": {"uv": [8, 17], "uv_size": [1, 3]},
								"south": {"uv": [21, 17], "uv_size": [11, 3]},
								"west": {"uv": [20, 17], "uv_size": [1, 3]},
								"up": {"uv": [9, 16], "uv_size": [11, 1]},
								"down": {"uv": [20, 17], "uv_size": [11, -1]}
							}
						},
						{
							"origin": [-7, 0, 6.5],
							"size": [1.5, 26, 1.5],
							"uv": {
								"north": {"uv": [1, 17], "uv_size": [1, 26]},
								"east": {"uv": [0, 17], "uv_size": [1, 26]},
								"south": {"uv": [3, 17], "uv_size": [1, 26]},
								"west": {"uv": [2, 17], "uv_size": [1, 26]},
								"up": {"uv": [1, 16], "uv_size": [1, 1]},
								"down": {"uv": [2, 17], "uv_size": [1, -1]}
							}
						}
					]
				}
			]
		}
	]
}