{
	"format_version": "1.12.0",
	"minecraft:geometry": [
		{
			"description": {
				"identifier": "geometry.chair_5",
				"texture_width": 128,
				"texture_height": 128,
				"visible_bounds_width": 3,
				"visible_bounds_height": 2.5,
				"visible_bounds_offset": [0, 0.75, 0]
			},
			"bones": [
				{
					"name": "bone",
					"pivot": [0, 0, 0],
					"cubes": [
						{
							"origin": [-9.92, 0, -9.92],
							"size": [19.84, 6.2, 19.84],
							"uv": {
								"north": {"uv": [16.032, 16.032], "uv_size": [15.936, 4.936]},
								"east": {"uv": [0.032, 16.032], "uv_size": [15.936, 4.936]},
								"south": {"uv": [48.032, 16.032], "uv_size": [15.936, 4.936]},
								"west": {"uv": [32.032, 16.032], "uv_size": [15.936, 4.936]},
								"up": {"uv": [16.032, 0.032], "uv_size": [15.936, 15.936]},
								"down": {"uv": [32.032, 15.968], "uv_size": [15.936, -15.936]}
							}
						},
						{
							"origin": [-7.13, 8.68, 4.34],
							"size": [14.26, 8.68, 3.1],
							"pivot": [0, 0, 0],
							"rotation": [-5, 0, 0],
							"uv": {
								"north": {"uv": [50.032, 2.032], "uv_size": [10.936, 6.936]},
								"east": {"uv": [48.032, 2.032], "uv_size": [1.936, 6.936]},
								"south": {"uv": [63.032, 2.032], "uv_size": [10.936, 6.936]},
								"west": {"uv": [61.032, 2.032], "uv_size": [1.936, 6.936]},
								"up": {"uv": [50.032, 0.032], "uv_size": [10.936, 1.936]},
								"down": {"uv": [61.032, 1.968], "uv_size": [10.936, -1.936]}
							}
						},
						{
							"origin": [-7.13, 6.2, -9.3],
							"size": [14.26, 2.48, 16.74],
							"uv": {
								"north": {"uv": [13.032, 34.032], "uv_size": [10.936, 1.936]},
								"east": {"uv": [0.032, 34.032], "uv_size": [12.936, 1.936]},
								"south": {"uv": [37.032, 34.032], "uv_size": [10.936, 1.936]},
								"west": {"uv": [24.032, 34.032], "uv_size": [12.936, 1.936]},
								"up": {"uv": [13.032, 21.032], "uv_size": [10.936, 12.936]},
								"down": {"uv": [24.032, 33.968], "uv_size": [10.936, -12.936]}
							}
						},
						{
							"origin": [-9.92, 6.2, -9.92],
							"size": [2.48, 6.2, 19.84],
							"uv": {
								"north": {"uv": [16.032, 52.032], "uv_size": [1.936, 4.936]},
								"east": {"uv": [0.032, 52.032], "uv_size": [15.936, 4.936]},
								"south": {"uv": [34.032, 52.032], "uv_size": [1.936, 4.936]},
								"west": {"uv": [18.032, 52.032], "uv_size": [15.936, 4.936]},
								"up": {"uv": [16.032, 36.032], "uv_size": [1.936, 15.936]},
								"down": {"uv": [18.032, 51.968], "uv_size": [1.936, -15.936]}
							}
						},
						{
							"origin": [7.44, 6.2, -9.92],
							"size": [2.48, 6.2, 19.84],
							"uv": {
								"north": {"uv": [48.032, 37.032], "uv_size": [1.936, 4.936]},
								"east": {"uv": [32.032, 37.032], "uv_size": [15.936, 4.936]},
								"south": {"uv": [66.032, 37.032], "uv_size": [1.936, 4.936]},
								"west": {"uv": [50.032, 37.032], "uv_size": [15.936, 4.936]},
								"up": {"uv": [48.032, 21.032], "uv_size": [1.936, 15.936]},
								"down": {"uv": [50.032, 36.968], "uv_size": [1.936, -15.936]}
							}
						},
						{
							"origin": [-7.44, 6.2, 7.44],
							"size": [14.88, 7.44, 2.48],
							"uv": {
								"north": {"uv": [22.032, 44.032], "uv_size": [11.936, 5.936]},
								"east": {"uv": [20.032, 44.032], "uv_size": [1.936, 5.936]},
								"south": {"uv": [36.032, 44.032], "uv_size": [11.936, 5.936]},
								"west": {"uv": [34.032, 44.032], "uv_size": [1.936, 5.936]},
								"up": {"uv": [22.032, 42.032], "uv_size": [11.936, 1.936]},
								"down": {"uv": [34.032, 43.968], "uv_size": [11.936, -1.936]}
							}
						}
					]
				}
			]
		}
	]
}