{
	"format_version": "1.12.0",
	"minecraft:geometry": [
		{
			"description": {
				"identifier": "geometry.chair_6",
				"texture_width": 64,
				"texture_height": 64,
				"visible_bounds_width": 2,
				"visible_bounds_height": 2.5,
				"visible_bounds_offset": [0, 0.75, 0]
			},
			"bones": [
				{
					"name": "bone",
					"pivot": [0, 0, 0]
				},
				{
					"name": "bone2",
					"parent": "bone",
					"pivot": [0, 0, 0],
					"cubes": [
						{
							"origin": [-5, 0, -5],
							"size": [1, 1, 10],
							"uv": {
								"north": {"uv": [39, 12], "uv_size": [1, 1]},
								"east": {"uv": [38, 32], "uv_size": [10, 1]},
								"south": {"uv": [39, 13], "uv_size": [1, 1]},
								"west": {"uv": [38, 33], "uv_size": [10, 1]},
								"up": {"uv": [4, 38], "uv_size": [1, 10]},
								"down": {"uv": [5, 48], "uv_size": [1, -10]}
							}
						},
						{
							"origin": [4, 0, -5],
							"size": [1, 1, 10],
							"uv": {
								"north": {"uv": [40, 12], "uv_size": [1, 1]},
								"east": {"uv": [38, 34], "uv_size": [10, 1]},
								"south": {"uv": [40, 13], "uv_size": [1, 1]},
								"west": {"uv": [39, 0], "uv_size": [10, 1]},
								"up": {"uv": [6, 38], "uv_size": [1, 10]},
								"down": {"uv": [7, 48], "uv_size": [1, -10]}
							}
						},
						{
							"origin": [-5, 1, -0.5],
							"size": [1, 7, 1],
							"uv": {
								"north": {"uv": [8, 38], "uv_size": [1, 7]},
								"east": {"uv": [9, 38], "uv_size": [1, 7]},
								"south": {"uv": [10, 38], "uv_size": [1, 7]},
								"west": {"uv": [11, 38], "uv_size": [1, 7]},
								"up": {"uv": [41, 16], "uv_size": [1, 1]},
								"down": {"uv": [41, 18], "uv_size": [1, -1]}
							}
						},
						{
							"origin": [-4, 8.37118, 3.50142],
							"size": [1, 7, 0.5],
							"pivot": [0, 0, 0],
							"rotation": [-5, 0, 0],
							"uv": {
								"north": {"uv": [32, 39], "uv_size": [1, 7]},
								"east": {"uv": [33, 39], "uv_size": [1, 7]},
								"south": {"uv": [34, 39], "uv_size": [1, 7]},
								"west": {"uv": [35, 39], "uv_size": [1, 7]},
								"up": {"uv": [41, 22], "uv_size": [1, 1]},
								"down": {"uv": [41, 24], "uv_size": [1, -1]}
							}
						},
						{
							"origin": [3, 8.37118, 3.50142],
							"size": [1, 7, 0.5],
							"pivot": [0, 0, 0],
							"rotation": [-5, 0, 0],
							"uv": {
								"north": {"uv": [36, 39], "uv_size": [1, 7]},
								"east": {"uv": [37, 39], "uv_size": [1, 7]},
								"south": {"uv": [38, 39], "uv_size": [1, 7]},
								"west": {"uv": [39, 39], "uv_size": [1, 7]},
								"up": {"uv": [41, 24], "uv_size": [1, 1]},
								"down": {"uv": [41, 26], "uv_size": [1, -1]}
							}
						},
						{
							"origin": [-5, 12.37118, 3.15142],
							"size": [10, 7, 0.75],
							"pivot": [0, 0, 0],
							"rotation": [-5, 0, 0],
							"uv": {
								"north": {"uv": [29, 0], "uv_size": [10, 7]},
								"east": {"uv": [40, 39], "uv_size": [1, 7]},
								"south": {"uv": [29, 7], "uv_size": [10, 7]},
								"west": {"uv": [41, 9], "uv_size": [1, 7]},
								"up": {"uv": [39, 1], "uv_size": [10, 1]},
								"down": {"uv": [39, 3], "uv_size": [10, -1]}
							}
						},
						{
							"origin": [-4, 2, -0.5],
							"size": [8, 1, 1],
							"uv": {
								"north": {"uv": [39, 5], "uv_size": [8, 1]},
								"east": {"uv": [41, 20], "uv_size": [1, 1]},
								"south": {"uv": [39, 6], "uv_size": [8, 1]},
								"west": {"uv": [41, 21], "uv_size": [1, 1]},
								"up": {"uv": [39, 7], "uv_size": [8, 1]},
								"down": {"uv": [39, 9], "uv_size": [8, -1]}
							}
						},
						{
							"origin": [-5.25, 8, -4.5],
							"size": [10.5, 1, 9],
							"uv": {
								"north": {"uv": [38, 30], "uv_size": [11, 1]},
								"east": {"uv": [39, 3], "uv_size": [9, 1]},
								"south": {"uv": [38, 31], "uv_size": [11, 1]},
								"west": {"uv": [39, 4], "uv_size": [9, 1]},
								"up": {"uv": [16, 26], "uv_size": [11, 9]},
								"down": {"uv": [27, 35], "uv_size": [11, -9]}
							}
						},
						{
							"origin": [4, 1, -0.5],
							"size": [1, 7, 1],
							"uv": {
								"north": {"uv": [28, 39], "uv_size": [1, 7]},
								"east": {"uv": [29, 39], "uv_size": [1, 7]},
								"south": {"uv": [30, 39], "uv_size": [1, 7]},
								"west": {"uv": [31, 39], "uv_size": [1, 7]},
								"up": {"uv": [41, 18], "uv_size": [1, 1]},
								"down": {"uv": [41, 20], "uv_size": [1, -1]}
							}
						}
					]
				}
			]
		}
	]
}