{
	"format_version": "1.12.0",
	"minecraft:geometry": [
		{
			"description": {
				"identifier": "geometry.chair_0",
				"texture_width": 128,
				"texture_height": 128,
				"visible_bounds_width": 3,
				"visible_bounds_height": 2.5,
				"visible_bounds_offset": [0, 0.75, 0]
			},
			"bones": [
				{
					"name": "bone",
					"pivot": [14.5, -0.5, 0],
					"cubes": [
						{"origin": [-9.5, 1.5, -8], "size": [19, 5, 16], "uv": [0, 0]},
						{"origin": [-9.5, 6.5, 5], "size": [19, 10, 3], "uv": [40, 41]},
						{"origin": [-8.5, 16.5, 5], "size": [17, 1, 3], "uv": [54, 0]},
						{"origin": [-7.5, 17.5, 5], "size": [15, 1, 3], "uv": [54, 4]},
						{"origin": [-9.5, 6.5, -8], "size": [3, 5, 13], "uv": [32, 54]},
						{"origin": [-11.25, 8.5, -8.075], "size": [4, 4, 16.175], "uv": [34, 21]},
						{"origin": [7.25, 8.5, -8.075], "size": [4, 4, 16.175], "uv": [0, 34]},
						{"origin": [6.5, 6.5, -8], "size": [3, 5, 13], "uv": [0, 54]},
						{"origin": [-9.25, 0, 4.75], "size": [3, 2, 3], "uv": [0, 26]},
						{"origin": [-9.25, 0, -7.75], "size": [3, 2, 3], "uv": [0, 11]},
						{"origin": [6.25, 0, 4.75], "size": [3, 2, 3], "uv": [0, 21]},
						{"origin": [6.25, 0, -7.75], "size": [3, 2, 3], "uv": [0, 6]},
						{"origin": [-6.5, 5.75, -7.5], "size": [13.5, 1, 12.5], "uv": [0, 21]}
					]
				},
				{
					"name": "bone3",
					"parent": "bone",
					"pivot": [1.5, 6.5, 3],
					"rotation": [-22.5, 0, 0],
					"cubes": [
						{"origin": [-3.5, 6.5, 2], "size": [7, 5, 2], "uv": [54, 8]},
						{"origin": [-3.25, 6.75, 1.75], "size": [6.5, 4.5, 2], "uv": [0, 0]}
					]
				}
			]
		}
	]
}