{
	"format_version": "1.12.0",
	"minecraft:geometry": [
		{
			"description": {
				"identifier": "geometry.beach_chair_1",
				"texture_width": 128,
				"texture_height": 128,
				"visible_bounds_width": 3,
				"visible_bounds_height": 2.5,
				"visible_bounds_offset": [0, 0.75, 0]
			},
			"bones": [
				{
					"name": "bone",
					"pivot": [0, 5, -2],
					"cubes": [
						{
							"origin": [-7, 5, -18],
							"size": [14, 1, 22],
							"uv": {
								"north": {"uv": [22, 22], "uv_size": [14, 1]},
								"east": {"uv": [0, 22], "uv_size": [22, 1]},
								"south": {"uv": [58, 22], "uv_size": [14, 1]},
								"west": {"uv": [36, 22], "uv_size": [22, 1]},
								"up": {"uv": [22, 0], "uv_size": [14, 22]},
								"down": {"uv": [36, 22], "uv_size": [14, -22]}
							}
						},
						{
							"origin": [-7, 6.27811, -2.25908],
							"size": [14, 10, 1],
							"pivot": [0, 0, 0],
							"rotation": [-50, 0, 0],
							"uv": {
								"north": {"uv": [1, 24], "uv_size": [14, 10]},
								"east": {"uv": [0, 24], "uv_size": [1, 10]},
								"south": {"uv": [16, 24], "uv_size": [14, 10]},
								"west": {"uv": [15, 24], "uv_size": [1, 10]},
								"up": {"uv": [1, 23], "uv_size": [14, 1]},
								"down": {"uv": [15, 24], "uv_size": [14, -1]}
							}
						},
						{
							"origin": [-7, -13.93207, -16.16645],
							"size": [14, 4, 1],
							"pivot": [0, 0, 0],
							"rotation": [-50, 0, 0],
							"uv": {
								"north": {"uv": [1, 37], "uv_size": [14, 4]},
								"east": {"uv": [0, 37], "uv_size": [1, 4]},
								"south": {"uv": [16, 37], "uv_size": [14, 4]},
								"west": {"uv": [15, 37], "uv_size": [1, 4]},
								"up": {"uv": [1, 36], "uv_size": [14, 1]},
								"down": {"uv": [15, 37], "uv_size": [14, -1]}
							}
						},
						{
							"origin": [6.5, 8.03757, -9.0966],
							"size": [1.5, 1, 10],
							"pivot": [0, 0, 0],
							"rotation": [42.5, 0, 0],
							"uv": {
								"north": {"uv": [42, 47], "uv_size": [1, 1]},
								"east": {"uv": [32, 47], "uv_size": [10, 1]},
								"south": {"uv": [53, 47], "uv_size": [1, 1]},
								"west": {"uv": [43, 47], "uv_size": [10, 1]},
								"up": {"uv": [42, 37], "uv_size": [1, 10]},
								"down": {"uv": [43, 47], "uv_size": [1, -10]}
							}
						},
						{
							"origin": [-5, 17.03479, -1.8014],
							"size": [10, 1, 1.5],
							"pivot": [0, 0, 0],
							"rotation": [77.5, 0, 0],
							"uv": {
								"north": {"uv": [1, 42], "uv_size": [10, 1]},
								"east": {"uv": [0, 42], "uv_size": [1, 1]},
								"south": {"uv": [12, 42], "uv_size": [10, 1]},
								"west": {"uv": [11, 42], "uv_size": [1, 1]},
								"up": {"uv": [1, 41], "uv_size": [10, 1]},
								"down": {"uv": [11, 42], "uv_size": [10, -1]}
							}
						},
						{
							"origin": [5, 17.03479, -3.8014],
							"size": [1.5, 1, 5.5],
							"pivot": [0, 0, 0],
							"rotation": [77.5, 0, 0],
							"uv": {
								"north": {"uv": [37, 28], "uv_size": [1, 1]},
								"east": {"uv": [32, 28], "uv_size": [5, 1]},
								"south": {"uv": [43, 28], "uv_size": [1, 1]},
								"west": {"uv": [38, 28], "uv_size": [5, 1]},
								"up": {"uv": [37, 23], "uv_size": [1, 5]},
								"down": {"uv": [38, 28], "uv_size": [1, -5]}
							}
						},
						{
							"origin": [-6.5, 17.03479, -3.8014],
							"size": [1.5, 1, 5.5],
							"pivot": [0, 0, 0],
							"rotation": [77.5, 0, 0],
							"uv": {
								"north": {"uv": [37, 34], "uv_size": [1, 1]},
								"east": {"uv": [32, 34], "uv_size": [5, 1]},
								"south": {"uv": [43, 34], "uv_size": [1, 1]},
								"west": {"uv": [38, 34], "uv_size": [5, 1]},
								"up": {"uv": [37, 29], "uv_size": [1, 5]},
								"down": {"uv": [38, 34], "uv_size": [1, -5]}
							}
						},
						{
							"origin": [-8, 8.03757, -9.0966],
							"size": [1.5, 1, 10],
							"pivot": [0, 0, 0],
							"rotation": [42.5, 0, 0],
							"uv": {
								"north": {"uv": [10, 21], "uv_size": [1, 1]},
								"east": {"uv": [0, 21], "uv_size": [10, 1]},
								"south": {"uv": [21, 21], "uv_size": [1, 1]},
								"west": {"uv": [11, 21], "uv_size": [10, 1]},
								"up": {"uv": [10, 11], "uv_size": [1, 10]},
								"down": {"uv": [11, 21], "uv_size": [1, -10]}
							}
						},
						{
							"origin": [6.5, 4.60048, -4.92825],
							"size": [1.5, 1, 10],
							"pivot": [0, 0, 0],
							"rotation": [-42.5, 0, 0],
							"uv": {
								"north": {"uv": [30, 46], "uv_size": [1, 1]},
								"east": {"uv": [20, 46], "uv_size": [10, 1]},
								"south": {"uv": [41, 46], "uv_size": [1, 1]},
								"west": {"uv": [31, 46], "uv_size": [10, 1]},
								"up": {"uv": [30, 36], "uv_size": [1, 10]},
								"down": {"uv": [31, 46], "uv_size": [1, -10]}
							}
						},
						{
							"origin": [-8, 4.60048, -4.92825],
							"size": [1.5, 1, 10],
							"pivot": [0, 0, 0],
							"rotation": [-42.5, 0, 0],
							"uv": {
								"north": {"uv": [10, 10], "uv_size": [1, 1]},
								"east": {"uv": [0, 10], "uv_size": [10, 1]},
								"south": {"uv": [21, 10], "uv_size": [1, 1]},
								"west": {"uv": [11, 10], "uv_size": [10, 1]},
								"up": {"uv": [10, 0], "uv_size": [1, 10]},
								"down": {"uv": [11, 10], "uv_size": [1, -10]}
							}
						},
						{
							"origin": [6.5, 6.5, -8.5281],
							"size": [1.75, 1, 12],
							"uv": {
								"north": {"uv": [44, 36], "uv_size": [1, 1]},
								"east": {"uv": [32, 36], "uv_size": [12, 1]},
								"south": {"uv": [57, 36], "uv_size": [1, 1]},
								"west": {"uv": [45, 36], "uv_size": [12, 1]},
								"up": {"uv": [44, 24], "uv_size": [1, 12]},
								"down": {"uv": [45, 36], "uv_size": [1, -12]}
							}
						},
						{
							"origin": [-8.25, 6.5, -8.5281],
							"size": [1.75, 1, 12],
							"uv": {
								"north": {"uv": [30, 35], "uv_size": [1, 1]},
								"east": {"uv": [18, 35], "uv_size": [12, 1]},
								"south": {"uv": [43, 35], "uv_size": [1, 1]},
								"west": {"uv": [31, 35], "uv_size": [12, 1]},
								"up": {"uv": [30, 23], "uv_size": [1, 12]},
								"down": {"uv": [31, 35], "uv_size": [1, -12]}
							}
						}
					]
				}
			]
		}
	]
}