{
	"format_version": "1.12.0",
	"minecraft:geometry": [
		{
			"description": {
				"identifier": "geometry.beach_chair_0",
				"texture_width": 64,
				"texture_height": 64,
				"visible_bounds_width": 3,
				"visible_bounds_height": 2.5,
				"visible_bounds_offset": [0, 0.75, 0]
			},
			"bones": [
				{
					"name": "bone",
					"pivot": [0, 6, -2],
					"cubes": [
						{
							"origin": [-6, 6, -7],
							"size": [12, 1, 12],
							"uv": {
								"north": {"uv": [12, 25], "uv_size": [12, 1]},
								"east": {"uv": [0, 25], "uv_size": [12, 1]},
								"south": {"uv": [36, 25], "uv_size": [12, 1]},
								"west": {"uv": [24, 25], "uv_size": [12, 1]},
								"up": {"uv": [12, 13], "uv_size": [12, 12]},
								"down": {"uv": [24, 25], "uv_size": [12, -12]}
							}
						},
						{
							"origin": [-6, 1.92677, -19.32751],
							"size": [12, 1, 12],
							"pivot": [0, 0, 0],
							"rotation": [-107.5, 0, 0],
							"uv": {
								"north": {"uv": [12, 12], "uv_size": [12, 1]},
								"east": {"uv": [0, 12], "uv_size": [12, 1]},
								"south": {"uv": [36, 12], "uv_size": [12, 1]},
								"west": {"uv": [24, 12], "uv_size": [12, 1]},
								"up": {"uv": [12, 0], "uv_size": [12, 12]},
								"down": {"uv": [24, 12], "uv_size": [12, -12]}
							}
						},
						{
							"origin": [6, -4.01425, -6.91058],
							"size": [1, 11, 1.25],
							"pivot": [0, 0, 0],
							"rotation": [-32.5, 0, 0],
							"uv": {
								"north": {"uv": [1, 14], "uv_size": [1, 11]},
								"east": {"uv": [0, 14], "uv_size": [1, 11]},
								"south": {"uv": [3, 14], "uv_size": [1, 11]},
								"west": {"uv": [2, 14], "uv_size": [1, 11]},
								"up": {"uv": [1, 13], "uv_size": [1, 1]},
								"down": {"uv": [2, 14], "uv_size": [1, -1]}
							}
						},
						{
							"origin": [-7, -4.01425, -6.91058],
							"size": [1, 11, 1.25],
							"pivot": [0, 0, 0],
							"rotation": [-32.5, 0, 0],
							"uv": {
								"north": {"uv": [5, 1], "uv_size": [1, 11]},
								"east": {"uv": [4, 1], "uv_size": [1, 11]},
								"south": {"uv": [7, 1], "uv_size": [1, 11]},
								"west": {"uv": [6, 1], "uv_size": [1, 11]},
								"up": {"uv": [5, 0], "uv_size": [1, 1]},
								"down": {"uv": [6, 1], "uv_size": [1, -1]}
							}
						},
						{
							"origin": [6, -2.93965, 3.9738],
							"size": [1, 11, 1.25],
							"pivot": [0, 0, 0],
							"rotation": [32.5, 0, 0],
							"uv": {
								"north": {"uv": [9, 1], "uv_size": [1, 11]},
								"east": {"uv": [8, 1], "uv_size": [1, 11]},
								"south": {"uv": [11, 1], "uv_size": [1, 11]},
								"west": {"uv": [10, 1], "uv_size": [1, 11]},
								"up": {"uv": [9, 0], "uv_size": [1, 1]},
								"down": {"uv": [10, 1], "uv_size": [1, -1]}
							}
						},
						{
							"origin": [-7, -2.93965, 3.9738],
							"size": [1, 11, 1.25],
							"pivot": [0, 0, 0],
							"rotation": [32.5, 0, 0],
							"uv": {
								"north": {"uv": [1, 1], "uv_size": [1, 11]},
								"east": {"uv": [0, 1], "uv_size": [1, 11]},
								"south": {"uv": [3, 1], "uv_size": [1, 11]},
								"west": {"uv": [2, 1], "uv_size": [1, 11]},
								"up": {"uv": [1, 0], "uv_size": [1, 1]},
								"down": {"uv": [2, 1], "uv_size": [1, -1]}
							}
						},
						{
							"origin": [5.75, 8.75, -6],
							"size": [2, 1.25, 12],
							"uv": {
								"north": {"uv": [28, 39], "uv_size": [2, 1]},
								"east": {"uv": [16, 39], "uv_size": [12, 1]},
								"south": {"uv": [42, 39], "uv_size": [2, 1]},
								"west": {"uv": [30, 39], "uv_size": [12, 1]},
								"up": {"uv": [28, 27], "uv_size": [2, 12]},
								"down": {"uv": [30, 39], "uv_size": [2, -12]}
							}
						},
						{
							"origin": [-7.75, 8.75, -6],
							"size": [2, 1.25, 12],
							"uv": {
								"north": {"uv": [12, 38], "uv_size": [2, 1]},
								"east": {"uv": [0, 38], "uv_size": [12, 1]},
								"south": {"uv": [26, 38], "uv_size": [2, 1]},
								"west": {"uv": [14, 38], "uv_size": [12, 1]},
								"up": {"uv": [12, 26], "uv_size": [2, 12]},
								"down": {"uv": [14, 38], "uv_size": [2, -12]}
							}
						}
					]
				}
			]
		}
	]
}