{
	"format_version": "1.12.0",
	"minecraft:geometry": [
		{
			"description": {
				"identifier": "geometry.chair_1",
				"texture_width": 64,
				"texture_height": 64,
				"visible_bounds_width": 2,
				"visible_bounds_height": 2.5,
				"visible_bounds_offset": [0, 0.75, 0]
			},
			"bones": [
				{
					"name": "main",
					"pivot": [0, 0, 0],
					"cubes": [
						{
							"origin": [-6.5, 7, -6.5],
							"size": [13, 1, 12.5],
							"uv": {
								"north": {"uv": [23, 15], "uv_size": [13, 1]},
								"east": {"uv": [23, 16], "uv_size": [13, 1]},
								"south": {"uv": [23, 17], "uv_size": [13, 1]},
								"west": {"uv": [23, 18], "uv_size": [13, 1]},
								"up": {"uv": [0, 0], "uv_size": [13, 13]},
								"down": {"uv": [0, 26], "uv_size": [13, -13]}
							}
						}
					]
				},
				{
					"name": "legs",
					"parent": "main",
					"pivot": [0, 0, 0],
					"cubes": [
						{
							"origin": [-6, 0, 3],
							"size": [2, 7, 2],
							"uv": {
								"north": {"uv": [21, 6], "uv_size": [2, 7]},
								"east": {"uv": [21, 13], "uv_size": [2, 7]},
								"south": {"uv": [21, 20], "uv_size": [2, 7]},
								"west": {"uv": [23, 6], "uv_size": [2, 7]},
								"up": {"uv": [17, 27], "uv_size": [2, 2]},
								"down": {"uv": [19, 29], "uv_size": [2, -2]}
							}
						},
						{
							"origin": [-6, 0, -6],
							"size": [2, 7, 2],
							"uv": {
								"north": {"uv": [13, 6], "uv_size": [2, 7]},
								"east": {"uv": [13, 13], "uv_size": [2, 7]},
								"south": {"uv": [15, 6], "uv_size": [2, 7]},
								"west": {"uv": [15, 13], "uv_size": [2, 7]},
								"up": {"uv": [25, 6], "uv_size": [2, 2]},
								"down": {"uv": [25, 10], "uv_size": [2, -2]}
							}
						},
						{
							"origin": [4, 0, -6],
							"size": [2, 7, 2],
							"uv": {
								"north": {"uv": [17, 6], "uv_size": [2, 7]},
								"east": {"uv": [17, 13], "uv_size": [2, 7]},
								"south": {"uv": [19, 6], "uv_size": [2, 7]},
								"west": {"uv": [19, 13], "uv_size": [2, 7]},
								"up": {"uv": [25, 10], "uv_size": [2, 2]},
								"down": {"uv": [27, 10], "uv_size": [2, -2]}
							}
						},
						{
							"origin": [4, 0, 3],
							"size": [2, 7, 2],
							"uv": {
								"north": {"uv": [13, 20], "uv_size": [2, 7]},
								"east": {"uv": [15, 20], "uv_size": [2, 7]},
								"south": {"uv": [17, 20], "uv_size": [2, 7]},
								"west": {"uv": [19, 20], "uv_size": [2, 7]},
								"up": {"uv": [27, 10], "uv_size": [2, 2]},
								"down": {"uv": [15, 29], "uv_size": [2, -2]}
							}
						}
					]
				},
				{
					"name": "back_rest",
					"parent": "main",
					"pivot": [0, 0, -2],
					"cubes": [
						{
							"origin": [-7, 16, 4],
							"size": [14, 3, 1],
							"uv": {
								"north": {"uv": [13, 0], "uv_size": [14, 3]},
								"east": {"uv": [27, 19], "uv_size": [1, 3]},
								"south": {"uv": [13, 3], "uv_size": [14, 3]},
								"west": {"uv": [21, 27], "uv_size": [1, 3]},
								"up": {"uv": [23, 13], "uv_size": [14, 1]},
								"down": {"uv": [23, 15], "uv_size": [14, -1]}
							}
						},
						{
							"origin": [5, 8, 4],
							"size": [1, 8, 1],
							"uv": {
								"north": {"uv": [5, 26], "uv_size": [1, 8]},
								"east": {"uv": [6, 26], "uv_size": [1, 8]},
								"south": {"uv": [7, 26], "uv_size": [1, 8]},
								"west": {"uv": [8, 26], "uv_size": [1, 8]},
								"up": {"uv": [27, 22], "uv_size": [1, 1]},
								"down": {"uv": [23, 28], "uv_size": [1, -1]}
							}
						},
						{
							"origin": [-6, 8, 4],
							"size": [1, 8, 1],
							"uv": {
								"north": {"uv": [1, 26], "uv_size": [1, 8]},
								"east": {"uv": [2, 26], "uv_size": [1, 8]},
								"south": {"uv": [3, 26], "uv_size": [1, 8]},
								"west": {"uv": [4, 26], "uv_size": [1, 8]},
								"up": {"uv": [27, 12], "uv_size": [1, 1]},
								"down": {"uv": [22, 28], "uv_size": [1, -1]}
							}
						},
						{
							"origin": [-0.5, 8, 4],
							"size": [1, 8, 1],
							"uv": {
								"north": {"uv": [26, 19], "uv_size": [1, 8]},
								"east": {"uv": [27, 0], "uv_size": [1, 8]},
								"south": {"uv": [13, 27], "uv_size": [1, 8]},
								"west": {"uv": [14, 27], "uv_size": [1, 8]},
								"up": {"uv": [27, 24], "uv_size": [1, 1]},
								"down": {"uv": [25, 28], "uv_size": [1, -1]}
							}
						},
						{
							"origin": [2, 8, 4],
							"size": [1, 8, 1],
							"uv": {
								"north": {"uv": [9, 26], "uv_size": [1, 8]},
								"east": {"uv": [10, 26], "uv_size": [1, 8]},
								"south": {"uv": [11, 26], "uv_size": [1, 8]},
								"west": {"uv": [12, 26], "uv_size": [1, 8]},
								"up": {"uv": [27, 23], "uv_size": [1, 1]},
								"down": {"uv": [24, 28], "uv_size": [1, -1]}
							}
						},
						{
							"origin": [-3, 8, 4],
							"size": [1, 8, 1],
							"uv": {
								"north": {"uv": [23, 19], "uv_size": [1, 8]},
								"east": {"uv": [24, 19], "uv_size": [1, 8]},
								"south": {"uv": [25, 19], "uv_size": [1, 8]},
								"west": {"uv": [0, 26], "uv_size": [1, 8]},
								"up": {"uv": [25, 12], "uv_size": [1, 1]},
								"down": {"uv": [26, 13], "uv_size": [1, -1]}
							}
						}
					]
				}
			]
		}
	]
}