{
	"format_version": "1.12.0",
	"minecraft:geometry": [
		{
			"description": {
				"identifier": "geometry.coconuts",
				"texture_width": 32,
				"texture_height": 32,
				"visible_bounds_width": 2,
				"visible_bounds_height": 1.5,
				"visible_bounds_offset": [0, 0.25, 0]
			},
			"bones": [
				{
					"name": "bone3",
					"pivot": [0, 0, 0]
				},
				{
					"name": "bone",
					"parent": "bone3",
					"pivot": [-2, 0, 0.5],
					"cubes": [
						{
							"origin": [-5, 0, -1.5],
							"size": [5, 4, 5],
							"uv": {
								"north": {"uv": [5, 5], "uv_size": [5, 4]},
								"east": {"uv": [0, 5], "uv_size": [5, 4]},
								"south": {"uv": [15, 5], "uv_size": [5, 4]},
								"west": {"uv": [10, 5], "uv_size": [5, 4]},
								"up": {"uv": [5, 0], "uv_size": [5, 5]},
								"down": {"uv": [10, 5], "uv_size": [5, -5]}
							}
						},
						{
							"origin": [-2.3455, 3.2236, 1.30255],
							"size": [1, 4, 1],
							"pivot": [0, 0, 0],
							"rotation": [20.53953, 9.71539, -17.73826],
							"uv": {
								"north": {"uv": [16, 1], "uv_size": [1, 4]},
								"east": {"uv": [15, 1], "uv_size": [1, 4]},
								"south": {"uv": [18, 1], "uv_size": [1, 4]},
								"west": {"uv": [17, 1], "uv_size": [1, 4]},
								"up": {"uv": [16, 0], "uv_size": [1, 1]},
								"down": {"uv": [17, 1], "uv_size": [1, -1]}
							}
						}
					]
				},
				{
					"name": "bone2",
					"parent": "bone3",
					"pivot": [2.25, 0, -2.5],
					"cubes": [
						{
							"origin": [0.25, 0, -4.5],
							"size": [4, 3, 4],
							"uv": {
								"north": {"uv": [4, 13], "uv_size": [4, 3]},
								"east": {"uv": [0, 13], "uv_size": [4, 3]},
								"south": {"uv": [12, 13], "uv_size": [4, 3]},
								"west": {"uv": [8, 13], "uv_size": [4, 3]},
								"up": {"uv": [4, 9], "uv_size": [4, 4]},
								"down": {"uv": [8, 13], "uv_size": [4, -4]}
							}
						},
						{
							"origin": [0.56355, 0.47646, -4.07976],
							"size": [1, 4, 1],
							"pivot": [0, 0, 0],
							"rotation": [-21.96047, -9.71539, 17.73826],
							"uv": {
								"north": {"uv": [1, 1], "uv_size": [1, 4]},
								"east": {"uv": [0, 1], "uv_size": [1, 4]},
								"south": {"uv": [3, 1], "uv_size": [1, 4]},
								"west": {"uv": [2, 1], "uv_size": [1, 4]},
								"up": {"uv": [1, 0], "uv_size": [1, 1]},
								"down": {"uv": [2, 1], "uv_size": [1, -1]}
							}
						}
					]
				}
			]
		}
	]
}