{
	"format_version": "1.12.0",
	"minecraft:geometry": [
		{
			"description": {
				"identifier": "geometry.coffee_table_0",
				"texture_width": 128,
				"texture_height": 128,
				"visible_bounds_width": 3,
				"visible_bounds_height": 1.5,
				"visible_bounds_offset": [0, 0.25, 0]
			},
			"bones": [
				{
					"name": "bone",
					"pivot": [0, 0, 0],
					"cubes": [
						{
							"origin": [-16, 5, -8],
							"size": [32, 3, 16],
							"uv": {
								"north": {"uv": [16, 16], "uv_size": [32, 3]},
								"east": {"uv": [0, 16], "uv_size": [16, 3]},
								"south": {"uv": [64, 16], "uv_size": [32, 3]},
								"west": {"uv": [48, 16], "uv_size": [16, 3]},
								"up": {"uv": [16, 0], "uv_size": [32, 16]},
								"down": {"uv": [48, 16], "uv_size": [32, -16]}
							}
						},
						{
							"origin": [-16, 0, -8],
							"size": [1, 5, 1],
							"uv": {
								"north": {"uv": [9, 9], "uv_size": [1, 5]},
								"east": {"uv": [8, 9], "uv_size": [1, 5]},
								"south": {"uv": [11, 9], "uv_size": [1, 5]},
								"west": {"uv": [10, 9], "uv_size": [1, 5]},
								"up": {"uv": [9, 8], "uv_size": [1, 1]},
								"down": {"uv": [10, 9], "uv_size": [1, -1]}
							}
						},
						{
							"origin": [15, 0, -8],
							"size": [1, 5, 1],
							"uv": {
								"north": {"uv": [5, 5], "uv_size": [1, 5]},
								"east": {"uv": [4, 5], "uv_size": [1, 5]},
								"south": {"uv": [7, 5], "uv_size": [1, 5]},
								"west": {"uv": [6, 5], "uv_size": [1, 5]},
								"up": {"uv": [5, 4], "uv_size": [1, 1]},
								"down": {"uv": [6, 5], "uv_size": [1, -1]}
							}
						},
						{
							"origin": [-16, 0, 7],
							"size": [1, 5, 1],
							"uv": {
								"north": {"uv": [1, 7], "uv_size": [1, 5]},
								"east": {"uv": [0, 7], "uv_size": [1, 5]},
								"south": {"uv": [3, 7], "uv_size": [1, 5]},
								"west": {"uv": [2, 7], "uv_size": [1, 5]},
								"up": {"uv": [1, 6], "uv_size": [1, 1]},
								"down": {"uv": [2, 7], "uv_size": [1, -1]}
							}
						},
						{
							"origin": [15, 0, 7],
							"size": [1, 5, 1],
							"uv": {
								"north": {"uv": [1, 1], "uv_size": [1, 5]},
								"east": {"uv": [0, 1], "uv_size": [1, 5]},
								"south": {"uv": [3, 1], "uv_size": [1, 5]},
								"west": {"uv": [2, 1], "uv_size": [1, 5]},
								"up": {"uv": [1, 0], "uv_size": [1, 1]},
								"down": {"uv": [2, 1], "uv_size": [1, -1]}
							}
						},
						{
							"origin": [-16, 0, -7],
							"size": [1, 1, 14],
							"uv": {
								"north": {"uv": [30, 34], "uv_size": [1, 1]},
								"east": {"uv": [16, 34], "uv_size": [14, 1]},
								"south": {"uv": [45, 34], "uv_size": [1, 1]},
								"west": {"uv": [31, 34], "uv_size": [14, 1]},
								"up": {"uv": [30, 20], "uv_size": [1, 14]},
								"down": {"uv": [31, 34], "uv_size": [1, -14]}
							}
						},
						{
							"origin": [15, 0, -7],
							"size": [1, 1, 14],
							"uv": {
								"north": {"uv": [14, 33], "uv_size": [1, 1]},
								"east": {"uv": [0, 33], "uv_size": [14, 1]},
								"south": {"uv": [29, 33], "uv_size": [1, 1]},
								"west": {"uv": [15, 33], "uv_size": [14, 1]},
								"up": {"uv": [14, 19], "uv_size": [1, 14]},
								"down": {"uv": [15, 33], "uv_size": [1, -14]}
							}
						}
					]
				}
			]
		}
	]
}