{
	"format_version": "1.12.0",
	"minecraft:geometry": [
		{
			"description": {
				"identifier": "geometry.cooler_0_open",
				"texture_width": 64,
				"texture_height": 64,
				"visible_bounds_width": 3,
				"visible_bounds_height": 2.5,
				"visible_bounds_offset": [0, 0.75, 0]
			},
			"bones": [
				{
					"name": "root",
					"pivot": [0, 0, 0]
				},
				{
					"name": "top",
					"parent": "root",
					"pivot": [0, 8, 6],
					"rotation": [-67.5, 0, 0],
					"cubes": [
						{
							"origin": [-8, 8, 5],
							"size": [16, 1, 1],
							"uv": {
								"north": {"uv": [35.1, 27.1], "uv_size": [15.8, 0.8]},
								"east": {"uv": [31.1, 32.1], "uv_size": [0.8, 0.8]},
								"south": {"uv": [35.1, 28.1], "uv_size": [15.8, 0.8]},
								"west": {"uv": [8.1, 42.1], "uv_size": [0.8, 0.8]},
								"up": {"uv": [35.1, 29.1], "uv_size": [15.8, 0.8]},
								"down": {"uv": [35.1, 30.9], "uv_size": [15.8, -0.8]}
							}
						},
						{
							"origin": [-8, 8, -5],
							"size": [16, 1, 1],
							"uv": {
								"north": {"uv": [35.1, 31.1], "uv_size": [15.8, 0.8]},
								"east": {"uv": [9.1, 42.1], "uv_size": [0.8, 0.8]},
								"south": {"uv": [35.1, 32.1], "uv_size": [15.8, 0.8]},
								"west": {"uv": [10.1, 42.1], "uv_size": [0.8, 0.8]},
								"up": {"uv": [0.1, 36.1], "uv_size": [15.8, 0.8]},
								"down": {"uv": [0.1, 37.9], "uv_size": [15.8, -0.8]}
							}
						},
						{
							"origin": [-8, 8, -4],
							"size": [1, 1, 9],
							"uv": {
								"north": {"uv": [11.1, 42.1], "uv_size": [0.8, 0.8]},
								"east": {"uv": [39.1, 4.1], "uv_size": [8.8, 0.8]},
								"south": {"uv": [12.1, 42.1], "uv_size": [0.8, 0.8]},
								"west": {"uv": [39.1, 5.1], "uv_size": [8.8, 0.8]},
								"up": {"uv": [29.1, 38.1], "uv_size": [0.8, 8.8]},
								"down": {"uv": [30.1, 46.9], "uv_size": [0.8, -8.8]}
							}
						},
						{
							"origin": [7, 8, -4],
							"size": [1, 1, 9],
							"uv": {
								"north": {"uv": [13.1, 42.1], "uv_size": [0.8, 0.8]},
								"east": {"uv": [39.1, 6.1], "uv_size": [8.8, 0.8]},
								"south": {"uv": [14.1, 42.1], "uv_size": [0.8, 0.8]},
								"west": {"uv": [39.1, 7.1], "uv_size": [8.8, 0.8]},
								"up": {"uv": [16.1, 39.1], "uv_size": [0.8, 8.8]},
								"down": {"uv": [17.1, 47.9], "uv_size": [0.8, -8.8]}
							}
						}
					]
				},
				{
					"name": "top2",
					"parent": "top",
					"pivot": [0, 1, 0],
					"cubes": [
						{
							"origin": [-7.84, 8.84, 4.9],
							"size": [15.68, 0.98, 0.98],
							"uv": {
								"north": {"uv": [37.1, 33.1], "uv_size": [15.8, 0.8]},
								"east": {"uv": [42.1, 18.1], "uv_size": [0.8, 0.8]},
								"south": {"uv": [37.1, 34.1], "uv_size": [15.8, 0.8]},
								"west": {"uv": [42.1, 19.1], "uv_size": [0.8, 0.8]},
								"up": {"uv": [37.1, 35.1], "uv_size": [15.8, 0.8]},
								"down": {"uv": [37.1, 36.9], "uv_size": [15.8, -0.8]}
							}
						},
						{
							"origin": [-7.84, 8.84, -4.9],
							"size": [15.68, 0.98, 0.98],
							"uv": {
								"north": {"uv": [37.1, 37.1], "uv_size": [15.8, 0.8]},
								"east": {"uv": [42.1, 20.1], "uv_size": [0.8, 0.8]},
								"south": {"uv": [0.1, 38.1], "uv_size": [15.8, 0.8]},
								"west": {"uv": [36.1, 42.1], "uv_size": [0.8, 0.8]},
								"up": {"uv": [37.1, 38.1], "uv_size": [15.8, 0.8]},
								"down": {"uv": [0.1, 39.9], "uv_size": [15.8, -0.8]}
							}
						},
						{
							"origin": [-7.84, 8.84, -3.92],
							"size": [0.98, 0.98, 8.82],
							"uv": {
								"north": {"uv": [37.1, 42.1], "uv_size": [0.8, 0.8]},
								"east": {"uv": [39.1, 8.1], "uv_size": [8.8, 0.8]},
								"south": {"uv": [38.1, 42.1], "uv_size": [0.8, 0.8]},
								"west": {"uv": [39.1, 9.1], "uv_size": [8.8, 0.8]},
								"up": {"uv": [18.1, 39.1], "uv_size": [0.8, 8.8]},
								"down": {"uv": [19.1, 47.9], "uv_size": [0.8, -8.8]}
							}
						},
						{
							"origin": [6.835, 8.84, -3.92],
							"size": [1.005, 0.98, 8.845],
							"uv": {
								"north": {"uv": [39.1, 42.1], "uv_size": [0.8, 0.8]},
								"east": {"uv": [39.1, 10.1], "uv_size": [8.8, 0.8]},
								"south": {"uv": [42.1, 39.1], "uv_size": [0.8, 0.8]},
								"west": {"uv": [39.1, 11.1], "uv_size": [8.8, 0.8]},
								"up": {"uv": [20.1, 39.1], "uv_size": [0.8, 8.8]},
								"down": {"uv": [21.1, 47.9], "uv_size": [0.8, -8.8]}
							}
						},
						{
							"origin": [-6.86, 8.82, -3.9],
							"size": [13.7, 1, 8.8],
							"uv": {
								"north": {"uv": [39.1, 0.1], "uv_size": [13.8, 0.8]},
								"east": {"uv": [39.1, 12.1], "uv_size": [8.8, 0.8]},
								"south": {"uv": [39.1, 1.1], "uv_size": [13.8, 0.8]},
								"west": {"uv": [39.1, 13.1], "uv_size": [8.8, 0.8]},
								"up": {"uv": [16.1, 0.1], "uv_size": [13.8, 8.8]},
								"down": {"uv": [16.1, 17.9], "uv_size": [13.8, -8.8]}
							}
						},
						{
							"origin": [-6, 9.2, -3],
							"size": [3, 1, 7],
							"uv": {
								"north": {"uv": [12.1, 40.1], "uv_size": [2.8, 0.8]},
								"east": {"uv": [36.1, 39.1], "uv_size": [5.8, 0.8]},
								"south": {"uv": [12.1, 41.1], "uv_size": [2.8, 0.8]},
								"west": {"uv": [0.1, 40.1], "uv_size": [5.8, 0.8]},
								"up": {"uv": [32.1, 21.1], "uv_size": [2.8, 5.8]},
								"down": {"uv": [25.1, 37.9], "uv_size": [2.8, -5.8]}
							}
						},
						{
							"origin": [3, 9.2, -3],
							"size": [3, 1, 7],
							"uv": {
								"north": {"uv": [41.1, 14.1], "uv_size": [2.8, 0.8]},
								"east": {"uv": [6.1, 40.1], "uv_size": [5.8, 0.8]},
								"south": {"uv": [41.1, 15.1], "uv_size": [2.8, 0.8]},
								"west": {"uv": [36.1, 40.1], "uv_size": [5.8, 0.8]},
								"up": {"uv": [32.1, 27.1], "uv_size": [2.8, 5.8]},
								"down": {"uv": [28.1, 37.9], "uv_size": [2.8, -5.8]}
							}
						},
						{
							"origin": [-1.6, 9.2, -3],
							"size": [3, 1, 7],
							"uv": {
								"north": {"uv": [41.1, 16.1], "uv_size": [2.8, 0.8]},
								"east": {"uv": [0.1, 41.1], "uv_size": [5.8, 0.8]},
								"south": {"uv": [41.1, 17.1], "uv_size": [2.8, 0.8]},
								"west": {"uv": [6.1, 41.1], "uv_size": [5.8, 0.8]},
								"up": {"uv": [31.1, 33.1], "uv_size": [2.8, 5.8]},
								"down": {"uv": [34.1, 38.9], "uv_size": [2.8, -5.8]}
							}
						}
					]
				},
				{
					"name": "bottom",
					"parent": "root",
					"pivot": [0, 0, 0],
					"cubes": [
						{
							"origin": [-8, 1, 5],
							"size": [16, 7, 1],
							"uv": {
								"north": {"uv": [16.1, 25.1], "uv_size": [15.8, 6.8]},
								"east": {"uv": [34.1, 39.1], "uv_size": [0.8, 6.8]},
								"south": {"uv": [0.1, 29.1], "uv_size": [15.8, 6.8]},
								"west": {"uv": [35.1, 39.1], "uv_size": [0.8, 6.8]},
								"up": {"uv": [35.1, 25.1], "uv_size": [15.8, 0.8]},
								"down": {"uv": [35.1, 26.9], "uv_size": [15.8, -0.8]}
							}
						},
						{
							"origin": [-8, 0, -5],
							"size": [16, 1, 11],
							"uv": {
								"north": {"uv": [35.1, 21.1], "uv_size": [15.8, 0.8]},
								"east": {"uv": [39.1, 2.1], "uv_size": [10.8, 0.8]},
								"south": {"uv": [35.1, 22.1], "uv_size": [15.8, 0.8]},
								"west": {"uv": [39.1, 3.1], "uv_size": [10.8, 0.8]},
								"up": {"uv": [0.1, 0.1], "uv_size": [15.8, 10.8]},
								"down": {"uv": [0.1, 21.9], "uv_size": [15.8, -10.8]}
							}
						},
						{
							"origin": [-8, 1, -4],
							"size": [1, 7, 9],
							"uv": {
								"north": {"uv": [22.1, 39.1], "uv_size": [0.8, 6.8]},
								"east": {"uv": [30.1, 0.1], "uv_size": [8.8, 6.8]},
								"south": {"uv": [23.1, 39.1], "uv_size": [0.8, 6.8]},
								"west": {"uv": [30.1, 7.1], "uv_size": [8.8, 6.8]},
								"up": {"uv": [25.1, 38.1], "uv_size": [0.8, 8.8]},
								"down": {"uv": [26.1, 46.9], "uv_size": [0.8, -8.8]}
							}
						},
						{
							"origin": [7, 1, -4],
							"size": [1, 7, 9],
							"uv": {
								"north": {"uv": [24.1, 39.1], "uv_size": [0.8, 6.8]},
								"east": {"uv": [32.1, 14.1], "uv_size": [8.8, 6.8]},
								"south": {"uv": [31.1, 39.1], "uv_size": [0.8, 6.8]},
								"west": {"uv": [16.1, 32.1], "uv_size": [8.8, 6.8]},
								"up": {"uv": [27.1, 38.1], "uv_size": [0.8, 8.8]},
								"down": {"uv": [28.1, 46.9], "uv_size": [0.8, -8.8]}
							}
						},
						{
							"origin": [-8, 1, -5],
							"size": [16, 7, 1],
							"uv": {
								"north": {"uv": [16.1, 18.1], "uv_size": [15.8, 6.8]},
								"east": {"uv": [32.1, 39.1], "uv_size": [0.8, 6.8]},
								"south": {"uv": [0.1, 22.1], "uv_size": [15.8, 6.8]},
								"west": {"uv": [33.1, 39.1], "uv_size": [0.8, 6.8]},
								"up": {"uv": [35.1, 23.1], "uv_size": [15.8, 0.8]},
								"down": {"uv": [35.1, 24.9], "uv_size": [15.8, -0.8]}
							}
						}
					]
				},
				{
					"name": "handles",
					"parent": "bottom",
					"pivot": [8, 5, 0.3],
					"rotation": [0, 0, 47.5],
					"cubes": [
						{
							"origin": [7.26272, 4.67559, -1],
							"size": [2, 1, 1],
							"uv": {
								"north": {"uv": [6.1, 4.1], "uv_size": [1.8, 0]},
								"east": {"uv": [0.1, 0.1], "uv_size": [0.8, 0]},
								"south": {"uv": [7.1, 7.1], "uv_size": [1.8, 0]},
								"west": {"uv": [0.1, 0.1], "uv_size": [0.8, 0]},
								"up": {"uv": [30.1, 17.1], "uv_size": [1.8, 0.8]},
								"down": {"uv": [36.1, 41.9], "uv_size": [1.8, -0.8]}
							}
						},
						{
							"origin": [7.26272, 4.67559, 1],
							"size": [2, 1, 1],
							"uv": {
								"north": {"uv": [4.1, 2.1], "uv_size": [1.8, 0]},
								"east": {"uv": [0.1, 0.1], "uv_size": [0.8, 0]},
								"south": {"uv": [5.1, 7.1], "uv_size": [1.8, 0]},
								"west": {"uv": [0.1, 0.1], "uv_size": [0.8, 0]},
								"up": {"uv": [38.1, 41.1], "uv_size": [1.8, 0.8]},
								"down": {"uv": [40.1, 41.9], "uv_size": [1.8, -0.8]}
							}
						},
						{
							"origin": [9.26272, 4.67559, -1],
							"size": [1, 1, 3],
							"uv": {
								"north": {"uv": [2.1, 4.1], "uv_size": [0.8, 0]},
								"east": {"uv": [3.1, 7.1], "uv_size": [2.8, 0]},
								"south": {"uv": [6.1, 2.1], "uv_size": [0.8, 0]},
								"west": {"uv": [10.1, 4.1], "uv_size": [2.8, 0]},
								"up": {"uv": [30.1, 14.1], "uv_size": [0.8, 2.8]},
								"down": {"uv": [31.1, 16.9], "uv_size": [0.8, -2.8]}
							}
						}
					]
				},
				{
					"name": "handles2",
					"parent": "bottom",
					"pivot": [-8, 5, 0.3],
					"rotation": [0, 0, -47.5],
					"cubes": [
						{
							"origin": [-9.26272, 4.67559, -1],
							"size": [2, 1, 1],
							"uv": {
								"north": {"uv": [4.1, 4.1], "uv_size": [1.8, 0]},
								"east": {"uv": [0.1, 0.1], "uv_size": [0.8, 0]},
								"south": {"uv": [6.1, 3.1], "uv_size": [1.8, 0]},
								"west": {"uv": [0.1, 0.1], "uv_size": [0.8, 0]},
								"up": {"uv": [0.1, 42.1], "uv_size": [1.8, 0.8]},
								"down": {"uv": [2.1, 42.9], "uv_size": [1.8, -0.8]}
							}
						},
						{
							"origin": [-9.26272, 4.67559, 1],
							"size": [2, 1, 1],
							"uv": {
								"north": {"uv": [3.1, 5.1], "uv_size": [1.8, 0]},
								"east": {"uv": [0.1, 0.1], "uv_size": [0.8, 0]},
								"south": {"uv": [5.1, 9.1], "uv_size": [1.8, 0]},
								"west": {"uv": [0.1, 0.1], "uv_size": [0.8, 0]},
								"up": {"uv": [4.1, 42.1], "uv_size": [1.8, 0.8]},
								"down": {"uv": [6.1, 42.9], "uv_size": [1.8, -0.8]}
							}
						},
						{
							"origin": [-10.26272, 4.67559, -1],
							"size": [1, 1, 3],
							"uv": {
								"north": {"uv": [5.1, 7.1], "uv_size": [0.8, 0]},
								"east": {"uv": [6.1, 7.1], "uv_size": [2.8, 0]},
								"south": {"uv": [3.1, 5.1], "uv_size": [0.8, 0]},
								"west": {"uv": [6.1, 6.1], "uv_size": [2.8, 0]},
								"up": {"uv": [7.1, 39.1], "uv_size": [0.8, 2.8]},
								"down": {"uv": [36.1, 17.9], "uv_size": [0.8, -2.8]}
							}
						}
					]
				},
				{
					"name": "drinks",
					"parent": "bottom",
					"pivot": [-4.27953, 6.93726, 1.90732],
					"cubes": [
						{
							"origin": [2.11268, 4.82544, -3.74774],
							"size": [2, 3, 2],
							"pivot": [0, 0, 0],
							"rotation": [0, -27.5, -32.5],
							"uv": {
								"north": {"uv": [0, 47], "uv_size": [2, 3]},
								"east": {"uv": [0, 47], "uv_size": [2, 3]},
								"south": {"uv": [0, 47], "uv_size": [2, 3]},
								"west": {"uv": [0, 47], "uv_size": [2, 3]},
								"up": {"uv": [5, 50], "uv_size": [-2, -2]},
								"down": {"uv": [5, 50], "uv_size": [-2, -2]}
							}
						},
						{
							"origin": [-2.42983, 0.9292, 6.35557],
							"size": [2, 3, 2],
							"pivot": [0, 0, 0],
							"rotation": [69.40546, -15.35793, 25.65593],
							"uv": {
								"north": {"uv": [0, 47], "uv_size": [2, 3]},
								"east": {"uv": [0, 47], "uv_size": [2, 3]},
								"south": {"uv": [0, 47], "uv_size": [2, 3]},
								"west": {"uv": [0, 47], "uv_size": [2, 3]},
								"up": {"uv": [5, 50], "uv_size": [-2, -2]},
								"down": {"uv": [5, 50], "uv_size": [-2, -2]}
							}
						},
						{
							"origin": [-8.36575, -3.61881, 4.25435],
							"size": [2, 3, 2],
							"pivot": [0, 0, 0],
							"rotation": [116.10634, 13.06879, 16.7739],
							"uv": {
								"north": {"uv": [0, 47], "uv_size": [2, 3]},
								"east": {"uv": [0, 47], "uv_size": [2, 3]},
								"south": {"uv": [0, 47], "uv_size": [2, 3]},
								"west": {"uv": [0, 47], "uv_size": [2, 3]},
								"up": {"uv": [5, 50], "uv_size": [-2, -2]},
								"down": {"uv": [5, 50], "uv_size": [-2, -2]}
							}
						},
						{
							"origin": [-4.11788, -6.37961, 3.19827],
							"size": [2, 3, 2],
							"pivot": [0, 0, 0],
							"rotation": [149.75285, 30.72493, 6.58657],
							"uv": {
								"north": {"uv": [0, 51], "uv_size": [2, 3]},
								"east": {"uv": [0, 51], "uv_size": [2, 3]},
								"south": {"uv": [0, 51], "uv_size": [2, 3]},
								"west": {"uv": [0, 51], "uv_size": [2, 3]},
								"up": {"uv": [5, 50], "uv_size": [-2, -2]},
								"down": {"uv": [5, 50], "uv_size": [-2, -2]}
							}
						},
						{
							"origin": [2.88212, -7.37961, 3.19827],
							"size": [2, 3, 2],
							"pivot": [0, 0, 0],
							"rotation": [149.75285, 30.72493, 6.58657],
							"uv": {
								"north": {"uv": [0, 51], "uv_size": [2, 3]},
								"east": {"uv": [0, 51], "uv_size": [2, 3]},
								"south": {"uv": [0, 51], "uv_size": [2, 3]},
								"west": {"uv": [0, 51], "uv_size": [2, 3]},
								"up": {"uv": [5, 50], "uv_size": [-2, -2]},
								"down": {"uv": [5, 50], "uv_size": [-2, -2]}
							}
						},
						{
							"origin": [-0.11789, -6.25864, -7.55478],
							"size": [2, 3, 2],
							"pivot": [0, 0, 0],
							"rotation": [-157.74715, 30.72493, 6.58657],
							"uv": {
								"north": {"uv": [0, 51], "uv_size": [2, 3]},
								"east": {"uv": [0, 51], "uv_size": [2, 3]},
								"south": {"uv": [0, 51], "uv_size": [2, 3]},
								"west": {"uv": [0, 51], "uv_size": [2, 3]},
								"up": {"uv": [5, 50], "uv_size": [-2, -2]},
								"down": {"uv": [5, 50], "uv_size": [-2, -2]}
							}
						},
						{
							"origin": [-4.11789, -6.25864, -5.55478],
							"size": [2, 3, 2],
							"pivot": [0, 0, 0],
							"rotation": [-157.74715, 30.72493, 6.58657],
							"uv": {
								"north": {"uv": [3, 51], "uv_size": [2, 3]},
								"east": {"uv": [3, 51], "uv_size": [2, 3]},
								"south": {"uv": [3, 51], "uv_size": [2, 3]},
								"west": {"uv": [3, 51], "uv_size": [2, 3]},
								"up": {"uv": [5, 50], "uv_size": [-2, -2]},
								"down": {"uv": [5, 50], "uv_size": [-2, -2]}
							}
						},
						{
							"origin": [6.60757, -4.71623, -5.55479],
							"size": [2, 3, 2],
							"pivot": [0, 0, 0],
							"rotation": [176.206, 37.12187, -38.37358],
							"uv": {
								"north": {"uv": [3, 51], "uv_size": [2, 3]},
								"east": {"uv": [3, 51], "uv_size": [2, 3]},
								"south": {"uv": [3, 51], "uv_size": [2, 3]},
								"west": {"uv": [3, 51], "uv_size": [2, 3]},
								"up": {"uv": [5, 50], "uv_size": [-2, -2]},
								"down": {"uv": [5, 50], "uv_size": [-2, -2]}
							}
						},
						{
							"origin": [1.60757, -0.05479, 6.21623],
							"size": [2, 3, 2],
							"pivot": [0, 0, 0],
							"rotation": [86.206, 37.12187, -38.37358],
							"uv": {
								"north": {"uv": [3, 51], "uv_size": [2, 3]},
								"east": {"uv": [3, 51], "uv_size": [2, 3]},
								"south": {"uv": [3, 51], "uv_size": [2, 3]},
								"west": {"uv": [3, 51], "uv_size": [2, 3]},
								"up": {"uv": [5, 50], "uv_size": [-2, -2]},
								"down": {"uv": [5, 50], "uv_size": [-2, -2]}
							}
						},
						{
							"origin": [-0.60758, 6.85799, -1.73962],
							"size": [2, 3, 2],
							"pivot": [0, 0, 0],
							"rotation": [-163.706, -37.12187, 141.62642],
							"uv": {
								"north": {"uv": [3, 51], "uv_size": [2, 3]},
								"east": {"uv": [3, 51], "uv_size": [2, 3]},
								"south": {"uv": [3, 51], "uv_size": [2, 3]},
								"west": {"uv": [3, 51], "uv_size": [2, 3]},
								"up": {"uv": [5, 50], "uv_size": [-2, -2]},
								"down": {"uv": [5, 50], "uv_size": [-2, -2]}
							}
						}
					]
				},
				{
					"name": "drinks2",
					"parent": "bottom",
					"pivot": [3.72047, 4.93726, 1.90732],
					"rotation": [-180, 25, 180],
					"cubes": [
						{
							"origin": [7.14428, -1.15974, -6.36702],
							"size": [2, 3, 2],
							"pivot": [0, 0, 0],
							"rotation": [0, -27.5, -32.5],
							"uv": {
								"north": {"uv": [0, 47], "uv_size": [2, 3]},
								"east": {"uv": [0, 47], "uv_size": [2, 3]},
								"south": {"uv": [0, 47], "uv_size": [2, 3]},
								"west": {"uv": [0, 47], "uv_size": [2, 3]},
								"up": {"uv": [5, 50], "uv_size": [-2, -2]},
								"down": {"uv": [5, 50], "uv_size": [-2, -2]}
							}
						},
						{
							"origin": [5.35895, 3.51595, 7.15785],
							"size": [2, 3, 2],
							"pivot": [0, 0, 0],
							"rotation": [69.40546, -15.35793, 25.65593],
							"uv": {
								"north": {"uv": [0, 47], "uv_size": [2, 3]},
								"east": {"uv": [0, 47], "uv_size": [2, 3]},
								"south": {"uv": [0, 47], "uv_size": [2, 3]},
								"west": {"uv": [0, 47], "uv_size": [2, 3]},
								"up": {"uv": [5, 50], "uv_size": [-2, -2]},
								"down": {"uv": [5, 50], "uv_size": [-2, -2]}
							}
						},
						{
							"origin": [-0.34229, -5.46463, 3.78845],
							"size": [2, 3, 2],
							"pivot": [0, 0, 0],
							"rotation": [116.10634, 13.06879, 16.7739],
							"uv": {
								"north": {"uv": [0, 47], "uv_size": [2, 3]},
								"east": {"uv": [0, 47], "uv_size": [2, 3]},
								"south": {"uv": [0, 47], "uv_size": [2, 3]},
								"west": {"uv": [0, 47], "uv_size": [2, 3]},
								"up": {"uv": [5, 50], "uv_size": [-2, -2]},
								"down": {"uv": [5, 50], "uv_size": [-2, -2]}
							}
						},
						{
							"origin": [2.91097, -7.56037, -0.94913],
							"size": [2, 3, 2],
							"pivot": [0, 0, 0],
							"rotation": [149.75285, 30.72493, 6.58657],
							"uv": {
								"north": {"uv": [0, 51], "uv_size": [2, 3]},
								"east": {"uv": [0, 51], "uv_size": [2, 3]},
								"south": {"uv": [0, 51], "uv_size": [2, 3]},
								"west": {"uv": [0, 51], "uv_size": [2, 3]},
								"up": {"uv": [5, 50], "uv_size": [-2, -2]},
								"down": {"uv": [5, 50], "uv_size": [-2, -2]}
							}
						},
						{
							"origin": [9.91097, -8.56037, -0.94913],
							"size": [2, 3, 2],
							"pivot": [0, 0, 0],
							"rotation": [149.75285, 30.72493, 6.58657],
							"uv": {
								"north": {"uv": [0, 51], "uv_size": [2, 3]},
								"east": {"uv": [0, 51], "uv_size": [2, 3]},
								"south": {"uv": [0, 51], "uv_size": [2, 3]},
								"west": {"uv": [0, 51], "uv_size": [2, 3]},
								"up": {"uv": [5, 50], "uv_size": [-2, -2]},
								"down": {"uv": [5, 50], "uv_size": [-2, -2]}
							}
						},
						{
							"origin": [6.91097, -3.68708, -11.01633],
							"size": [2, 3, 2],
							"pivot": [0, 0, 0],
							"rotation": [-157.74715, 30.72493, 6.58657],
							"uv": {
								"north": {"uv": [0, 51], "uv_size": [2, 3]},
								"east": {"uv": [0, 51], "uv_size": [2, 3]},
								"south": {"uv": [0, 51], "uv_size": [2, 3]},
								"west": {"uv": [0, 51], "uv_size": [2, 3]},
								"up": {"uv": [5, 50], "uv_size": [-2, -2]},
								"down": {"uv": [5, 50], "uv_size": [-2, -2]}
							}
						},
						{
							"origin": [2.91097, -3.68708, -9.01633],
							"size": [2, 3, 2],
							"pivot": [0, 0, 0],
							"rotation": [-157.74715, 30.72493, 6.58657],
							"uv": {
								"north": {"uv": [3, 51], "uv_size": [2, 3]},
								"east": {"uv": [3, 51], "uv_size": [2, 3]},
								"south": {"uv": [3, 51], "uv_size": [2, 3]},
								"west": {"uv": [3, 51], "uv_size": [2, 3]},
								"up": {"uv": [5, 50], "uv_size": [-2, -2]},
								"down": {"uv": [5, 50], "uv_size": [-2, -2]}
							}
						},
						{
							"origin": [10.61847, 1.60282, -9.01633],
							"size": [2, 3, 2],
							"pivot": [0, 0, 0],
							"rotation": [176.206, 37.12187, -38.37358],
							"uv": {
								"north": {"uv": [3, 51], "uv_size": [2, 3]},
								"east": {"uv": [3, 51], "uv_size": [2, 3]},
								"south": {"uv": [3, 51], "uv_size": [2, 3]},
								"west": {"uv": [3, 51], "uv_size": [2, 3]},
								"up": {"uv": [5, 50], "uv_size": [-2, -2]},
								"down": {"uv": [5, 50], "uv_size": [-2, -2]}
							}
						},
						{
							"origin": [-4.61848, 1.43794, -6.4868],
							"size": [2, 3, 2],
							"pivot": [0, 0, 0],
							"rotation": [-163.706, -37.12187, 141.62642],
							"uv": {
								"north": {"uv": [3, 51], "uv_size": [2, 3]},
								"east": {"uv": [3, 51], "uv_size": [2, 3]},
								"south": {"uv": [3, 51], "uv_size": [2, 3]},
								"west": {"uv": [3, 51], "uv_size": [2, 3]},
								"up": {"uv": [5, 50], "uv_size": [-2, -2]},
								"down": {"uv": [5, 50], "uv_size": [-2, -2]}
							}
						}
					]
				}
			]
		}
	]
}