{
	"format_version": "1.12.0",
	"minecraft:geometry": [
		{
			"description": {
				"identifier": "geometry.dog_house_0",
				"texture_width": 128,
				"texture_height": 128,
				"visible_bounds_width": 3,
				"visible_bounds_height": 2.5,
				"visible_bounds_offset": [0, 0.75, 0]
			},
			"bones": [
				{
					"name": "bone",
					"pivot": [0, 0, 0],
					"cubes": [
						{
							"origin": [-8, 0, -8],
							"size": [2, 12, 16],
							"uv": {
								"north": {"uv": [36, 28], "uv_size": [2, 12]},
								"east": {"uv": [20, 28], "uv_size": [16, 12]},
								"south": {"uv": [54, 28], "uv_size": [2, 12]},
								"west": {"uv": [38, 28], "uv_size": [16, 12]},
								"up": {"uv": [36, 12], "uv_size": [2, 16]},
								"down": {"uv": [38, 28], "uv_size": [2, -16]}
							}
						},
						{
							"origin": [6, 0, -8],
							"size": [2, 12, 16],
							"uv": {
								"north": {"uv": [16, 16], "uv_size": [2, 12]},
								"east": {"uv": [0, 16], "uv_size": [16, 12]},
								"south": {"uv": [34, 16], "uv_size": [2, 12]},
								"west": {"uv": [18, 16], "uv_size": [16, 12]},
								"up": {"uv": [16, 0], "uv_size": [2, 16]},
								"down": {"uv": [18, 16], "uv_size": [2, -16]}
							}
						},
						{
							"origin": [-6, 0, 7],
							"size": [12, 12, 1],
							"uv": {
								"north": {"uv": [35, 49], "uv_size": [12, 12]},
								"east": {"uv": [34, 49], "uv_size": [1, 12]},
								"south": {"uv": [48, 49], "uv_size": [12, 12]},
								"west": {"uv": [47, 49], "uv_size": [1, 12]},
								"up": {"uv": [35, 48], "uv_size": [12, 1]},
								"down": {"uv": [47, 49], "uv_size": [12, -1]}
							}
						},
						{
							"origin": [-6, 12, 7],
							"size": [12, 1, 1],
							"uv": {
								"north": {"uv": [21, 1], "uv_size": [12, 1]},
								"east": {"uv": [20, 1], "uv_size": [1, 1]},
								"south": {"uv": [34, 1], "uv_size": [12, 1]},
								"west": {"uv": [33, 1], "uv_size": [1, 1]},
								"up": {"uv": [21, 0], "uv_size": [12, 1]},
								"down": {"uv": [33, 1], "uv_size": [12, -1]}
							}
						},
						{
							"origin": [-5, 13, 7],
							"size": [10, 1.5, 1],
							"uv": {
								"north": {"uv": [21, 3], "uv_size": [10, 1]},
								"east": {"uv": [20, 3], "uv_size": [1, 1]},
								"south": {"uv": [32, 3], "uv_size": [10, 1]},
								"west": {"uv": [31, 3], "uv_size": [1, 1]},
								"up": {"uv": [21, 2], "uv_size": [10, 1]},
								"down": {"uv": [31, 3], "uv_size": [10, -1]}
							}
						},
						{
							"origin": [-3, 14.5, 7],
							"size": [6, 1.5, 1],
							"uv": {
								"north": {"uv": [1, 1], "uv_size": [6, 1]},
								"east": {"uv": [0, 1], "uv_size": [1, 1]},
								"south": {"uv": [8, 1], "uv_size": [6, 1]},
								"west": {"uv": [7, 1], "uv_size": [1, 1]},
								"up": {"uv": [1, 0], "uv_size": [6, 1]},
								"down": {"uv": [7, 1], "uv_size": [6, -1]}
							}
						},
						{
							"origin": [-1.25, 16, 7],
							"size": [2.5, 1.5, 1],
							"uv": {
								"north": {"uv": [1, 3], "uv_size": [2, 1]},
								"east": {"uv": [0, 3], "uv_size": [1, 1]},
								"south": {"uv": [4, 3], "uv_size": [2, 1]},
								"west": {"uv": [3, 3], "uv_size": [1, 1]},
								"up": {"uv": [1, 2], "uv_size": [2, 1]},
								"down": {"uv": [3, 3], "uv_size": [2, -1]}
							}
						},
						{
							"origin": [-13.5, 11.5, -9],
							"size": [2, 2, 18],
							"pivot": [0, 0, 0],
							"rotation": [0, 0, 45],
							"uv": {
								"north": {"uv": [56, 46], "uv_size": [2, 2]},
								"east": {"uv": [38, 46], "uv_size": [18, 2]},
								"south": {"uv": [76, 46], "uv_size": [2, 2]},
								"west": {"uv": [58, 46], "uv_size": [18, 2]},
								"up": {"uv": [56, 28], "uv_size": [2, 18]},
								"down": {"uv": [58, 46], "uv_size": [2, -18]}
							}
						},
						{
							"origin": [-14.50904, -0.87675, -8.25],
							"size": [1.5, 12.5, 16.5],
							"pivot": [0, 0, 0],
							"rotation": [0, 0, 50],
							"uv": {
								"north": {"uv": [56, 16], "uv_size": [1, 12]},
								"east": {"uv": [40, 16], "uv_size": [16, 12]},
								"south": {"uv": [73, 16], "uv_size": [1, 12]},
								"west": {"uv": [57, 16], "uv_size": [16, 12]},
								"up": {"uv": [56, 0], "uv_size": [1, 16]},
								"down": {"uv": [57, 16], "uv_size": [1, -16]}
							}
						},
						{
							"origin": [13.00904, -0.87675, -8.25],
							"size": [1.5, 12.5, 16.5],
							"pivot": [0, 0, 0],
							"rotation": [0, 0, -50],
							"uv": {
								"north": {"uv": [16, 44], "uv_size": [1, 12]},
								"east": {"uv": [0, 44], "uv_size": [16, 12]},
								"south": {"uv": [33, 44], "uv_size": [1, 12]},
								"west": {"uv": [17, 44], "uv_size": [16, 12]},
								"up": {"uv": [16, 28], "uv_size": [1, 16]},
								"down": {"uv": [17, 44], "uv_size": [1, -16]}
							}
						}
					]
				}
			]
		}
	]
}