{
	"format_version": "1.12.0",
	"minecraft:geometry": [
		{
			"description": {
				"identifier": "geometry.flag_0",
				"texture_width": 32,
				"texture_height": 32,
				"visible_bounds_width": 2,
				"visible_bounds_height": 3.5,
				"visible_bounds_offset": [0, 1.25, 0]
			},
			"bones": [
				{
					"name": "bone",
					"pivot": [0, 0, 0],
					"cubes": [
						{
							"origin": [-0.5, 0, -0.5],
							"size": [1, 26, 1],
							"uv": {
								"north": {"uv": [1, 1], "uv_size": [1, 26]},
								"east": {"uv": [0, 1], "uv_size": [1, 26]},
								"south": {"uv": [3, 1], "uv_size": [1, 26]},
								"west": {"uv": [2, 1], "uv_size": [1, 26]},
								"up": {"uv": [1, 0], "uv_size": [1, 1]},
								"down": {"uv": [2, 1], "uv_size": [1, -1]}
							}
						},
						{
							"origin": [0.5, 20, 0],
							"size": [8, 5, 0],
							"uv": {
								"north": {"uv": [4, 0], "uv_size": [8, 5]},
								"east": {"uv": [4, 0], "uv_size": [0, 5]},
								"south": {"uv": [12, 0], "uv_size": [8, 5]},
								"west": {"uv": [12, 0], "uv_size": [0, 5]},
								"up": {"uv": [4, 0], "uv_size": [8, 0]},
								"down": {"uv": [12, 0], "uv_size": [8, 0]}
							}
						}
					]
				}
			]
		}
	]
}