{
	"format_version": "1.12.0",
	"minecraft:geometry": [
		{
			"description": {
				"identifier": "geometry.gamer_desk_0",
				"texture_width": 128,
				"texture_height": 128,
				"visible_bounds_width": 5,
				"visible_bounds_height": 3.5,
				"visible_bounds_offset": [0, 1.25, 0]
			},
			"bones": [
				{
					"name": "bb_main",
					"pivot": [0, 0, 0],
					"cubes": [
						{"origin": [-24, 15, -8], "size": [48, 1, 16], "uv": [0, 0]},
						{"origin": [19, -10.22145, -13.10355], "size": [1, 18.5, 1], "pivot": [23.5, 16.35355, 7.64645], "rotation": [-35, 0, 0], "uv": [0, 33]},
						{"origin": [-20, -10.22145, -13.10355], "size": [1, 18.5, 1], "pivot": [-23.5, 16.35355, 7.64645], "rotation": [-35, 0, 0], "uv": [0, 33], "mirror": true},
						{"origin": [-20, 0, -5], "size": [1, 1, 13], "uv": [15, 20]},
						{"origin": [19, 0, -5], "size": [1, 1, 13], "uv": [0, 19]},
						{"origin": [-19, 0, 7], "size": [38, 1, 1], "uv": [0, 17]},
						{"origin": [-23, 15, -9], "size": [7, 1, 1], "uv": [0, 2]},
						{"origin": [16, 15, -9], "size": [7, 1, 1], "uv": [0, 0]}
					]
				}
			]
		}
	]
}