{
	"format_version": "1.12.0",
	"minecraft:geometry": [
		{
			"description": {
				"identifier": "geometry.gamer_laptop_0",
				"texture_width": 64,
				"texture_height": 64,
				"visible_bounds_width": 2,
				"visible_bounds_height": 2.5,
				"visible_bounds_offset": [0, 0.75, 0]
			},
			"bones": [
				{
					"name": "main",
					"pivot": [0, 0, 0]
				},
				{
					"name": "top",
					"parent": "main",
					"pivot": [0, 1, 5],
					"cubes": [
						{"origin": [-6, 9, 4], "size": [12, 1, 1], "uv": [11, 22]},
						{"origin": [-5, 10, 4], "size": [3, 1, 1], "uv": [0, 21]},
						{"origin": [2, 10, 4], "size": [3, 1, 1], "uv": [0, 8]},
						{"origin": [-7, 2, 4], "size": [1, 7, 1], "uv": [4, 0]},
						{"origin": [6, 2, 4], "size": [1, 7, 1], "uv": [0, 0]},
						{"origin": [-6, 1, 4], "size": [12, 8, 1], "uv": [0, 12]}
					]
				},
				{
					"name": "bottom",
					"parent": "main",
					"pivot": [0, 0, 0],
					"cubes": [
						{"origin": [-6, 0, -6], "size": [12, 1, 11], "uv": [0, 0]},
						{"origin": [-7, 0, -5], "size": [1, 1, 9], "uv": [0, 21]},
						{"origin": [6, 0, -5], "size": [1, 1, 9], "uv": [17, 12]},
						{"origin": [-5, 0, -7], "size": [3, 1, 1], "uv": [0, 25]},
						{"origin": [2, 0, -7], "size": [3, 1, 1], "uv": [0, 23]}
					]
				},
				{
					"name": "keyboard",
					"parent": "bottom",
					"pivot": [0, -0.25, 1]
				},
				{
					"name": "1",
					"parent": "keyboard",
					"pivot": [0, -0.25, 1],
					"cubes": [
						{"origin": [-6, 0.25, 1], "size": [1, 1, 1], "uv": [26, 29]},
						{"origin": [-4, 0.25, 1], "size": [1, 1, 1], "uv": [29, 24]},
						{"origin": [-2, 0.25, 1], "size": [1, 1, 1], "uv": [23, 28]},
						{"origin": [0, 0.25, 1], "size": [1, 1, 1], "uv": [19, 28]},
						{"origin": [2, 0.25, 1], "size": [1, 1, 1], "uv": [28, 18]},
						{"origin": [4, 0.25, 1], "size": [1, 1, 1], "uv": [28, 16]}
					]
				},
				{
					"name": "2",
					"parent": "keyboard",
					"pivot": [0, -0.25, -1],
					"cubes": [
						{"origin": [-6, 0.25, -1], "size": [1, 1, 1], "uv": [15, 28]},
						{"origin": [-4, 0.25, -1], "size": [1, 1, 1], "uv": [28, 14]},
						{"origin": [-2, 0.25, -1], "size": [1, 1, 1], "uv": [28, 12]},
						{"origin": [0, 0.25, -1], "size": [1, 1, 1], "uv": [11, 28]},
						{"origin": [2, 0.25, -1], "size": [1, 1, 1], "uv": [26, 27]},
						{"origin": [4, 0.25, -1], "size": [1, 1, 1], "uv": [4, 27]}
					]
				},
				{
					"name": "3",
					"parent": "keyboard",
					"pivot": [0, -0.25, -3],
					"cubes": [
						{"origin": [-6, 0.25, -3], "size": [1, 1, 1], "uv": [0, 27]},
						{"origin": [-4, 0.25, -3], "size": [1, 1, 1], "uv": [26, 25]},
						{"origin": [-2, 0.25, -3], "size": [1, 1, 1], "uv": [23, 26]},
						{"origin": [0, 0.25, -3], "size": [1, 1, 1], "uv": [19, 26]},
						{"origin": [2, 0.25, -3], "size": [1, 1, 1], "uv": [15, 26]},
						{"origin": [4, 0.25, -3], "size": [1, 1, 1], "uv": [11, 26]}
					]
				},
				{
					"name": "4",
					"parent": "keyboard",
					"pivot": [0, -0.25, -5],
					"cubes": [
						{"origin": [-6, 0.25, -5], "size": [1, 1, 1], "uv": [7, 9]},
						{"origin": [-4, 0.25, -5], "size": [7, 1, 1], "uv": [11, 24]},
						{"origin": [4, 0.25, -5], "size": [1, 1, 1], "uv": [7, 7]}
					]
				}
			]
		}
	]
}