{
	"format_version": "1.12.0",
	"minecraft:geometry": [
		{
			"description": {
				"identifier": "geometry.globe_0",
				"texture_width": 64,
				"texture_height": 64,
				"visible_bounds_width": 2,
				"visible_bounds_height": 2.5,
				"visible_bounds_offset": [0, 0.75, 0]
			},
			"bones": [
				{
					"name": "bone3",
					"pivot": [0, 0, 0]
				},
				{
					"name": "bone2",
					"parent": "bone3",
					"pivot": [0, 8, 0],
					"rotation": [0, -70, -45],
					"cubes": [
						{
							"origin": [-1, 4.5, -1],
							"size": [2, 1, 2],
							"uv": {
								"north": {"uv": [27, 24], "uv_size": [2, 1]},
								"east": {"uv": [27, 25], "uv_size": [2, 1]},
								"south": {"uv": [27, 26], "uv_size": [2, 1]},
								"west": {"uv": [27, 27], "uv_size": [2, 1]},
								"up": {"uv": [22, 9], "uv_size": [2, 2]},
								"down": {"uv": [22, 24], "uv_size": [2, -2]}
							}
						},
						{
							"origin": [-1, 10.5, -1],
							"size": [2, 1, 2],
							"uv": {
								"north": {"uv": [0, 28], "uv_size": [2, 1]},
								"east": {"uv": [28, 1], "uv_size": [2, 1]},
								"south": {"uv": [2, 28], "uv_size": [2, 1]},
								"west": {"uv": [28, 2], "uv_size": [2, 1]},
								"up": {"uv": [8, 23], "uv_size": [2, 2]},
								"down": {"uv": [24, 14], "uv_size": [2, -2]}
							}
						},
						{
							"origin": [-2, 4.75, -2],
							"size": [4, 1, 4],
							"uv": {
								"north": {"uv": [22, 11], "uv_size": [4, 1]},
								"east": {"uv": [0, 23], "uv_size": [4, 1]},
								"south": {"uv": [4, 23], "uv_size": [4, 1]},
								"west": {"uv": [0, 24], "uv_size": [4, 1]},
								"up": {"uv": [16, 12], "uv_size": [4, 4]},
								"down": {"uv": [16, 20], "uv_size": [4, -4]}
							}
						},
						{
							"origin": [-2, 10.25, -2],
							"size": [4, 1, 4],
							"uv": {
								"north": {"uv": [4, 24], "uv_size": [4, 1]},
								"east": {"uv": [24, 9], "uv_size": [4, 1]},
								"south": {"uv": [24, 10], "uv_size": [4, 1]},
								"west": {"uv": [12, 24], "uv_size": [4, 1]},
								"up": {"uv": [0, 18], "uv_size": [4, 4]},
								"down": {"uv": [18, 4], "uv_size": [4, -4]}
							}
						},
						{
							"origin": [-3, 5, -3],
							"size": [6, 6, 6],
							"uv": {
								"north": {"uv": [6, 0], "uv_size": [6, 6]},
								"east": {"uv": [6, 6], "uv_size": [6, 6]},
								"south": {"uv": [0, 12], "uv_size": [6, 6]},
								"west": {"uv": [12, 0], "uv_size": [6, 6]},
								"up": {"uv": [6, 12], "uv_size": [6, 6]},
								"down": {"uv": [12, 12], "uv_size": [6, -6]}
							}
						},
						{
							"origin": [-3.25, 6, -2],
							"size": [1, 4, 4],
							"uv": {
								"north": {"uv": [14, 25], "uv_size": [1, 4]},
								"east": {"uv": [12, 20], "uv_size": [4, 4]},
								"south": {"uv": [25, 14], "uv_size": [1, 4]},
								"west": {"uv": [20, 12], "uv_size": [4, 4]},
								"up": {"uv": [15, 25], "uv_size": [1, 4]},
								"down": {"uv": [25, 26], "uv_size": [1, -4]}
							}
						},
						{
							"origin": [2.25, 6, -2],
							"size": [1, 4, 4],
							"uv": {
								"north": {"uv": [26, 11], "uv_size": [1, 4]},
								"east": {"uv": [16, 20], "uv_size": [4, 4]},
								"south": {"uv": [17, 26], "uv_size": [1, 4]},
								"west": {"uv": [20, 16], "uv_size": [4, 4]},
								"up": {"uv": [18, 26], "uv_size": [1, 4]},
								"down": {"uv": [22, 30], "uv_size": [1, -4]}
							}
						},
						{
							"origin": [2.5, 7, -1],
							"size": [1, 2, 2],
							"uv": {
								"north": {"uv": [28, 9], "uv_size": [1, 2]},
								"east": {"uv": [0, 26], "uv_size": [2, 2]},
								"south": {"uv": [11, 28], "uv_size": [1, 2]},
								"west": {"uv": [2, 26], "uv_size": [2, 2]},
								"up": {"uv": [12, 28], "uv_size": [1, 2]},
								"down": {"uv": [16, 30], "uv_size": [1, -2]}
							}
						},
						{
							"origin": [-3.5, 7, -1],
							"size": [1, 2, 2],
							"uv": {
								"north": {"uv": [28, 18], "uv_size": [1, 2]},
								"east": {"uv": [4, 26], "uv_size": [2, 2]},
								"south": {"uv": [19, 28], "uv_size": [1, 2]},
								"west": {"uv": [6, 26], "uv_size": [2, 2]},
								"up": {"uv": [28, 22], "uv_size": [1, 2]},
								"down": {"uv": [27, 30], "uv_size": [1, -2]}
							}
						},
						{
							"origin": [-2, 6, -3.25],
							"size": [4, 4, 1],
							"uv": {
								"north": {"uv": [4, 18], "uv_size": [4, 4]},
								"east": {"uv": [24, 14], "uv_size": [1, 4]},
								"south": {"uv": [18, 4], "uv_size": [4, 4]},
								"west": {"uv": [16, 24], "uv_size": [1, 4]},
								"up": {"uv": [24, 18], "uv_size": [4, 1]},
								"down": {"uv": [24, 20], "uv_size": [4, -1]}
							}
						},
						{
							"origin": [-2, 6, 2.25],
							"size": [4, 4, 1],
							"uv": {
								"north": {"uv": [8, 18], "uv_size": [4, 4]},
								"east": {"uv": [19, 24], "uv_size": [1, 4]},
								"south": {"uv": [18, 8], "uv_size": [4, 4]},
								"west": {"uv": [24, 22], "uv_size": [1, 4]},
								"up": {"uv": [0, 25], "uv_size": [4, 1]},
								"down": {"uv": [4, 26], "uv_size": [4, -1]}
							}
						},
						{
							"origin": [-1, 7, -3.5],
							"size": [2, 2, 1],
							"uv": {
								"north": {"uv": [17, 24], "uv_size": [2, 2]},
								"east": {"uv": [28, 3], "uv_size": [1, 2]},
								"south": {"uv": [22, 24], "uv_size": [2, 2]},
								"west": {"uv": [4, 28], "uv_size": [1, 2]},
								"up": {"uv": [5, 28], "uv_size": [2, 1]},
								"down": {"uv": [28, 6], "uv_size": [2, -1]}
							}
						},
						{
							"origin": [-1, 7, 2.5],
							"size": [2, 2, 1],
							"uv": {
								"north": {"uv": [8, 25], "uv_size": [2, 2]},
								"east": {"uv": [28, 6], "uv_size": [1, 2]},
								"south": {"uv": [12, 25], "uv_size": [2, 2]},
								"west": {"uv": [7, 28], "uv_size": [1, 2]},
								"up": {"uv": [28, 8], "uv_size": [2, 1]},
								"down": {"uv": [9, 29], "uv_size": [2, -1]}
							}
						}
					]
				},
				{
					"name": "octagon",
					"parent": "bone3",
					"pivot": [8.75, 0.75, -8],
					"cubes": [
						{
							"origin": [-7.97056, 0.13173, -0.5],
							"size": [4.62742, 0.75, 1],
							"pivot": [0, 0, 0],
							"rotation": [0, 0, 45],
							"uv": {
								"north": {"uv": [22, 1], "uv_size": [4.5, 1]},
								"east": {"uv": [1, 29], "uv_size": [1, 1]},
								"south": {"uv": [22, 2], "uv_size": [4.5, 1]},
								"west": {"uv": [2, 29], "uv_size": [1, 1]},
								"up": {"uv": [22, 3], "uv_size": [4.5, 1]},
								"down": {"uv": [22, 5], "uv_size": [4.5, -1]}
							}
						},
						{
							"origin": [-2.27082, 2.45711, -0.5],
							"size": [4.62742, 0.75, 1],
							"uv": {
								"north": {"uv": [22, 5], "uv_size": [4.5, 1]},
								"east": {"uv": [3, 29], "uv_size": [1, 1]},
								"south": {"uv": [22, 6], "uv_size": [4.5, 1]},
								"west": {"uv": [29, 3], "uv_size": [1, 1]},
								"up": {"uv": [22, 7], "uv_size": [4.5, 1]},
								"down": {"uv": [22, 9], "uv_size": [4.5, -1]}
							}
						},
						{
							"origin": [-0.82107, 3.4038, -0.5],
							"size": [0.75, 3.62742, 1],
							"pivot": [0, 0, 0],
							"rotation": [0, 0, 45],
							"uv": {
								"north": {"uv": [26, 22], "uv_size": [1, 3.5]},
								"east": {"uv": [23, 26], "uv_size": [1, 3.5]},
								"south": {"uv": [24, 26], "uv_size": [1, 3.5]},
								"west": {"uv": [25, 26], "uv_size": [1, 3.5]},
								"up": {"uv": [29, 4], "uv_size": [1, 1]},
								"down": {"uv": [5, 30], "uv_size": [1, -1]}
							}
						},
						{
							"origin": [-10.82107, 5.4038, -0.25],
							"size": [10, 0.62742, 0.5],
							"pivot": [0, 0, 0],
							"rotation": [0, 0, 45],
							"uv": {
								"north": {"uv": [20, 20], "uv_size": [10, 0.5]},
								"east": {"uv": [29, 9], "uv_size": [0.5, 0.5]},
								"south": {"uv": [20, 21], "uv_size": [10, 0.5]},
								"west": {"uv": [10, 29], "uv_size": [0.5, 0.5]},
								"up": {"uv": [0, 22], "uv_size": [10, 0.5]},
								"down": {"uv": [22, 0.5], "uv_size": [10, -0.5]}
							}
						},
						{
							"origin": [-11.24264, 3.4038, -0.5],
							"size": [0.75, 3.62742, 1],
							"pivot": [0, 0, 0],
							"rotation": [0, 0, 45],
							"uv": {
								"north": {"uv": [26, 26], "uv_size": [1, 3.5]},
								"east": {"uv": [27, 1], "uv_size": [1, 3.5]},
								"south": {"uv": [27, 5], "uv_size": [1, 3.5]},
								"west": {"uv": [8, 27], "uv_size": [1, 3.5]},
								"up": {"uv": [6, 29], "uv_size": [1, 1]},
								"down": {"uv": [29, 7], "uv_size": [1, -1]}
							}
						},
						{
							"origin": [-5.54289, 5.72918, -0.5],
							"size": [0.75, 4.62742, 1],
							"uv": {
								"north": {"uv": [10, 22], "uv_size": [1, 4.5]},
								"east": {"uv": [11, 22], "uv_size": [1, 4.5]},
								"south": {"uv": [20, 22], "uv_size": [1, 4.5]},
								"west": {"uv": [21, 22], "uv_size": [1, 4.5]},
								"up": {"uv": [29, 7], "uv_size": [1, 1]},
								"down": {"uv": [9, 30], "uv_size": [1, -1]}
							}
						}
					]
				},
				{
					"name": "bone",
					"parent": "bone3",
					"pivot": [0, 0, 0],
					"cubes": [
						{
							"origin": [-3, 0, -3],
							"size": [6, 0.25, 6],
							"uv": {
								"north": {"uv": [26, 15], "uv_size": [6, 0.5]},
								"east": {"uv": [26, 16], "uv_size": [6, 0.5]},
								"south": {"uv": [26, 17], "uv_size": [6, 0.5]},
								"west": {"uv": [27, 11], "uv_size": [6, 0.5]},
								"up": {"uv": [0, 0], "uv_size": [6, 6]},
								"down": {"uv": [0, 12], "uv_size": [6, -6]}
							}
						},
						{
							"origin": [-2, 0.25, -2],
							"size": [4, 0.5, 4],
							"uv": {
								"north": {"uv": [9, 27], "uv_size": [4, 0.5]},
								"east": {"uv": [27, 12], "uv_size": [4, 0.5]},
								"south": {"uv": [27, 13], "uv_size": [4, 0.5]},
								"west": {"uv": [27, 14], "uv_size": [4, 0.5]},
								"up": {"uv": [12, 12], "uv_size": [4, 4]},
								"down": {"uv": [12, 20], "uv_size": [4, -4]}
							}
						},
						{
							"origin": [-0.5, 0.75, -0.5],
							"size": [1, 1.75, 1],
							"uv": {
								"north": {"uv": [13, 27], "uv_size": [1, 2]},
								"east": {"uv": [20, 27], "uv_size": [1, 2]},
								"south": {"uv": [21, 27], "uv_size": [1, 2]},
								"west": {"uv": [27, 22], "uv_size": [1, 2]},
								"up": {"uv": [28, 28], "uv_size": [1, 1]},
								"down": {"uv": [0, 30], "uv_size": [1, -1]}
							}
						}
					]
				}
			]
		}
	]
}