{
	"format_version": "1.12.0",
	"minecraft:geometry": [
		{
			"description": {
				"identifier": "geometry.gravestone_0",
				"texture_width": 32,
				"texture_height": 32,
				"visible_bounds_width": 2,
				"visible_bounds_height": 2.5,
				"visible_bounds_offset": [0, 0.75, 0]
			},
			"bones": [
				{
					"name": "bone",
					"pivot": [0, 0, 0],
					"cubes": [
						{
							"origin": [-6, 0, 5],
							"size": [12, 9, 2],
							"uv": {
								"north": {"uv": [0, 0], "uv_size": [12, 9]},
								"east": {"uv": [11, 18], "uv_size": [2, 9]},
								"south": {"uv": [0, 9], "uv_size": [12, 9]},
								"west": {"uv": [13, 18], "uv_size": [2, 9]},
								"up": {"uv": [12, 0], "uv_size": [12, 2]},
								"down": {"uv": [12, 4], "uv_size": [12, -2]}
							}
						},
						{
							"origin": [-5.75, 9, 5],
							"size": [11.5, 2, 2],
							"uv": {
								"north": {"uv": [12, 4], "uv_size": [12, 2]},
								"east": {"uv": [9, 20], "uv_size": [2, 2]},
								"south": {"uv": [12, 6], "uv_size": [12, 2]},
								"west": {"uv": [0, 22], "uv_size": [2, 2]},
								"up": {"uv": [12, 8], "uv_size": [12, 2]},
								"down": {"uv": [12, 12], "uv_size": [12, -2]}
							}
						},
						{
							"origin": [-5.25, 11, 5],
							"size": [10.5, 1.5, 2],
							"uv": {
								"north": {"uv": [12, 12], "uv_size": [11, 2]},
								"east": {"uv": [2, 22], "uv_size": [2, 2]},
								"south": {"uv": [12, 14], "uv_size": [11, 2]},
								"west": {"uv": [4, 22], "uv_size": [2, 2]},
								"up": {"uv": [12, 16], "uv_size": [11, 2]},
								"down": {"uv": [0, 20], "uv_size": [11, -2]}
							}
						},
						{
							"origin": [-4.5, 12.5, 5],
							"size": [9, 0.75, 2],
							"uv": {
								"north": {"uv": [15, 20], "uv_size": [9, 1]},
								"east": {"uv": [6, 22], "uv_size": [2, 1]},
								"south": {"uv": [15, 21], "uv_size": [9, 1]},
								"west": {"uv": [8, 22], "uv_size": [2, 1]},
								"up": {"uv": [15, 18], "uv_size": [9, 2]},
								"down": {"uv": [0, 22], "uv_size": [9, -2]}
							}
						}
					]
				}
			]
		}
	]
}