{
	"format_version": "1.12.0",
	"minecraft:geometry": [
		{
			"description": {
				"identifier": "geometry.gravestone_2",
				"texture_width": 64,
				"texture_height": 64,
				"visible_bounds_width": 2,
				"visible_bounds_height": 2.5,
				"visible_bounds_offset": [0, 0.75, 0]
			},
			"bones": [
				{
					"name": "bone",
					"pivot": [0, 0, 0],
					"cubes": [
						{
							"origin": [-6, 0, -6],
							"size": [12, 0.25, 12],
							"uv": {
								"north": {"uv": [0, 24], "uv_size": [12, 1]},
								"east": {"uv": [0, 25], "uv_size": [12, 1]},
								"south": {"uv": [0, 26], "uv_size": [12, 1]},
								"west": {"uv": [26, 12], "uv_size": [12, 1]},
								"up": {"uv": [0, 0], "uv_size": [12, 12]},
								"down": {"uv": [0, 24], "uv_size": [12, -12]}
							}
						},
						{
							"origin": [-5, 0.25, -5],
							"size": [10, 0.25, 10],
							"pivot": [0, 0, 0],
							"rotation": [0, 7.5, 0],
							"uv": {
								"north": {"uv": [26, 13], "uv_size": [10, 1]},
								"east": {"uv": [26, 14], "uv_size": [10, 1]},
								"south": {"uv": [26, 15], "uv_size": [10, 1]},
								"west": {"uv": [26, 16], "uv_size": [10, 1]},
								"up": {"uv": [12, 0], "uv_size": [10, 10]},
								"down": {"uv": [12, 20], "uv_size": [10, -10]}
							}
						},
						{
							"origin": [-4, 0.5, -4],
							"size": [8, 0.5, 8],
							"uv": {
								"north": {"uv": [26, 17], "uv_size": [8, 1]},
								"east": {"uv": [26, 18], "uv_size": [8, 1]},
								"south": {"uv": [26, 19], "uv_size": [8, 1]},
								"west": {"uv": [0, 27], "uv_size": [8, 1]},
								"up": {"uv": [12, 20], "uv_size": [8, 8]},
								"down": {"uv": [20, 28], "uv_size": [8, -8]}
							}
						},
						{
							"origin": [-3, 1, -3],
							"size": [6, 0.75, 6],
							"pivot": [0, 0, 0],
							"rotation": [0, -10, 0],
							"uv": {
								"north": {"uv": [0, 28], "uv_size": [6, 1]},
								"east": {"uv": [28, 0], "uv_size": [6, 1]},
								"south": {"uv": [28, 1], "uv_size": [6, 1]},
								"west": {"uv": [28, 2], "uv_size": [6, 1]},
								"up": {"uv": [22, 0], "uv_size": [6, 6]},
								"down": {"uv": [22, 12], "uv_size": [6, -6]}
							}
						},
						{
							"origin": [-2, 1.75, -2],
							"size": [4, 0.75, 4],
							"pivot": [0, 0, 0],
							"rotation": [0, 7.5, 0],
							"uv": {
								"north": {"uv": [28, 8], "uv_size": [4, 1]},
								"east": {"uv": [28, 9], "uv_size": [4, 1]},
								"south": {"uv": [28, 10], "uv_size": [4, 1]},
								"west": {"uv": [28, 11], "uv_size": [4, 1]},
								"up": {"uv": [22, 12], "uv_size": [4, 4]},
								"down": {"uv": [22, 20], "uv_size": [4, -4]}
							}
						},
						{
							"origin": [-0.25, 2.25, -0.25],
							"size": [0.5, 7, 0.5],
							"uv": {
								"north": {"uv": [8, 27], "uv_size": [1, 7]},
								"east": {"uv": [9, 27], "uv_size": [1, 7]},
								"south": {"uv": [10, 27], "uv_size": [1, 7]},
								"west": {"uv": [11, 27], "uv_size": [1, 7]},
								"up": {"uv": [17, 28], "uv_size": [1, 1]},
								"down": {"uv": [18, 29], "uv_size": [1, -1]}
							}
						},
						{
							"origin": [-3.46025, 7.1363, -0.55],
							"size": [0.725, 0.75, 0.875],
							"pivot": [0, 0, 0],
							"rotation": [0, 0, 22.5],
							"uv": {
								"north": {"uv": [28, 21], "uv_size": [1, 1]},
								"east": {"uv": [22, 28], "uv_size": [1, 1]},
								"south": {"uv": [28, 22], "uv_size": [1, 1]},
								"west": {"uv": [23, 28], "uv_size": [1, 1]},
								"up": {"uv": [28, 23], "uv_size": [1, 1]},
								"down": {"uv": [24, 29], "uv_size": [1, -1]}
							}
						},
						{
							"origin": [7.48387, -4.97906, -0.5],
							"size": [0.5, 5.25, 0.5],
							"pivot": [0, 0, 0],
							"rotation": [0, 0, -107.5],
							"uv": {
								"north": {"uv": [28, 3], "uv_size": [1, 5]},
								"east": {"uv": [6, 28], "uv_size": [1, 5]},
								"south": {"uv": [7, 28], "uv_size": [1, 5]},
								"west": {"uv": [12, 28], "uv_size": [1, 5]},
								"up": {"uv": [28, 20], "uv_size": [1, 1]},
								"down": {"uv": [21, 29], "uv_size": [1, -1]}
							}
						},
						{
							"origin": [0.95523, 9.13823, -0.25],
							"size": [0.5, 2, 0.5],
							"pivot": [0, 0, 0],
							"rotation": [0, 0, -7.5],
							"uv": {
								"north": {"uv": [13, 28], "uv_size": [1, 2]},
								"east": {"uv": [14, 28], "uv_size": [1, 2]},
								"south": {"uv": [15, 28], "uv_size": [1, 2]},
								"west": {"uv": [16, 28], "uv_size": [1, 2]},
								"up": {"uv": [19, 28], "uv_size": [1, 1]},
								"down": {"uv": [20, 29], "uv_size": [1, -1]}
							}
						}
					]
				}
			]
		}
	]
}