{
	"format_version": "1.12.0",
	"minecraft:geometry": [
		{
			"description": {
				"identifier": "geometry.gravestone_5",
				"texture_width": 32,
				"texture_height": 32,
				"visible_bounds_width": 2,
				"visible_bounds_height": 2.5,
				"visible_bounds_offset": [0, 0.75, 0]
			},
			"bones": [
				{
					"name": "bone",
					"pivot": [0, 0, 0],
					"cubes": [
						{
							"origin": [-1, 0, -1],
							"size": [2, 15, 2],
							"uv": {
								"north": {"uv": [2, 2], "uv_size": [2, 15]},
								"east": {"uv": [0, 2], "uv_size": [2, 15]},
								"south": {"uv": [6, 2], "uv_size": [2, 15]},
								"west": {"uv": [4, 2], "uv_size": [2, 15]},
								"up": {"uv": [2, 0], "uv_size": [2, 2]},
								"down": {"uv": [4, 2], "uv_size": [2, -2]}
							}
						},
						{
							"origin": [-5, 9, -1],
							"size": [4, 2, 2],
							"uv": {
								"north": {"uv": [10, 6], "uv_size": [4, 2]},
								"east": {"uv": [8, 6], "uv_size": [2, 2]},
								"south": {"uv": [16, 6], "uv_size": [4, 2]},
								"west": {"uv": [14, 6], "uv_size": [2, 2]},
								"up": {"uv": [10, 4], "uv_size": [4, 2]},
								"down": {"uv": [14, 6], "uv_size": [4, -2]}
							}
						},
						{
							"origin": [1, 9, -1],
							"size": [4, 2, 2],
							"uv": {
								"north": {"uv": [10, 2], "uv_size": [4, 2]},
								"east": {"uv": [8, 2], "uv_size": [2, 2]},
								"south": {"uv": [16, 2], "uv_size": [4, 2]},
								"west": {"uv": [14, 2], "uv_size": [2, 2]},
								"up": {"uv": [10, 0], "uv_size": [4, 2]},
								"down": {"uv": [14, 2], "uv_size": [4, -2]}
							}
						}
					]
				}
			]
		}
	]
}