{
	"format_version": "1.12.0",
	"minecraft:geometry": [
		{
			"description": {
				"identifier": "geometry.gravestone_4",
				"texture_width": 64,
				"texture_height": 64,
				"visible_bounds_width": 2,
				"visible_bounds_height": 1.5,
				"visible_bounds_offset": [0, 0.25, 0]
			},
			"bones": [
				{
					"name": "bb_main",
					"pivot": [0, 0, 0],
					"cubes": [
						{"origin": [-6, 0, -8], "size": [12, 1, 16], "uv": [0, 0]},
						{"origin": [-5, 1, -7], "size": [10, 1, 14], "uv": [0, 17]}
					]
				}
			]
		}
	]
}