{
	"format_version": "1.12.0",
	"minecraft:geometry": [
		{
			"description": {
				"identifier": "geometry.gravestone_3",
				"texture_width": 64,
				"texture_height": 64,
				"visible_bounds_width": 3,
				"visible_bounds_height": 3.5,
				"visible_bounds_offset": [0, 1.25, 0]
			},
			"bones": [
				{
					"name": "bone",
					"pivot": [0, 0, 0],
					"cubes": [
						{
							"origin": [-7, 0, -7],
							"size": [14, 2, 14],
							"uv": {
								"north": {"uv": [14, 14], "uv_size": [14, 2]},
								"east": {"uv": [0, 14], "uv_size": [14, 2]},
								"south": {"uv": [42, 14], "uv_size": [14, 2]},
								"west": {"uv": [28, 14], "uv_size": [14, 2]},
								"up": {"uv": [14, 0], "uv_size": [14, 14]},
								"down": {"uv": [28, 14], "uv_size": [14, -14]}
							}
						},
						{
							"origin": [-6, 1, -6],
							"size": [12, 2, 12],
							"uv": {
								"north": {"uv": [12, 28], "uv_size": [12, 2]},
								"east": {"uv": [0, 28], "uv_size": [12, 2]},
								"south": {"uv": [36, 28], "uv_size": [12, 2]},
								"west": {"uv": [24, 28], "uv_size": [12, 2]},
								"up": {"uv": [12, 16], "uv_size": [12, 12]},
								"down": {"uv": [24, 28], "uv_size": [12, -12]}
							}
						},
						{
							"origin": [-3, 3, -3],
							"size": [6, 26, 6],
							"uv": {
								"north": {"uv": [6, 36], "uv_size": [6, 26]},
								"east": {"uv": [0, 36], "uv_size": [6, 26]},
								"south": {"uv": [18, 36], "uv_size": [6, 26]},
								"west": {"uv": [12, 36], "uv_size": [6, 26]},
								"up": {"uv": [6, 30], "uv_size": [6, 6]},
								"down": {"uv": [12, 36], "uv_size": [6, -6]}
							}
						},
						{
							"origin": [3, 18, -3],
							"size": [7, 5, 6],
							"uv": {
								"north": {"uv": [42, 22], "uv_size": [7, 5]},
								"east": {"uv": [36, 22], "uv_size": [6, 5]},
								"south": {"uv": [55, 22], "uv_size": [7, 5]},
								"west": {"uv": [49, 22], "uv_size": [6, 5]},
								"up": {"uv": [42, 16], "uv_size": [7, 6]},
								"down": {"uv": [49, 22], "uv_size": [7, -6]}
							}
						},
						{
							"origin": [-10, 18, -3],
							"size": [7, 5, 6],
							"uv": {
								"north": {"uv": [30, 36], "uv_size": [7, 5]},
								"east": {"uv": [24, 36], "uv_size": [6, 5]},
								"south": {"uv": [43, 36], "uv_size": [7, 5]},
								"west": {"uv": [37, 36], "uv_size": [6, 5]},
								"up": {"uv": [30, 30], "uv_size": [7, 6]},
								"down": {"uv": [37, 36], "uv_size": [7, -6]}
							}
						}
					]
				}
			]
		}
	]
}