{
	"format_version": "1.12.0",
	"minecraft:geometry": [
		{
			"description": {
				"identifier": "geometry.grill_0",
				"texture_width": 64,
				"texture_height": 64,
				"visible_bounds_width": 3,
				"visible_bounds_height": 3.5,
				"visible_bounds_offset": [0, 1.25, 0]
			},
			"bones": [
				{
					"name": "bone3",
					"pivot": [0, 4.75, 0]
				},
				{
					"name": "bone",
					"parent": "bone3",
					"pivot": [0, 13.25, 0],
					"cubes": [
						{
							"origin": [-5, 13.25, -5],
							"size": [10, 1, 10],
							"uv": {
								"north": {"uv": [41, 11], "uv_size": [10, 1]},
								"east": {"uv": [41, 12], "uv_size": [10, 1]},
								"south": {"uv": [41, 13], "uv_size": [10, 1]},
								"west": {"uv": [41, 14], "uv_size": [10, 1]},
								"up": {"uv": [0, 0], "uv_size": [10, 10]},
								"down": {"uv": [0, 20], "uv_size": [10, -10]}
							}
						},
						{
							"origin": [-5, 15.75, -5],
							"size": [10, 0, 10],
							"uv": {
								"north": {"uv": [0, 0], "uv_size": [10, 0]},
								"east": {"uv": [0, 0], "uv_size": [10, 0]},
								"south": {"uv": [0, 0], "uv_size": [10, 0]},
								"west": {"uv": [0, 0], "uv_size": [10, 0]},
								"up": {"uv": [0, 20], "uv_size": [10, 10]},
								"down": {"uv": [20, 10], "uv_size": [10, -10]}
							}
						},
						{
							"origin": [-4, 12.25, -4],
							"size": [8, 1, 8],
							"uv": {
								"north": {"uv": [41, 19], "uv_size": [8, 1]},
								"east": {"uv": [42, 3], "uv_size": [8, 1]},
								"south": {"uv": [42, 4], "uv_size": [8, 1]},
								"west": {"uv": [42, 5], "uv_size": [8, 1]},
								"up": {"uv": [20, 20], "uv_size": [8, 8]},
								"down": {"uv": [20, 36], "uv_size": [8, -8]}
							}
						},
						{
							"origin": [-5, 5.25, -5],
							"size": [10, 0, 10],
							"uv": {
								"north": {"uv": [0, 0], "uv_size": [10, 0]},
								"east": {"uv": [0, 0], "uv_size": [10, 0]},
								"south": {"uv": [0, 0], "uv_size": [10, 0]},
								"west": {"uv": [0, 0], "uv_size": [10, 0]},
								"up": {"uv": [10, 20], "uv_size": [10, 10]},
								"down": {"uv": [20, 20], "uv_size": [10, -10]}
							}
						},
						{
							"origin": [-5.25, 14.25, -6],
							"size": [10.5, 1.5, 1],
							"uv": {
								"north": {"uv": [28, 24], "uv_size": [11, 2]},
								"east": {"uv": [5, 44], "uv_size": [1, 2]},
								"south": {"uv": [28, 26], "uv_size": [11, 2]},
								"west": {"uv": [6, 44], "uv_size": [1, 2]},
								"up": {"uv": [26, 40], "uv_size": [11, 1]},
								"down": {"uv": [40, 31], "uv_size": [11, -1]}
							}
						},
						{
							"origin": [-5.75, 15.25, -6.5],
							"size": [11.5, 0.75, 1.25],
							"uv": {
								"north": {"uv": [28, 32], "uv_size": [12, 1]},
								"east": {"uv": [34, 45], "uv_size": [1, 1]},
								"south": {"uv": [28, 33], "uv_size": [12, 1]},
								"west": {"uv": [35, 45], "uv_size": [1, 1]},
								"up": {"uv": [28, 34], "uv_size": [12, 1]},
								"down": {"uv": [28, 36], "uv_size": [12, -1]}
							}
						},
						{
							"origin": [-1.75, 14.25, -6.75],
							"size": [0.5, 0.75, 1.5],
							"uv": {
								"north": {"uv": [46, 8], "uv_size": [1, 1]},
								"east": {"uv": [33, 44], "uv_size": [2, 1]},
								"south": {"uv": [9, 46], "uv_size": [1, 1]},
								"west": {"uv": [44, 36], "uv_size": [2, 1]},
								"up": {"uv": [44, 37], "uv_size": [1, 2]},
								"down": {"uv": [39, 46], "uv_size": [1, -2]}
							}
						},
						{
							"origin": [1.25, 14.25, -6.75],
							"size": [0.5, 0.75, 1.5],
							"uv": {
								"north": {"uv": [46, 10], "uv_size": [1, 1]},
								"east": {"uv": [44, 39], "uv_size": [2, 1]},
								"south": {"uv": [11, 46], "uv_size": [1, 1]},
								"west": {"uv": [40, 44], "uv_size": [2, 1]},
								"up": {"uv": [44, 43], "uv_size": [1, 2]},
								"down": {"uv": [45, 2], "uv_size": [1, -2]}
							}
						},
						{
							"origin": [-1.75, 14.25, -7.25],
							"size": [3.5, 0.75, 0.5],
							"uv": {
								"north": {"uv": [42, 6], "uv_size": [4, 1]},
								"east": {"uv": [46, 9], "uv_size": [1, 1]},
								"south": {"uv": [42, 7], "uv_size": [4, 1]},
								"west": {"uv": [10, 46], "uv_size": [1, 1]},
								"up": {"uv": [42, 8], "uv_size": [4, 1]},
								"down": {"uv": [42, 10], "uv_size": [4, -1]}
							}
						},
						{
							"origin": [-5.75, 15.25, 5.25],
							"size": [11.5, 0.75, 1.25],
							"uv": {
								"north": {"uv": [20, 36], "uv_size": [12, 1]},
								"east": {"uv": [36, 45], "uv_size": [1, 1]},
								"south": {"uv": [32, 36], "uv_size": [12, 1]},
								"west": {"uv": [45, 37], "uv_size": [1, 1]},
								"up": {"uv": [20, 37], "uv_size": [12, 1]},
								"down": {"uv": [32, 38], "uv_size": [12, -1]}
							}
						},
						{
							"origin": [-5.25, 14.25, 5],
							"size": [10.5, 1.5, 1],
							"uv": {
								"north": {"uv": [28, 28], "uv_size": [11, 2]},
								"east": {"uv": [7, 44], "uv_size": [1, 2]},
								"south": {"uv": [0, 30], "uv_size": [11, 2]},
								"west": {"uv": [8, 44], "uv_size": [1, 2]},
								"up": {"uv": [40, 31], "uv_size": [11, 1]},
								"down": {"uv": [40, 33], "uv_size": [11, -1]}
							}
						},
						{
							"origin": [-6.5, 15.25, -5.75],
							"size": [1.25, 0.75, 11.5],
							"uv": {
								"north": {"uv": [45, 2], "uv_size": [1, 1]},
								"east": {"uv": [28, 30], "uv_size": [12, 1]},
								"south": {"uv": [33, 45], "uv_size": [1, 1]},
								"west": {"uv": [28, 31], "uv_size": [12, 1]},
								"up": {"uv": [19, 30], "uv_size": [1, 12]},
								"down": {"uv": [0, 44], "uv_size": [1, -12]}
							}
						},
						{
							"origin": [5.75, 6.00113, 14.65519],
							"size": [0.25, 0.75, 3.5],
							"pivot": [0, 0, 0],
							"rotation": [55, 0, 0],
							"uv": {
								"north": {"uv": [12, 46], "uv_size": [1, 1]},
								"east": {"uv": [42, 10], "uv_size": [4, 1]},
								"south": {"uv": [13, 46], "uv_size": [1, 1]},
								"west": {"uv": [42, 41], "uv_size": [4, 1]},
								"up": {"uv": [35, 41], "uv_size": [1, 4]},
								"down": {"uv": [36, 45], "uv_size": [1, -4]}
							}
						},
						{
							"origin": [-6, 6.00113, 14.65519],
							"size": [0.25, 0.75, 3.5],
							"pivot": [0, 0, 0],
							"rotation": [55, 0, 0],
							"uv": {
								"north": {"uv": [14, 46], "uv_size": [1, 1]},
								"east": {"uv": [42, 42], "uv_size": [4, 1]},
								"south": {"uv": [16, 46], "uv_size": [1, 1]},
								"west": {"uv": [11, 43], "uv_size": [4, 1]},
								"up": {"uv": [19, 42], "uv_size": [1, 4]},
								"down": {"uv": [15, 47], "uv_size": [1, -4]}
							}
						},
						{
							"origin": [5.25, 15.25, -5.75],
							"size": [1.25, 0.75, 11.5],
							"uv": {
								"north": {"uv": [45, 38], "uv_size": [1, 1]},
								"east": {"uv": [20, 38], "uv_size": [12, 1]},
								"south": {"uv": [40, 45], "uv_size": [1, 1]},
								"west": {"uv": [32, 38], "uv_size": [12, 1]},
								"up": {"uv": [1, 32], "uv_size": [1, 12]},
								"down": {"uv": [2, 44], "uv_size": [1, -12]}
							}
						},
						{
							"origin": [-6, 14.25, -5.25],
							"size": [1, 1.5, 10.5],
							"uv": {
								"north": {"uv": [9, 44], "uv_size": [1, 2]},
								"east": {"uv": [30, 0], "uv_size": [11, 2]},
								"south": {"uv": [10, 44], "uv_size": [1, 2]},
								"west": {"uv": [30, 2], "uv_size": [11, 2]},
								"up": {"uv": [37, 40], "uv_size": [1, 11]},
								"down": {"uv": [38, 51], "uv_size": [1, -11]}
							}
						},
						{
							"origin": [5, 14.25, -5.25],
							"size": [1, 1.5, 10.5],
							"uv": {
								"north": {"uv": [3, 44], "uv_size": [1, 2]},
								"east": {"uv": [28, 20], "uv_size": [11, 2]},
								"south": {"uv": [4, 44], "uv_size": [1, 2]},
								"west": {"uv": [28, 22], "uv_size": [11, 2]},
								"up": {"uv": [24, 40], "uv_size": [1, 11]},
								"down": {"uv": [25, 51], "uv_size": [1, -11]}
							}
						}
					]
				},
				{
					"name": "bone2",
					"parent": "bone3",
					"pivot": [0, 18.65, 6],
					"rotation": [105, 0, 0],
					"cubes": [
						{
							"origin": [-5, 17, 1],
							"size": [10, 1, 10],
							"uv": {
								"north": {"uv": [41, 15], "uv_size": [10, 1]},
								"east": {"uv": [41, 16], "uv_size": [10, 1]},
								"south": {"uv": [41, 17], "uv_size": [10, 1]},
								"west": {"uv": [41, 18], "uv_size": [10, 1]},
								"up": {"uv": [10, 0], "uv_size": [10, 10]},
								"down": {"uv": [10, 20], "uv_size": [10, -10]}
							}
						},
						{
							"origin": [-5.25, 18, 0],
							"size": [10.5, 1.5, 1],
							"uv": {
								"north": {"uv": [30, 4], "uv_size": [11, 2]},
								"east": {"uv": [11, 44], "uv_size": [1, 2]},
								"south": {"uv": [30, 6], "uv_size": [11, 2]},
								"west": {"uv": [12, 44], "uv_size": [1, 2]},
								"up": {"uv": [40, 33], "uv_size": [11, 1]},
								"down": {"uv": [40, 35], "uv_size": [11, -1]}
							}
						},
						{
							"origin": [-5.75, 19, -0.5],
							"size": [11.5, 0.75, 1.25],
							"uv": {
								"north": {"uv": [20, 39], "uv_size": [12, 1]},
								"east": {"uv": [41, 45], "uv_size": [1, 1]},
								"south": {"uv": [39, 20], "uv_size": [12, 1]},
								"west": {"uv": [45, 43], "uv_size": [1, 1]},
								"up": {"uv": [39, 21], "uv_size": [12, 1]},
								"down": {"uv": [39, 23], "uv_size": [12, -1]}
							}
						},
						{
							"origin": [-5.75, 19, 11.25],
							"size": [11.5, 0.75, 1.25],
							"uv": {
								"north": {"uv": [39, 23], "uv_size": [12, 1]},
								"east": {"uv": [44, 45], "uv_size": [1, 1]},
								"south": {"uv": [39, 24], "uv_size": [12, 1]},
								"west": {"uv": [45, 44], "uv_size": [1, 1]},
								"up": {"uv": [39, 25], "uv_size": [12, 1]},
								"down": {"uv": [39, 27], "uv_size": [12, -1]}
							}
						},
						{
							"origin": [-5.25, 18, 11],
							"size": [10.5, 1.5, 1],
							"uv": {
								"north": {"uv": [30, 8], "uv_size": [11, 2]},
								"east": {"uv": [13, 44], "uv_size": [1, 2]},
								"south": {"uv": [30, 10], "uv_size": [11, 2]},
								"west": {"uv": [14, 44], "uv_size": [1, 2]},
								"up": {"uv": [40, 35], "uv_size": [11, 1]},
								"down": {"uv": [39, 41], "uv_size": [11, -1]}
							}
						},
						{
							"origin": [-6.5, 19, 0.25],
							"size": [1.25, 0.75, 11.5],
							"uv": {
								"north": {"uv": [45, 45], "uv_size": [1, 1]},
								"east": {"uv": [39, 27], "uv_size": [12, 1]},
								"south": {"uv": [46, 0], "uv_size": [1, 1]},
								"west": {"uv": [39, 28], "uv_size": [12, 1]},
								"up": {"uv": [3, 32], "uv_size": [1, 12]},
								"down": {"uv": [4, 44], "uv_size": [1, -12]}
							}
						},
						{
							"origin": [5.25, 19, 0.25],
							"size": [1.25, 0.75, 11.5],
							"uv": {
								"north": {"uv": [46, 1], "uv_size": [1, 1]},
								"east": {"uv": [39, 29], "uv_size": [12, 1]},
								"south": {"uv": [46, 2], "uv_size": [1, 1]},
								"west": {"uv": [32, 39], "uv_size": [12, 1]},
								"up": {"uv": [5, 32], "uv_size": [1, 12]},
								"down": {"uv": [6, 44], "uv_size": [1, -12]}
							}
						},
						{
							"origin": [-6, 18, 0.75],
							"size": [1, 1.5, 10.5],
							"uv": {
								"north": {"uv": [29, 44], "uv_size": [1, 2]},
								"east": {"uv": [30, 12], "uv_size": [11, 2]},
								"south": {"uv": [30, 44], "uv_size": [1, 2]},
								"west": {"uv": [30, 14], "uv_size": [11, 2]},
								"up": {"uv": [41, 0], "uv_size": [1, 11]},
								"down": {"uv": [26, 52], "uv_size": [1, -11]}
							}
						},
						{
							"origin": [5, 18, 0.75],
							"size": [1, 1.5, 10.5],
							"uv": {
								"north": {"uv": [31, 44], "uv_size": [1, 2]},
								"east": {"uv": [30, 16], "uv_size": [11, 2]},
								"south": {"uv": [32, 44], "uv_size": [1, 2]},
								"west": {"uv": [30, 18], "uv_size": [11, 2]},
								"up": {"uv": [27, 41], "uv_size": [1, 11]},
								"down": {"uv": [28, 52], "uv_size": [1, -11]}
							}
						}
					]
				},
				{
					"name": "bone4",
					"parent": "bone3",
					"pivot": [0, 0, 0],
					"cubes": [
						{
							"origin": [-5.25091, -0.58511, -5.5276],
							"size": [1, 13.25, 1],
							"pivot": [0, 0, 0],
							"rotation": [-4.99527, 0.21782, 2.4905],
							"uv": {
								"north": {"uv": [11, 30], "uv_size": [1, 13]},
								"east": {"uv": [12, 30], "uv_size": [1, 13]},
								"south": {"uv": [13, 30], "uv_size": [1, 13]},
								"west": {"uv": [14, 30], "uv_size": [1, 13]},
								"up": {"uv": [3, 46], "uv_size": [1, 1]},
								"down": {"uv": [4, 47], "uv_size": [1, -1]}
							}
						},
						{
							"origin": [-5.25091, 0.66489, 4.5276],
							"size": [1, 12, 1],
							"pivot": [0, 0, 0],
							"rotation": [4.99527, -0.21782, 2.4905],
							"uv": {
								"north": {"uv": [7, 32], "uv_size": [1, 12]},
								"east": {"uv": [8, 32], "uv_size": [1, 12]},
								"south": {"uv": [9, 32], "uv_size": [1, 12]},
								"west": {"uv": [10, 32], "uv_size": [1, 12]},
								"up": {"uv": [46, 6], "uv_size": [1, 1]},
								"down": {"uv": [7, 47], "uv_size": [1, -1]}
							}
						},
						{
							"origin": [4.25091, 0.66489, 4.5276],
							"size": [1, 12, 1],
							"pivot": [0, 0, 0],
							"rotation": [4.99527, 0.21782, -2.4905],
							"uv": {
								"north": {"uv": [20, 40], "uv_size": [1, 12]},
								"east": {"uv": [21, 40], "uv_size": [1, 12]},
								"south": {"uv": [22, 40], "uv_size": [1, 12]},
								"west": {"uv": [23, 40], "uv_size": [1, 12]},
								"up": {"uv": [46, 7], "uv_size": [1, 1]},
								"down": {"uv": [8, 47], "uv_size": [1, -1]}
							}
						},
						{
							"origin": [4.25091, -0.58511, -5.5276],
							"size": [1, 13.25, 1],
							"pivot": [0, 0, 0],
							"rotation": [-4.99527, -0.21782, -2.4905],
							"uv": {
								"north": {"uv": [15, 30], "uv_size": [1, 13]},
								"east": {"uv": [16, 30], "uv_size": [1, 13]},
								"south": {"uv": [17, 30], "uv_size": [1, 13]},
								"west": {"uv": [18, 30], "uv_size": [1, 13]},
								"up": {"uv": [5, 46], "uv_size": [1, 1]},
								"down": {"uv": [6, 47], "uv_size": [1, -1]}
							}
						},
						{
							"origin": [-6, 0, 3.75],
							"size": [1.25, 2.5, 2.5],
							"uv": {
								"north": {"uv": [16, 43], "uv_size": [1, 3]},
								"east": {"uv": [29, 41], "uv_size": [3, 3]},
								"south": {"uv": [17, 43], "uv_size": [1, 3]},
								"west": {"uv": [32, 41], "uv_size": [3, 3]},
								"up": {"uv": [18, 43], "uv_size": [1, 3]},
								"down": {"uv": [42, 46], "uv_size": [1, -3]}
							}
						},
						{
							"origin": [4.75, 0, 3.75],
							"size": [1.25, 2.5, 2.5],
							"uv": {
								"north": {"uv": [43, 43], "uv_size": [1, 3]},
								"east": {"uv": [39, 41], "uv_size": [3, 3]},
								"south": {"uv": [0, 44], "uv_size": [1, 3]},
								"west": {"uv": [42, 0], "uv_size": [3, 3]},
								"up": {"uv": [1, 44], "uv_size": [1, 3]},
								"down": {"uv": [2, 47], "uv_size": [1, -3]}
							}
						}
					]
				}
			]
		}
	]
}