{
	"format_version": "1.12.0",
	"minecraft:geometry": [
		{
			"description": {
				"identifier": "geometry.hydrant",
				"texture_width": 64,
				"texture_height": 64,
				"visible_bounds_width": 2,
				"visible_bounds_height": 2.5,
				"visible_bounds_offset": [0, 0.75, 0]
			},
			"bones": [
				{
					"name": "bone",
					"pivot": [0, 0, 0],
					"cubes": [
						{
							"origin": [-3.84, 0, -3.84],
							"size": [7.68, 1.28, 7.68],
							"uv": {
								"north": {"uv": [6, 6], "uv_size": [6, 1]},
								"east": {"uv": [0, 6], "uv_size": [6, 1]},
								"south": {"uv": [18, 6], "uv_size": [6, 1]},
								"west": {"uv": [12, 6], "uv_size": [6, 1]},
								"up": {"uv": [6, 0], "uv_size": [6, 6]},
								"down": {"uv": [12, 6], "uv_size": [6, -6]}
							}
						},
						{
							"origin": [-3.52, 12.8, -3.52],
							"size": [7.04, 1.28, 7.04],
							"uv": {
								"north": {"uv": [21, 12], "uv_size": [5, 1]},
								"east": {"uv": [16, 12], "uv_size": [5, 1]},
								"south": {"uv": [31, 12], "uv_size": [5, 1]},
								"west": {"uv": [26, 12], "uv_size": [5, 1]},
								"up": {"uv": [21, 7], "uv_size": [5, 5]},
								"down": {"uv": [26, 12], "uv_size": [5, -5]}
							}
						},
						{
							"origin": [-2.56, 14.08, -2.56],
							"size": [5.12, 1.28, 5.12],
							"uv": {
								"north": {"uv": [22, 4], "uv_size": [4, 1]},
								"east": {"uv": [18, 4], "uv_size": [4, 1]},
								"south": {"uv": [30, 4], "uv_size": [4, 1]},
								"west": {"uv": [26, 4], "uv_size": [4, 1]},
								"up": {"uv": [22, 0], "uv_size": [4, 4]},
								"down": {"uv": [26, 4], "uv_size": [4, -4]}
							}
						},
						{
							"origin": [-1.28, 15.36, -1.28],
							"size": [2.56, 1.28, 2.56],
							"uv": {
								"north": {"uv": [14, 9], "uv_size": [2, 1]},
								"east": {"uv": [12, 9], "uv_size": [2, 1]},
								"south": {"uv": [18, 9], "uv_size": [2, 1]},
								"west": {"uv": [16, 9], "uv_size": [2, 1]},
								"up": {"uv": [14, 7], "uv_size": [2, 2]},
								"down": {"uv": [16, 9], "uv_size": [2, -2]}
							}
						},
						{
							"origin": [-3.2, 1.28, -3.2],
							"size": [6.4, 2.56, 6.4],
							"uv": {
								"north": {"uv": [16, 18], "uv_size": [5, 2]},
								"east": {"uv": [11, 18], "uv_size": [5, 2]},
								"south": {"uv": [26, 18], "uv_size": [5, 2]},
								"west": {"uv": [21, 18], "uv_size": [5, 2]},
								"up": {"uv": [16, 13], "uv_size": [5, 5]},
								"down": {"uv": [21, 18], "uv_size": [5, -5]}
							}
						},
						{
							"origin": [-1.28, 8.32, -4.48],
							"size": [2.56, 2.56, 1.6],
							"uv": {
								"north": {"uv": [1, 1], "uv_size": [2, 2]},
								"east": {"uv": [0, 1], "uv_size": [1, 2]},
								"south": {"uv": [4, 1], "uv_size": [2, 2]},
								"west": {"uv": [3, 1], "uv_size": [1, 2]},
								"up": {"uv": [1, 0], "uv_size": [2, 1]},
								"down": {"uv": [3, 1], "uv_size": [2, -1]}
							}
						},
						{
							"origin": [-0.96, 8.64, -4.8],
							"size": [1.92, 1.92, 1.28],
							"uv": {
								"north": {"uv": [1, 19], "uv_size": [1, 1]},
								"east": {"uv": [0, 19], "uv_size": [1, 1]},
								"south": {"uv": [3, 19], "uv_size": [1, 1]},
								"west": {"uv": [2, 19], "uv_size": [1, 1]},
								"up": {"uv": [1, 18], "uv_size": [1, 1]},
								"down": {"uv": [2, 19], "uv_size": [1, -1]}
							}
						},
						{
							"origin": [-2.88, 3.84, -2.88],
							"size": [5.76, 8.96, 5.76],
							"uv": {
								"north": {"uv": [4, 11], "uv_size": [4, 7]},
								"east": {"uv": [0, 11], "uv_size": [4, 7]},
								"south": {"uv": [12, 11], "uv_size": [4, 7]},
								"west": {"uv": [8, 11], "uv_size": [4, 7]},
								"up": {"uv": [4, 7], "uv_size": [4, 4]},
								"down": {"uv": [8, 11], "uv_size": [4, -4]}
							}
						},
						{
							"origin": [2.56, 8.64, -0.96],
							"size": [1.28, 1.92, 1.92],
							"uv": {
								"north": {"uv": [17, 11], "uv_size": [1, 1]},
								"east": {"uv": [16, 11], "uv_size": [1, 1]},
								"south": {"uv": [19, 11], "uv_size": [1, 1]},
								"west": {"uv": [18, 11], "uv_size": [1, 1]},
								"up": {"uv": [17, 10], "uv_size": [1, 1]},
								"down": {"uv": [18, 11], "uv_size": [1, -1]}
							}
						},
						{
							"origin": [-3.84, 8.64, -0.96],
							"size": [1.28, 1.92, 1.92],
							"uv": {
								"north": {"uv": [1, 8], "uv_size": [1, 1]},
								"east": {"uv": [0, 8], "uv_size": [1, 1]},
								"south": {"uv": [3, 8], "uv_size": [1, 1]},
								"west": {"uv": [2, 8], "uv_size": [1, 1]},
								"up": {"uv": [1, 7], "uv_size": [1, 1]},
								"down": {"uv": [2, 8], "uv_size": [1, -1]}
							}
						},
						{
							"origin": [2.88, 8.96, -0.64],
							"size": [1.28, 1.28, 1.28],
							"uv": {
								"north": {"uv": [1, 10], "uv_size": [1, 1]},
								"east": {"uv": [0, 10], "uv_size": [1, 1]},
								"south": {"uv": [3, 10], "uv_size": [1, 1]},
								"west": {"uv": [2, 10], "uv_size": [1, 1]},
								"up": {"uv": [1, 9], "uv_size": [1, 1]},
								"down": {"uv": [2, 10], "uv_size": [1, -1]}
							}
						},
						{
							"origin": [-4.16, 8.96, -0.64],
							"size": [1.28, 1.28, 1.28],
							"uv": {
								"north": {"uv": [1, 4], "uv_size": [1, 1]},
								"east": {"uv": [0, 4], "uv_size": [1, 1]},
								"south": {"uv": [3, 4], "uv_size": [1, 1]},
								"west": {"uv": [2, 4], "uv_size": [1, 1]},
								"up": {"uv": [1, 3], "uv_size": [1, 1]},
								"down": {"uv": [2, 4], "uv_size": [1, -1]}
							}
						}
					]
				}
			]
		}
	]
}