{
	"format_version": "1.12.0",
	"minecraft:geometry": [
		{
			"description": {
				"identifier": "geometry.kitchen_counter_0",
				"texture_width": 64,
				"texture_height": 64,
				"visible_bounds_width": 2,
				"visible_bounds_height": 2.5,
				"visible_bounds_offset": [0, 0.75, 0]
			},
			"bones": [
				{
					"name": "bone",
					"pivot": [0, 0, 0],
					"cubes": [
						{
							"origin": [-8, 0, -8],
							"size": [16, 14, 16],
							"uv": {
								"north": {"uv": [14, 14], "uv_size": [16, 14]},
								"east": {"uv": [0, 14], "uv_size": [14, 14]},
								"south": {"uv": [44, 14], "uv_size": [16, 14]},
								"west": {"uv": [30, 14], "uv_size": [14, 14]},
								"up": {"uv": [14, 0], "uv_size": [16, 14]},
								"down": {"uv": [30, 14], "uv_size": [16, -14]}
							}
						},
						{
							"origin": [-8, 14, -8],
							"size": [16, 2, 16],
							"uv": {
								"north": {"uv": [16, 44], "uv_size": [16, 2]},
								"east": {"uv": [0, 44], "uv_size": [16, 2]},
								"south": {"uv": [48, 44], "uv_size": [16, 2]},
								"west": {"uv": [32, 44], "uv_size": [16, 2]},
								"up": {"uv": [16, 28], "uv_size": [16, 16]},
								"down": {"uv": [32, 44], "uv_size": [16, -16]}
							}
						}
					]
				}
			]
		}
	]
}