{
	"format_version": "1.12.0",
	"minecraft:geometry": [
		{
			"description": {
				"identifier": "geometry.kitchen_chair_0",
				"texture_width": 128,
				"texture_height": 128,
				"visible_bounds_width": 2,
				"visible_bounds_height": 2.5,
				"visible_bounds_offset": [0, 0.75, 0]
			},
			"bones": [
				{
					"name": "bone",
					"pivot": [0, 0, 0]
				},
				{
					"name": "bone2",
					"parent": "bone",
					"pivot": [0, 0, 0],
					"cubes": [
						{"origin": [-8, 0, -7], "size": [2, 1, 15], "uv": [19, 18]},
						{"origin": [-8, 7, -7], "size": [2, 1, 10], "uv": [38, 17]},
						{"origin": [6, 7, -7], "size": [2, 1, 10], "uv": [26, 36]},
						{"origin": [-6, 0, 6], "size": [12, 1, 2], "uv": [38, 28]},
						{"origin": [-8, 1, -7], "size": [2, 6, 1], "uv": [6, 0]},
						{"origin": [6, 1, -7], "size": [2, 6, 1], "uv": [0, 0]},
						{"origin": [6, 0, -7], "size": [2, 1, 15], "uv": [0, 17]}
					]
				},
				{
					"name": "bone3",
					"parent": "bone",
					"pivot": [0, 0, 0],
					"cubes": [
						{"origin": [-8, 8, -8], "size": [16, 2, 15], "uv": [0, 0]},
						{"origin": [-8, 10, 5], "size": [16, 10, 2], "uv": [0, 34]}
					]
				}
			]
		}
	]
}