{
	"format_version": "1.12.0",
	"minecraft:geometry": [
		{
			"description": {
				"identifier": "geometry.mailbox_0",
				"texture_width": 64,
				"texture_height": 64,
				"visible_bounds_width": 2,
				"visible_bounds_height": 2.5,
				"visible_bounds_offset": [0, 0.75, 0]
			},
			"bones": [
				{
					"name": "bone",
					"pivot": [0, 0, 0]
				},
				{
					"name": "bone2",
					"parent": "bone",
					"pivot": [0, 0, 0],
					"cubes": [
						{"origin": [-1, 0, -1], "size": [2, 13, 2], "uv": [18, 23]}
					]
				},
				{
					"name": "bone3",
					"parent": "bone",
					"pivot": [0, 0, 0],
					"cubes": [
						{"origin": [-3, 13, -5], "size": [6, 1, 9], "uv": [0, 0]},
						{"origin": [-2.25, 17, -5], "size": [4.5, 1, 9], "uv": [0, 10]},
						{"origin": [-3, 14, 3], "size": [6, 3, 1], "uv": [21, 0]},
						{"origin": [-3, 14, -5], "size": [1, 3, 8], "uv": [0, 20]},
						{"origin": [2, 14, -5], "size": [1, 3, 8], "uv": [18, 12]}
					]
				},
				{
					"name": "bone4",
					"parent": "bone",
					"pivot": [0, 13, -4.75],
					"rotation": [10, 0, 0],
					"cubes": [
						{"origin": [-2, 16.5, -5], "size": [4, 1, 0], "uv": [0, 0]},
						{"origin": [-2.5, 13, -5], "size": [5, 3.5, 0], "uv": [21, 4]}
					]
				},
				{
					"name": "bone5",
					"parent": "bone",
					"pivot": [0, 0, 0],
					"cubes": [
						{"origin": [3.15, 15, -2], "size": [0, 5, 4], "uv": [0, 0]}
					]
				}
			]
		}
	]
}