{
	"format_version": "1.12.0",
	"minecraft:geometry": [
		{
			"description": {
				"identifier": "geometry.microphone_0",
				"texture_width": 16,
				"texture_height": 16,
				"visible_bounds_width": 2,
				"visible_bounds_height": 2.5,
				"visible_bounds_offset": [0, 0.75, 0]
			},
			"bones": [
				{
					"name": "bone",
					"pivot": [0, 0, 0],
					"cubes": [
						{
							"origin": [-2, 0, -2],
							"size": [4, 0.5, 4],
							"uv": {
								"north": {"uv": [10, 10], "uv_size": [4, 0.5]},
								"east": {"uv": [11, 0], "uv_size": [4, 0.5]},
								"south": {"uv": [11, 1], "uv_size": [4, 0.5]},
								"west": {"uv": [11, 2], "uv_size": [4, 0.5]},
								"up": {"uv": [0, 0], "uv_size": [4, 4]},
								"down": {"uv": [0, 8], "uv_size": [4, -4]}
							}
						},
						{
							"origin": [-0.5, 0, 1],
							"size": [1, 0.75, 1.5],
							"uv": {
								"north": {"uv": [0, 12], "uv_size": [1, 1]},
								"east": {"uv": [11, 3], "uv_size": [1.5, 1]},
								"south": {"uv": [1, 12], "uv_size": [1, 1]},
								"west": {"uv": [11, 4], "uv_size": [1.5, 1]},
								"up": {"uv": [6, 11], "uv_size": [1, 1.5]},
								"down": {"uv": [7, 12.5], "uv_size": [1, -1.5]}
							}
						},
						{
							"origin": [-0.5, 5.02492, -2.55778],
							"size": [1, 0.75, 2.25],
							"pivot": [0, 0, 0],
							"rotation": [-40, 0, 0],
							"uv": {
								"north": {"uv": [12, 9], "uv_size": [1, 1]},
								"east": {"uv": [10, 6], "uv_size": [2.5, 1]},
								"south": {"uv": [11, 12], "uv_size": [1, 1]},
								"west": {"uv": [10, 7], "uv_size": [2.5, 1]},
								"up": {"uv": [2, 10], "uv_size": [1, 2.5]},
								"down": {"uv": [3, 12.5], "uv_size": [1, -2.5]}
							}
						},
						{
							"origin": [-0.5, 1.12172, 1.99876],
							"size": [1, 4, 0.5],
							"pivot": [0, 0, 0],
							"rotation": [-10, 0, 0],
							"uv": {
								"north": {"uv": [0, 8], "uv_size": [1, 4]},
								"east": {"uv": [4, 11], "uv_size": [0.5, 4]},
								"south": {"uv": [1, 8], "uv_size": [1, 4]},
								"west": {"uv": [5, 11], "uv_size": [0.5, 4]},
								"up": {"uv": [3, 13], "uv_size": [1, 0.5]},
								"down": {"uv": [13, 6.5], "uv_size": [1, -0.5]}
							}
						}
					]
				},
				{
					"name": "bone2",
					"parent": "bone",
					"pivot": [0, 6.725, 1.25],
					"rotation": [-32.5, 0, 0],
					"cubes": [
						{
							"origin": [-1, 4.18163, 1.03142],
							"size": [2, 2.5, 2],
							"pivot": [0, 0, 0],
							"rotation": [10, 0, 0],
							"uv": {
								"north": {"uv": [4, 6], "uv_size": [2, 2.5]},
								"east": {"uv": [6, 6], "uv_size": [2, 2.5]},
								"south": {"uv": [7, 0], "uv_size": [2, 2.5]},
								"west": {"uv": [7, 3], "uv_size": [2, 2.5]},
								"up": {"uv": [2, 8], "uv_size": [2, 2]},
								"down": {"uv": [8, 8], "uv_size": [2, -2]}
							}
						},
						{
							"origin": [-0.5, 3.93163, 1.53142],
							"size": [1, 0.25, 1],
							"pivot": [0, 0, 0],
							"rotation": [10, 0, 0],
							"uv": {
								"north": {"uv": [13, 7], "uv_size": [1, 0.5]},
								"east": {"uv": [8, 13], "uv_size": [1, 0.5]},
								"south": {"uv": [9, 13], "uv_size": [1, 0.5]},
								"west": {"uv": [13, 9], "uv_size": [1, 0.5]},
								"up": {"uv": [12, 12], "uv_size": [1, 1]},
								"down": {"uv": [0, 14], "uv_size": [1, -1]}
							}
						},
						{
							"origin": [-1.25, 6.68163, 0.78142],
							"size": [2.5, 0.25, 2.5],
							"pivot": [0, 0, 0],
							"rotation": [10, 0, 0],
							"uv": {
								"north": {"uv": [11, 5], "uv_size": [2.5, 0.5]},
								"east": {"uv": [10, 11], "uv_size": [2.5, 0.5]},
								"south": {"uv": [8, 12], "uv_size": [2.5, 0.5]},
								"west": {"uv": [12, 8], "uv_size": [2.5, 0.5]},
								"up": {"uv": [4, 0], "uv_size": [2.5, 2.5]},
								"down": {"uv": [4, 5.5], "uv_size": [2.5, -2.5]}
							}
						},
						{
							"origin": [-1, 6.93163, 1.03142],
							"size": [2, 2, 2],
							"pivot": [0, 0, 0],
							"rotation": [10, 0, 0],
							"uv": {
								"north": {"uv": [8, 8], "uv_size": [2, 2]},
								"east": {"uv": [9, 0], "uv_size": [2, 2]},
								"south": {"uv": [9, 2], "uv_size": [2, 2]},
								"west": {"uv": [4, 9], "uv_size": [2, 2]},
								"up": {"uv": [9, 4], "uv_size": [2, 2]},
								"down": {"uv": [6, 11], "uv_size": [2, -2]}
							}
						},
						{
							"origin": [-0.75, 8.93163, 1.28142],
							"size": [1.5, 0.25, 1.5],
							"pivot": [0, 0, 0],
							"rotation": [10, 0, 0],
							"uv": {
								"north": {"uv": [1, 13], "uv_size": [1.5, 0.5]},
								"east": {"uv": [13, 3], "uv_size": [1.5, 0.5]},
								"south": {"uv": [13, 4], "uv_size": [1.5, 0.5]},
								"west": {"uv": [6, 13], "uv_size": [1.5, 0.5]},
								"up": {"uv": [8, 10], "uv_size": [1.5, 1.5]},
								"down": {"uv": [10, 9.5], "uv_size": [1.5, -1.5]}
							}
						}
					]
				}
			]
		}
	]
}