{
	"format_version": "1.12.0",
	"minecraft:geometry": [
		{
			"description": {
				"identifier": "geometry.pc_monitor_1",
				"texture_width": 32,
				"texture_height": 32,
				"visible_bounds_width": 3,
				"visible_bounds_height": 2.5,
				"visible_bounds_offset": [0, 0.75, 0]
			},
			"bones": [
				{
					"name": "bone",
					"pivot": [0, 0, 0]
				},
				{
					"name": "bone2",
					"parent": "bone",
					"pivot": [0, 0, -2],
					"cubes": [
						{
							"origin": [-2, 0, 3],
							"size": [4, 0.25, 3],
							"uv": {
								"north": {"uv": [19, 21], "uv_size": [4, 0.25]},
								"east": {"uv": [22, 0], "uv_size": [3, 0.25]},
								"south": {"uv": [0, 22], "uv_size": [4, 0.25]},
								"west": {"uv": [22, 1], "uv_size": [3, 0.25]},
								"up": {"uv": [10, 16], "uv_size": [4, 3]},
								"down": {"uv": [14, 19], "uv_size": [4, -3]}
							}
						},
						{
							"origin": [-0.5, 0, 4.25],
							"size": [1, 3, 1],
							"uv": {
								"north": {"uv": [11, 19], "uv_size": [1, 3]},
								"east": {"uv": [12, 19], "uv_size": [1, 3]},
								"south": {"uv": [13, 19], "uv_size": [1, 3]},
								"west": {"uv": [14, 19], "uv_size": [1, 3]},
								"up": {"uv": [17, 20], "uv_size": [1, 1]},
								"down": {"uv": [17, 22], "uv_size": [1, -1]}
							}
						},
						{
							"origin": [-6, 1, 4],
							"size": [12, 8, 0.5],
							"uv": {
								"north": {"uv": [0, 0], "uv_size": [12, 8]},
								"east": {"uv": [18, 18], "uv_size": [0.5, 8]},
								"south": {"uv": [0, 8], "uv_size": [12, 8]},
								"west": {"uv": [10, 19], "uv_size": [0.5, 8]},
								"up": {"uv": [18, 8], "uv_size": [12, 0.5]},
								"down": {"uv": [18, 9.5], "uv_size": [12, -0.5]}
							}
						},
						{
							"origin": [-3, 1.5, 4.5],
							"size": [6, 3.5, 0.5],
							"uv": {
								"north": {"uv": [12, 8], "uv_size": [6, 3.5]},
								"east": {"uv": [15, 20], "uv_size": [0.5, 3.5]},
								"south": {"uv": [12, 12], "uv_size": [6, 3.5]},
								"west": {"uv": [16, 20], "uv_size": [0.5, 3.5]},
								"up": {"uv": [19, 18], "uv_size": [6, 0.5]},
								"down": {"uv": [19, 19.5], "uv_size": [6, -0.5]}
							}
						}
					]
				},
				{
					"name": "bone3",
					"parent": "bone",
					"pivot": [0, 0, 0],
					"cubes": [
						{
							"origin": [-8.33118, 0, -4.39294],
							"size": [10, 0.5, 4],
							"pivot": [0, 0, 0],
							"rotation": [0, -10, 0],
							"uv": {
								"north": {"uv": [18, 10], "uv_size": [10, 0.5]},
								"east": {"uv": [20, 13], "uv_size": [4, 0.5]},
								"south": {"uv": [18, 11], "uv_size": [10, 0.5]},
								"west": {"uv": [20, 14], "uv_size": [4, 0.5]},
								"up": {"uv": [12, 0], "uv_size": [10, 4]},
								"down": {"uv": [12, 8], "uv_size": [10, -4]}
							}
						}
					]
				},
				{
					"name": "bone4",
					"parent": "bone",
					"pivot": [0, 0, 0],
					"cubes": [
						{
							"origin": [3.91827, 0, -4.66736],
							"size": [4.5, 0.075, 4.5],
							"pivot": [0, 0, 0],
							"rotation": [0, 12.5, 0],
							"uv": {
								"north": {"uv": [20, 17], "uv_size": [4.5, 0.25]},
								"east": {"uv": [19, 20], "uv_size": [4.5, 0.25]},
								"south": {"uv": [0, 21], "uv_size": [4.5, 0.25]},
								"west": {"uv": [5, 21], "uv_size": [4.5, 0.25]},
								"up": {"uv": [0, 16], "uv_size": [4.5, 4.5]},
								"down": {"uv": [5, 20.5], "uv_size": [4.5, -4.5]}
							}
						},
						{
							"origin": [5.65417, 0, -2.58379],
							"size": [1.75, 0.75, 2.75],
							"pivot": [0, 0, 0],
							"rotation": [0, 25, 0],
							"uv": {
								"north": {"uv": [20, 15], "uv_size": [1.75, 0.75]},
								"east": {"uv": [15, 19], "uv_size": [2.75, 0.75]},
								"south": {"uv": [20, 16], "uv_size": [1.75, 0.75]},
								"west": {"uv": [20, 12], "uv_size": [2.75, 0.75]},
								"up": {"uv": [18, 12], "uv_size": [1.75, 2.75]},
								"down": {"uv": [18, 17.75], "uv_size": [1.75, -2.75]}
							}
						},
						{
							"origin": [6.47917, 0.325, -0.58379],
							"size": [0.1, 0.5, 0.75],
							"pivot": [0, 0, 0],
							"rotation": [0, 25, 0],
							"uv": {
								"north": {"uv": [5, 22], "uv_size": [0.25, 0.5]},
								"east": {"uv": [22, 2], "uv_size": [0.75, 0.5]},
								"south": {"uv": [22, 5], "uv_size": [0.25, 0.5]},
								"west": {"uv": [22, 3], "uv_size": [0.75, 0.5]},
								"up": {"uv": [4, 22], "uv_size": [0.25, 0.75]},
								"down": {"uv": [22, 4.75], "uv_size": [0.25, -0.75]}
							}
						}
					]
				}
			]
		}
	]
}