{
	"format_version": "1.12.0",
	"minecraft:geometry": [
		{
			"description": {
				"identifier": "geometry.pc_monitor_0",
				"texture_width": 64,
				"texture_height": 64,
				"visible_bounds_width": 2,
				"visible_bounds_height": 2.5,
				"visible_bounds_offset": [0, 0.75, 0]
			},
			"bones": [
				{
					"name": "main",
					"pivot": [0, 0, 0]
				},
				{
					"name": "monitor",
					"parent": "main",
					"pivot": [0, 0, 6.75]
				},
				{
					"name": "screen",
					"parent": "monitor",
					"pivot": [0, 0, 6.75],
					"cubes": [
						{
							"origin": [-8, 3, 5.75],
							"size": [16, 8, 1],
							"uv": {
								"north": {"uv": [1, 8], "uv_size": [16, 8]},
								"east": {"uv": [0, 8], "uv_size": [1, 8]},
								"south": {"uv": [18, 8], "uv_size": [16, 8]},
								"west": {"uv": [17, 8], "uv_size": [1, 8]},
								"up": {"uv": [1, 7], "uv_size": [16, 1]},
								"down": {"uv": [17, 8], "uv_size": [16, -1]}
							}
						}
					]
				},
				{
					"name": "legs",
					"parent": "monitor",
					"pivot": [0, 0, 6.75],
					"cubes": [
						{
							"origin": [-3.88968, 0, 1.77738],
							"size": [1, 1, 5],
							"pivot": [0, 0, 0],
							"rotation": [0, 22.5, 0],
							"uv": {
								"north": {"uv": [17, 21], "uv_size": [1, 1]},
								"east": {"uv": [12, 21], "uv_size": [5, 1]},
								"south": {"uv": [23, 21], "uv_size": [1, 1]},
								"west": {"uv": [18, 21], "uv_size": [5, 1]},
								"up": {"uv": [17, 16], "uv_size": [1, 5]},
								"down": {"uv": [18, 21], "uv_size": [1, -5]}
							}
						},
						{
							"origin": [2.88968, 0, 1.77738],
							"size": [1, 1, 5],
							"pivot": [0, 0, 0],
							"rotation": [0, -22.5, 0],
							"uv": {
								"north": {"uv": [5, 21], "uv_size": [1, 1]},
								"east": {"uv": [0, 21], "uv_size": [5, 1]},
								"south": {"uv": [11, 21], "uv_size": [1, 1]},
								"west": {"uv": [6, 21], "uv_size": [5, 1]},
								"up": {"uv": [5, 16], "uv_size": [1, 5]},
								"down": {"uv": [6, 21], "uv_size": [1, -5]}
							}
						},
						{
							"origin": [-1, 0, 6.75],
							"size": [2, 1, 1],
							"uv": {
								"north": {"uv": [20, 17], "uv_size": [2, 1]},
								"east": {"uv": [19, 17], "uv_size": [1, 1]},
								"south": {"uv": [23, 17], "uv_size": [2, 1]},
								"west": {"uv": [22, 17], "uv_size": [1, 1]},
								"up": {"uv": [20, 16], "uv_size": [2, 1]},
								"down": {"uv": [22, 17], "uv_size": [2, -1]}
							}
						}
					]
				},
				{
					"name": "pole",
					"parent": "monitor",
					"pivot": [0, 0, 6.75],
					"cubes": [
						{
							"origin": [-0.4, 1, 6.75],
							"size": [1, 5, 1],
							"uv": {
								"north": {"uv": [1, 1], "uv_size": [1, 5]},
								"east": {"uv": [0, 1], "uv_size": [1, 5]},
								"south": {"uv": [3, 1], "uv_size": [1, 5]},
								"west": {"uv": [2, 1], "uv_size": [1, 5]},
								"up": {"uv": [1, 0], "uv_size": [1, 1]},
								"down": {"uv": [2, 1], "uv_size": [1, -1]}
							}
						}
					]
				},
				{
					"name": "keyboard",
					"parent": "main",
					"pivot": [-0.5, 0, 0],
					"cubes": [
						{
							"origin": [-7.5, 0, -5],
							"size": [12, 1, 6],
							"uv": {
								"north": {"uv": [6, 6], "uv_size": [12, 1]},
								"east": {"uv": [0, 6], "uv_size": [6, 1]},
								"south": {"uv": [24, 6], "uv_size": [12, 1]},
								"west": {"uv": [18, 6], "uv_size": [6, 1]},
								"up": {"uv": [6, 0], "uv_size": [12, 6]},
								"down": {"uv": [18, 6], "uv_size": [12, -6]}
							}
						}
					]
				},
				{
					"name": "keys",
					"parent": "keyboard",
					"pivot": [-0.875, 0, 0]
				},
				{
					"name": "top",
					"parent": "keys",
					"pivot": [-0.875, 0, 0],
					"cubes": [
						{
							"origin": [-6.875, 0.175, -1],
							"size": [1, 1, 1],
							"uv": {
								"north": {"uv": [13, 27], "uv_size": [1, 1]},
								"east": {"uv": [12, 27], "uv_size": [1, 1]},
								"south": {"uv": [15, 27], "uv_size": [1, 1]},
								"west": {"uv": [14, 27], "uv_size": [1, 1]},
								"up": {"uv": [13, 26], "uv_size": [1, 1]},
								"down": {"uv": [14, 27], "uv_size": [1, -1]}
							}
						},
						{
							"origin": [-5.475, 0.175, -1],
							"size": [1, 1, 1],
							"uv": {
								"north": {"uv": [9, 27], "uv_size": [1, 1]},
								"east": {"uv": [8, 27], "uv_size": [1, 1]},
								"south": {"uv": [11, 27], "uv_size": [1, 1]},
								"west": {"uv": [10, 27], "uv_size": [1, 1]},
								"up": {"uv": [9, 26], "uv_size": [1, 1]},
								"down": {"uv": [10, 27], "uv_size": [1, -1]}
							}
						},
						{
							"origin": [-4.05, 0.175, -1],
							"size": [1, 1, 1],
							"uv": {
								"north": {"uv": [1, 27], "uv_size": [1, 1]},
								"east": {"uv": [0, 27], "uv_size": [1, 1]},
								"south": {"uv": [3, 27], "uv_size": [1, 1]},
								"west": {"uv": [2, 27], "uv_size": [1, 1]},
								"up": {"uv": [1, 26], "uv_size": [1, 1]},
								"down": {"uv": [2, 27], "uv_size": [1, -1]}
							}
						},
						{
							"origin": [-2.65, 0.175, -1],
							"size": [1, 1, 1],
							"uv": {
								"north": {"uv": [5, 27], "uv_size": [1, 1]},
								"east": {"uv": [4, 27], "uv_size": [1, 1]},
								"south": {"uv": [7, 27], "uv_size": [1, 1]},
								"west": {"uv": [6, 27], "uv_size": [1, 1]},
								"up": {"uv": [5, 26], "uv_size": [1, 1]},
								"down": {"uv": [6, 27], "uv_size": [1, -1]}
							}
						},
						{
							"origin": [-1.375, 0.175, -1],
							"size": [1, 1, 1],
							"uv": {
								"north": {"uv": [17, 25], "uv_size": [1, 1]},
								"east": {"uv": [16, 25], "uv_size": [1, 1]},
								"south": {"uv": [19, 25], "uv_size": [1, 1]},
								"west": {"uv": [18, 25], "uv_size": [1, 1]},
								"up": {"uv": [17, 24], "uv_size": [1, 1]},
								"down": {"uv": [18, 25], "uv_size": [1, -1]}
							}
						},
						{
							"origin": [0.025, 0.175, -1],
							"size": [1, 1, 1],
							"uv": {
								"north": {"uv": [25, 18], "uv_size": [1, 1]},
								"east": {"uv": [24, 18], "uv_size": [1, 1]},
								"south": {"uv": [27, 18], "uv_size": [1, 1]},
								"west": {"uv": [26, 18], "uv_size": [1, 1]},
								"up": {"uv": [25, 17], "uv_size": [1, 1]},
								"down": {"uv": [26, 18], "uv_size": [1, -1]}
							}
						},
						{
							"origin": [1.45, 0.175, -1],
							"size": [1, 1, 1],
							"uv": {
								"north": {"uv": [21, 25], "uv_size": [1, 1]},
								"east": {"uv": [20, 25], "uv_size": [1, 1]},
								"south": {"uv": [23, 25], "uv_size": [1, 1]},
								"west": {"uv": [22, 25], "uv_size": [1, 1]},
								"up": {"uv": [21, 24], "uv_size": [1, 1]},
								"down": {"uv": [22, 25], "uv_size": [1, -1]}
							}
						},
						{
							"origin": [2.85, 0.175, -1],
							"size": [1, 1, 1],
							"uv": {
								"north": {"uv": [24, 26], "uv_size": [1, 1]},
								"east": {"uv": [23, 26], "uv_size": [1, 1]},
								"south": {"uv": [26, 26], "uv_size": [1, 1]},
								"west": {"uv": [25, 26], "uv_size": [1, 1]},
								"up": {"uv": [24, 25], "uv_size": [1, 1]},
								"down": {"uv": [25, 26], "uv_size": [1, -1]}
							}
						}
					]
				},
				{
					"name": "middle",
					"parent": "keys",
					"pivot": [-0.875, 0, -1.5],
					"cubes": [
						{
							"origin": [-6.875, 0.175, -2.5],
							"size": [1, 1, 1],
							"uv": {
								"north": {"uv": [13, 25], "uv_size": [1, 1]},
								"east": {"uv": [12, 25], "uv_size": [1, 1]},
								"south": {"uv": [15, 25], "uv_size": [1, 1]},
								"west": {"uv": [14, 25], "uv_size": [1, 1]},
								"up": {"uv": [13, 24], "uv_size": [1, 1]},
								"down": {"uv": [14, 25], "uv_size": [1, -1]}
							}
						},
						{
							"origin": [-5.475, 0.175, -2.5],
							"size": [1, 1, 1],
							"uv": {
								"north": {"uv": [9, 25], "uv_size": [1, 1]},
								"east": {"uv": [8, 25], "uv_size": [1, 1]},
								"south": {"uv": [11, 25], "uv_size": [1, 1]},
								"west": {"uv": [10, 25], "uv_size": [1, 1]},
								"up": {"uv": [9, 24], "uv_size": [1, 1]},
								"down": {"uv": [10, 25], "uv_size": [1, -1]}
							}
						},
						{
							"origin": [-4.05, 0.175, -2.5],
							"size": [1, 1, 1],
							"uv": {
								"north": {"uv": [5, 25], "uv_size": [1, 1]},
								"east": {"uv": [4, 25], "uv_size": [1, 1]},
								"south": {"uv": [7, 25], "uv_size": [1, 1]},
								"west": {"uv": [6, 25], "uv_size": [1, 1]},
								"up": {"uv": [5, 24], "uv_size": [1, 1]},
								"down": {"uv": [6, 25], "uv_size": [1, -1]}
							}
						},
						{
							"origin": [-2.65, 0.175, -2.5],
							"size": [1, 1, 1],
							"uv": {
								"north": {"uv": [1, 25], "uv_size": [1, 1]},
								"east": {"uv": [0, 25], "uv_size": [1, 1]},
								"south": {"uv": [3, 25], "uv_size": [1, 1]},
								"west": {"uv": [2, 25], "uv_size": [1, 1]},
								"up": {"uv": [1, 24], "uv_size": [1, 1]},
								"down": {"uv": [2, 25], "uv_size": [1, -1]}
							}
						},
						{
							"origin": [-1.375, 0.175, -2.5],
							"size": [1, 1, 1],
							"uv": {
								"north": {"uv": [24, 24], "uv_size": [1, 1]},
								"east": {"uv": [23, 24], "uv_size": [1, 1]},
								"south": {"uv": [26, 24], "uv_size": [1, 1]},
								"west": {"uv": [25, 24], "uv_size": [1, 1]},
								"up": {"uv": [24, 23], "uv_size": [1, 1]},
								"down": {"uv": [25, 24], "uv_size": [1, -1]}
							}
						},
						{
							"origin": [0.025, 0.175, -2.5],
							"size": [1, 1, 1],
							"uv": {
								"north": {"uv": [24, 22], "uv_size": [1, 1]},
								"east": {"uv": [23, 22], "uv_size": [1, 1]},
								"south": {"uv": [26, 22], "uv_size": [1, 1]},
								"west": {"uv": [25, 22], "uv_size": [1, 1]},
								"up": {"uv": [24, 21], "uv_size": [1, 1]},
								"down": {"uv": [25, 22], "uv_size": [1, -1]}
							}
						},
						{
							"origin": [1.45, 0.175, -2.5],
							"size": [1, 1, 1],
							"uv": {
								"north": {"uv": [21, 23], "uv_size": [1, 1]},
								"east": {"uv": [20, 23], "uv_size": [1, 1]},
								"south": {"uv": [23, 23], "uv_size": [1, 1]},
								"west": {"uv": [22, 23], "uv_size": [1, 1]},
								"up": {"uv": [21, 22], "uv_size": [1, 1]},
								"down": {"uv": [22, 23], "uv_size": [1, -1]}
							}
						},
						{
							"origin": [2.85, 0.175, -2.5],
							"size": [1, 1, 1],
							"uv": {
								"north": {"uv": [23, 20], "uv_size": [1, 1]},
								"east": {"uv": [22, 20], "uv_size": [1, 1]},
								"south": {"uv": [25, 20], "uv_size": [1, 1]},
								"west": {"uv": [24, 20], "uv_size": [1, 1]},
								"up": {"uv": [23, 19], "uv_size": [1, 1]},
								"down": {"uv": [24, 20], "uv_size": [1, -1]}
							}
						}
					]
				},
				{
					"name": "middle2",
					"parent": "keys",
					"pivot": [-0.875, 0, -3],
					"cubes": [
						{
							"origin": [-6.875, 0.175, -4],
							"size": [1, 1, 1],
							"uv": {
								"north": {"uv": [17, 23], "uv_size": [1, 1]},
								"east": {"uv": [16, 23], "uv_size": [1, 1]},
								"south": {"uv": [19, 23], "uv_size": [1, 1]},
								"west": {"uv": [18, 23], "uv_size": [1, 1]},
								"up": {"uv": [17, 22], "uv_size": [1, 1]},
								"down": {"uv": [18, 23], "uv_size": [1, -1]}
							}
						},
						{
							"origin": [-5.475, 0.175, -4],
							"size": [1, 1, 1],
							"uv": {
								"north": {"uv": [13, 23], "uv_size": [1, 1]},
								"east": {"uv": [12, 23], "uv_size": [1, 1]},
								"south": {"uv": [15, 23], "uv_size": [1, 1]},
								"west": {"uv": [14, 23], "uv_size": [1, 1]},
								"up": {"uv": [13, 22], "uv_size": [1, 1]},
								"down": {"uv": [14, 23], "uv_size": [1, -1]}
							}
						},
						{
							"origin": [-4.05, 0.175, -4],
							"size": [1, 1, 1],
							"uv": {
								"north": {"uv": [9, 23], "uv_size": [1, 1]},
								"east": {"uv": [8, 23], "uv_size": [1, 1]},
								"south": {"uv": [11, 23], "uv_size": [1, 1]},
								"west": {"uv": [10, 23], "uv_size": [1, 1]},
								"up": {"uv": [9, 22], "uv_size": [1, 1]},
								"down": {"uv": [10, 23], "uv_size": [1, -1]}
							}
						},
						{
							"origin": [-2.65, 0.175, -4],
							"size": [1, 1, 1],
							"uv": {
								"north": {"uv": [5, 23], "uv_size": [1, 1]},
								"east": {"uv": [4, 23], "uv_size": [1, 1]},
								"south": {"uv": [7, 23], "uv_size": [1, 1]},
								"west": {"uv": [6, 23], "uv_size": [1, 1]},
								"up": {"uv": [5, 22], "uv_size": [1, 1]},
								"down": {"uv": [6, 23], "uv_size": [1, -1]}
							}
						},
						{
							"origin": [-1.375, 0.175, -4],
							"size": [1, 1, 1],
							"uv": {
								"north": {"uv": [1, 23], "uv_size": [1, 1]},
								"east": {"uv": [0, 23], "uv_size": [1, 1]},
								"south": {"uv": [3, 23], "uv_size": [1, 1]},
								"west": {"uv": [2, 23], "uv_size": [1, 1]},
								"up": {"uv": [1, 22], "uv_size": [1, 1]},
								"down": {"uv": [2, 23], "uv_size": [1, -1]}
							}
						},
						{
							"origin": [0.025, 0.175, -4],
							"size": [1, 1, 1],
							"uv": {
								"north": {"uv": [20, 19], "uv_size": [1, 1]},
								"east": {"uv": [19, 19], "uv_size": [1, 1]},
								"south": {"uv": [22, 19], "uv_size": [1, 1]},
								"west": {"uv": [21, 19], "uv_size": [1, 1]},
								"up": {"uv": [20, 18], "uv_size": [1, 1]},
								"down": {"uv": [21, 19], "uv_size": [1, -1]}
							}
						},
						{
							"origin": [1.45, 0.175, -4],
							"size": [1, 1, 1],
							"uv": {
								"north": {"uv": [1, 19], "uv_size": [1, 1]},
								"east": {"uv": [0, 19], "uv_size": [1, 1]},
								"south": {"uv": [3, 19], "uv_size": [1, 1]},
								"west": {"uv": [2, 19], "uv_size": [1, 1]},
								"up": {"uv": [1, 18], "uv_size": [1, 1]},
								"down": {"uv": [2, 19], "uv_size": [1, -1]}
							}
						},
						{
							"origin": [2.85, 0.175, -4],
							"size": [1, 1, 1],
							"uv": {
								"north": {"uv": [1, 17], "uv_size": [1, 1]},
								"east": {"uv": [0, 17], "uv_size": [1, 1]},
								"south": {"uv": [3, 17], "uv_size": [1, 1]},
								"west": {"uv": [2, 17], "uv_size": [1, 1]},
								"up": {"uv": [1, 16], "uv_size": [1, 1]},
								"down": {"uv": [2, 17], "uv_size": [1, -1]}
							}
						}
					]
				},
				{
					"name": "mouse",
					"parent": "main",
					"pivot": [0, 0, 0],
					"cubes": [
						{
							"origin": [5.5, 0, -5],
							"size": [2, 1, 3],
							"uv": {
								"north": {"uv": [10, 19], "uv_size": [2, 1]},
								"east": {"uv": [7, 19], "uv_size": [3, 1]},
								"south": {"uv": [15, 19], "uv_size": [2, 1]},
								"west": {"uv": [12, 19], "uv_size": [3, 1]},
								"up": {"uv": [10, 16], "uv_size": [2, 3]},
								"down": {"uv": [12, 19], "uv_size": [2, -3]}
							}
						}
					]
				}
			]
		}
	]
}