{
	"format_version": "1.12.0",
	"minecraft:geometry": [
		{
			"description": {
				"identifier": "geometry.picnic_0",
				"texture_width": 256,
				"texture_height": 256,
				"visible_bounds_width": 5,
				"visible_bounds_height": 2.5,
				"visible_bounds_offset": [0, 0.75, 0]
			},
			"bones": [
				{
					"name": "bone",
					"pivot": [0, 0, 0]
				},
				{
					"name": "bone3",
					"parent": "bone",
					"pivot": [0, 0, 0],
					"cubes": [
						{"origin": [-32, 0, -32], "size": [64, 1, 64], "uv": [0, 0]}
					]
				},
				{
					"name": "bone2",
					"parent": "bone",
					"pivot": [0, 0, 0],
					"rotation": [0, -35, 0],
					"cubes": [
						{"origin": [-7, 1, -5], "size": [14, 1, 10], "uv": [0, 0]},
						{"origin": [0, 6.5, -5], "size": [6, 1, 10], "uv": [22, 12]},
						{"origin": [-8.86669, 5.2422, -5], "size": [6, 1, 10], "pivot": [2.13331, -1.2578, 0], "rotation": [0, 0, 20], "uv": [0, 22]},
						{"origin": [6, 6.5, -4.75], "size": [1, 1, 9.5], "uv": [43, 42]},
						{"origin": [-9.64054, 6.52478, -4.5], "size": [1, 1, 9.5], "pivot": [-1.39054, 0.02478, 0.25], "rotation": [0, 0, 20], "uv": [38, 0]},
						{"origin": [-7.5, 2, -5], "size": [1, 5, 10], "uv": [0, 33]},
						{"origin": [6.5, 2, -5], "size": [1, 5, 10], "uv": [22, 23]},
						{"origin": [-7, 2, 4.5], "size": [14, 5, 1], "uv": [22, 45]},
						{"origin": [-7, 2, -5.5], "size": [14, 5, 1], "uv": [22, 39]},
						{"origin": [-0.5, 6, 5], "size": [1, 5, 1], "uv": [0, 26]},
						{"origin": [-0.5, 6, -6], "size": [1, 5, 1], "uv": [24, 11]},
						{"origin": [-0.5, 10.5, -5.5], "size": [1, 1, 11], "uv": [33, 27]}
					]
				},
				{
					"name": "bone4",
					"parent": "bone",
					"pivot": [7, 0, 0],
					"cubes": [
						{"origin": [-12, 1, 11], "size": [5, 1, 5], "uv": [15, 51]},
						{"origin": [-12, 1.5, 15.5], "size": [5, 1, 1], "uv": [0, 61]},
						{"origin": [-12, 1.5, 10.5], "size": [5, 1, 1], "uv": [43, 59]},
						{"origin": [-7.5, 1.5, 11], "size": [1, 1, 5], "uv": [7, 55]},
						{"origin": [-12.5, 1.5, 11], "size": [1, 1, 5], "uv": [0, 54]},
						{"origin": [-7.5, -14.5, 6.75], "size": [2, 3, 2], "pivot": [0, 0, 0], "rotation": [61.67841, -13.27207, 7.05309], "uv": [0, 5]}
					]
				},
				{
					"name": "bone6",
					"parent": "bone",
					"pivot": [14.75, -0.5, -30.25],
					"rotation": [10.02505, 5.35932, -4.11172],
					"cubes": [
						{"origin": [-4.25, 0.5, -19.25], "size": [5, 1, 5], "uv": [44, 16]},
						{"origin": [-4.25, 1, -14.75], "size": [5, 1, 1], "uv": [52, 39]},
						{"origin": [-4.25, 1, -19.75], "size": [5, 1, 1], "uv": [49, 6]},
						{"origin": [0.25, 1, -19.25], "size": [1, 1, 5], "uv": [35, 51]},
						{"origin": [-4.75, 1, -19.25], "size": [1, 1, 5], "uv": [49, 0]}
					]
				},
				{
					"name": "bone5",
					"parent": "bone",
					"pivot": [20, 0, -27],
					"cubes": [
						{"origin": [1, 1, -16], "size": [5, 1, 5], "uv": [0, 48]},
						{"origin": [1, 1.5, -11.5], "size": [5, 1, 1], "uv": [31, 59]},
						{"origin": [1, 1.5, -16.5], "size": [5, 1, 1], "uv": [29, 57]},
						{"origin": [5.5, 1.5, -16], "size": [1, 1, 5], "uv": [49, 53]},
						{"origin": [0.5, 1.5, -16], "size": [1, 1, 5], "uv": [42, 52]}
					]
				},
				{
					"name": "bone7",
					"parent": "bone",
					"pivot": [12, 0, 8],
					"cubes": [
						{"origin": [-4.2, 1, 7.775], "size": [2.425, 2, 2.45], "uv": [0, 22]},
						{"origin": [-1.75, 1, 7.75], "size": [0, 3.25, 2.5], "uv": [26, 27]},
						{"origin": [-4.25, 1, 7.75], "size": [0, 3.25, 2.5], "uv": [22, 27]},
						{"origin": [-4.25, 1, 10.25], "size": [2.5, 3.25, 0], "uv": [34, 30]},
						{"origin": [-4.25, 1, 7.75], "size": [2.5, 3.25, 0], "uv": [34, 27]}
					]
				},
				{
					"name": "bone9",
					"parent": "bone",
					"pivot": [29, 0, -5],
					"cubes": [
						{"origin": [10, 1, 6], "size": [5, 1, 5], "uv": [44, 10]},
						{"origin": [10, 1.5, 10.5], "size": [5, 1, 1], "uv": [34, 25]},
						{"origin": [10, 1.5, 5.5], "size": [5, 1, 1], "uv": [34, 23]},
						{"origin": [14.5, 1.5, 6], "size": [1, 1, 5], "uv": [46, 31]},
						{"origin": [9.5, 1.5, 6], "size": [1, 1, 5], "uv": [12, 33]},
						{"origin": [-9, -13.5, 4.25], "size": [2, 3, 2], "pivot": [0, 0, 0], "rotation": [-14.07606, 61.57276, -105.91377], "uv": [0, 0]}
					]
				},
				{
					"name": "bone8",
					"parent": "bone",
					"pivot": [26, 0, -10],
					"cubes": [
						{"origin": [9.8, 1, -10.225], "size": [2.425, 2, 2.45], "uv": [0, 15]},
						{"origin": [12.25, 1, -10.25], "size": [0, 3.25, 2.5], "uv": [4, 27]},
						{"origin": [9.75, 1, -10.25], "size": [0, 3.25, 2.5], "uv": [26, 24]},
						{"origin": [9.75, 1, -7.75], "size": [2.5, 3.25, 0], "uv": [12, 33]},
						{"origin": [9.75, 1, -10.25], "size": [2.5, 3.25, 0], "uv": [4, 33]}
					]
				},
				{
					"name": "bone10",
					"parent": "bone",
					"pivot": [22, 0, 13],
					"cubes": [
						{"origin": [5.8, 1, 12.775], "size": [2.425, 2, 2.45], "uv": [0, 11]},
						{"origin": [8.25, 1, 12.75], "size": [0, 3.25, 2.5], "uv": [22, 24]},
						{"origin": [5.75, 1, 12.75], "size": [0, 3.25, 2.5], "uv": [4, 24]},
						{"origin": [5.75, 1, 15.25], "size": [2.5, 3.25, 0], "uv": [0, 33]},
						{"origin": [5.75, 1, 12.75], "size": [2.5, 3.25, 0], "uv": [28, 11]}
					]
				},
				{
					"name": "bone11",
					"parent": "bone",
					"pivot": [4, 0, -3.25],
					"rotation": [0, 15, 0],
					"cubes": [
						{"origin": [-19, 1, -17.25], "size": [8, 3, 8], "uv": [0, 11]},
						{"origin": [-15, 1, -9.25], "size": [4, 3, 2], "uv": [19, 57]}
					]
				},
				{
					"name": "bone12",
					"parent": "bone",
					"pivot": [0, 0, 0],
					"cubes": [
						{"origin": [17, 1, -2], "size": [3, 5, 3], "uv": [46, 23]},
						{"origin": [18, 6.5, -1], "size": [1, 2.5, 1], "uv": [27, 16]},
						{"origin": [17.25, 5.5, -1.75], "size": [2.5, 1, 2.5], "uv": [22, 23]},
						{"origin": [17.75, 5.75, -1.25], "size": [1.5, 1, 1.5], "uv": [6, 0]}
					]
				}
			]
		}
	]
}