{
	"format_version": "1.12.0",
	"minecraft:geometry": [
		{
			"description": {
				"identifier": "geometry.pizza_0",
				"texture_width": 64,
				"texture_height": 64,
				"visible_bounds_width": 4,
				"visible_bounds_height": 2.5,
				"visible_bounds_offset": [0, 0.75, 0]
			},
			"bones": [
				{
					"name": "bone3",
					"pivot": [0, 0, 0],
					"rotation": [0, -25, 0]
				},
				{
					"name": "bone",
					"parent": "bone3",
					"pivot": [0, 0, 0],
					"cubes": [
						{
							"origin": [-6, 0, -6],
							"size": [0, 1, 12],
							"uv": {
								"north": {"uv": [0, 0], "uv_size": [0, 1]},
								"east": {"uv": [9, 24], "uv_size": [12, 1]},
								"south": {"uv": [0, 0], "uv_size": [0, 1]},
								"west": {"uv": [24, 9], "uv_size": [12, 1]},
								"up": {"uv": [0, 0], "uv_size": [0, 12]},
								"down": {"uv": [0, 12], "uv_size": [0, -12]}
							}
						},
						{
							"origin": [6, 0, -6],
							"size": [0, 1, 12],
							"uv": {
								"north": {"uv": [0, 0], "uv_size": [0, 1]},
								"east": {"uv": [24, 10], "uv_size": [12, 1]},
								"south": {"uv": [0, 0], "uv_size": [0, 1]},
								"west": {"uv": [24, 11], "uv_size": [12, 1]},
								"up": {"uv": [0, 0], "uv_size": [0, 12]},
								"down": {"uv": [0, 12], "uv_size": [0, -12]}
							}
						},
						{
							"origin": [-6, 0, -6],
							"size": [12, 1, 0],
							"uv": {
								"north": {"uv": [24, 12], "uv_size": [12, 1]},
								"east": {"uv": [0, 0], "uv_size": [0, 1]},
								"south": {"uv": [24, 13], "uv_size": [12, 1]},
								"west": {"uv": [0, 0], "uv_size": [0, 1]},
								"up": {"uv": [0, 0], "uv_size": [12, 0]},
								"down": {"uv": [0, 0], "uv_size": [12, 0]}
							}
						},
						{
							"origin": [-6, 0, 6],
							"size": [12, 1, 0],
							"uv": {
								"north": {"uv": [24, 14], "uv_size": [12, 1]},
								"east": {"uv": [0, 0], "uv_size": [0, 1]},
								"south": {"uv": [24, 15], "uv_size": [12, 1]},
								"west": {"uv": [0, 0], "uv_size": [0, 1]},
								"up": {"uv": [0, 0], "uv_size": [12, 0]},
								"down": {"uv": [0, 0], "uv_size": [12, 0]}
							}
						},
						{
							"origin": [-6, 0, -6],
							"size": [12, 0, 12],
							"uv": {
								"north": {"uv": [0, 0], "uv_size": [12, 0]},
								"east": {"uv": [0, 0], "uv_size": [12, 0]},
								"south": {"uv": [0, 0], "uv_size": [12, 0]},
								"west": {"uv": [0, 0], "uv_size": [12, 0]},
								"up": {"uv": [0, 0], "uv_size": [12, 12]},
								"down": {"uv": [0, 24], "uv_size": [12, -12]}
							}
						},
						{
							"origin": [-4.5, 0.025, -5],
							"size": [9, 0.75, 0.75],
							"uv": {
								"north": {"uv": [24, 21], "uv_size": [9, 1]},
								"east": {"uv": [22, 30], "uv_size": [1, 1]},
								"south": {"uv": [24, 22], "uv_size": [9, 1]},
								"west": {"uv": [23, 30], "uv_size": [1, 1]},
								"up": {"uv": [24, 23], "uv_size": [9, 1]},
								"down": {"uv": [9, 26], "uv_size": [9, -1]}
							}
						},
						{
							"origin": [-4.5, 0.025, 4.25],
							"size": [9, 0.75, 0.75],
							"uv": {
								"north": {"uv": [22, 27], "uv_size": [9, 1]},
								"east": {"uv": [28, 30], "uv_size": [1, 1]},
								"south": {"uv": [27, 25], "uv_size": [9, 1]},
								"west": {"uv": [29, 30], "uv_size": [1, 1]},
								"up": {"uv": [9, 28], "uv_size": [9, 1]},
								"down": {"uv": [22, 29], "uv_size": [9, -1]}
							}
						},
						{
							"origin": [-4.5, 0.025, -4.5],
							"size": [9, 0.5, 9],
							"uv": {
								"north": {"uv": [9, 29], "uv_size": [9, 0.5]},
								"east": {"uv": [22, 29], "uv_size": [9, 0.5]},
								"south": {"uv": [29, 26], "uv_size": [9, 0.5]},
								"west": {"uv": [9, 30], "uv_size": [9, 0.5]},
								"up": {"uv": [0, 24], "uv_size": [9, 9]},
								"down": {"uv": [24, 9], "uv_size": [9, -9]}
							}
						},
						{
							"origin": [-1.25, 0.125, -2.25],
							"size": [0.75, 0.5, 0.75],
							"uv": {
								"north": {"uv": [11, 32], "uv_size": [1, 0.5]},
								"east": {"uv": [12, 32], "uv_size": [1, 0.5]},
								"south": {"uv": [13, 32], "uv_size": [1, 0.5]},
								"west": {"uv": [14, 32], "uv_size": [1, 0.5]},
								"up": {"uv": [30, 30], "uv_size": [1, 1]},
								"down": {"uv": [9, 32], "uv_size": [1, -1]}
							}
						},
						{
							"origin": [2.75, 0.125, -3.75],
							"size": [0.75, 0.5, 0.75],
							"uv": {
								"north": {"uv": [33, 8], "uv_size": [1, 0.5]},
								"east": {"uv": [9, 33], "uv_size": [1, 0.5]},
								"south": {"uv": [10, 33], "uv_size": [1, 0.5]},
								"west": {"uv": [11, 33], "uv_size": [1, 0.5]},
								"up": {"uv": [31, 29], "uv_size": [1, 1]},
								"down": {"uv": [30, 32], "uv_size": [1, -1]}
							}
						},
						{
							"origin": [0.75, 0.125, -0.25],
							"size": [0.75, 0.5, 0.75],
							"pivot": [1.125, 0.375, 0.125],
							"rotation": [0, -25, 0],
							"uv": {
								"north": {"uv": [15, 32], "uv_size": [1, 0.5]},
								"east": {"uv": [16, 32], "uv_size": [1, 0.5]},
								"south": {"uv": [17, 32], "uv_size": [1, 0.5]},
								"west": {"uv": [22, 32], "uv_size": [1, 0.5]},
								"up": {"uv": [10, 31], "uv_size": [1, 1]},
								"down": {"uv": [11, 32], "uv_size": [1, -1]}
							}
						},
						{
							"origin": [0.75, 0.125, -3.25],
							"size": [0.75, 0.5, 0.75],
							"pivot": [1.125, 0.375, -1.875],
							"rotation": [0, 32.5, 0],
							"uv": {
								"north": {"uv": [23, 32], "uv_size": [1, 0.5]},
								"east": {"uv": [24, 32], "uv_size": [1, 0.5]},
								"south": {"uv": [25, 32], "uv_size": [1, 0.5]},
								"west": {"uv": [26, 32], "uv_size": [1, 0.5]},
								"up": {"uv": [12, 31], "uv_size": [1, 1]},
								"down": {"uv": [13, 32], "uv_size": [1, -1]}
							}
						},
						{
							"origin": [1.75, 0.125, -2.25],
							"size": [0.75, 0.5, 0.75],
							"pivot": [0, 0, 0],
							"rotation": [0, -17.5, 0],
							"uv": {
								"north": {"uv": [27, 32], "uv_size": [1, 0.5]},
								"east": {"uv": [32, 27], "uv_size": [1, 0.5]},
								"south": {"uv": [28, 32], "uv_size": [1, 0.5]},
								"west": {"uv": [32, 28], "uv_size": [1, 0.5]},
								"up": {"uv": [14, 31], "uv_size": [1, 1]},
								"down": {"uv": [15, 32], "uv_size": [1, -1]}
							}
						},
						{
							"origin": [-1.25, 0.125, -0.25],
							"size": [0.75, 0.5, 0.75],
							"pivot": [0, 0, 0],
							"rotation": [0, -17.5, 0],
							"uv": {
								"north": {"uv": [33, 6], "uv_size": [1, 0.5]},
								"east": {"uv": [7, 33], "uv_size": [1, 0.5]},
								"south": {"uv": [33, 7], "uv_size": [1, 0.5]},
								"west": {"uv": [8, 33], "uv_size": [1, 0.5]},
								"up": {"uv": [31, 28], "uv_size": [1, 1]},
								"down": {"uv": [29, 32], "uv_size": [1, -1]}
							}
						},
						{
							"origin": [-3.25, 0.125, 0.75],
							"size": [0.75, 0.5, 0.75],
							"pivot": [0, 0, 0],
							"rotation": [0, -17.5, 0],
							"uv": {
								"north": {"uv": [29, 32], "uv_size": [1, 0.5]},
								"east": {"uv": [32, 29], "uv_size": [1, 0.5]},
								"south": {"uv": [30, 32], "uv_size": [1, 0.5]},
								"west": {"uv": [32, 30], "uv_size": [1, 0.5]},
								"up": {"uv": [16, 31], "uv_size": [1, 1]},
								"down": {"uv": [17, 32], "uv_size": [1, -1]}
							}
						},
						{
							"origin": [3.25, 0.125, 2],
							"size": [0.75, 0.5, 0.75],
							"pivot": [0, 0, 0],
							"rotation": [0, -17.5, 0],
							"uv": {
								"north": {"uv": [16, 33], "uv_size": [1, 0.5]},
								"east": {"uv": [17, 33], "uv_size": [1, 0.5]},
								"south": {"uv": [33, 21], "uv_size": [1, 0.5]},
								"west": {"uv": [22, 33], "uv_size": [1, 0.5]},
								"up": {"uv": [9, 32], "uv_size": [1, 1]},
								"down": {"uv": [10, 33], "uv_size": [1, -1]}
							}
						},
						{
							"origin": [-2.25, 0.125, 0.75],
							"size": [0.75, 0.5, 0.75],
							"pivot": [0, 0, 0],
							"rotation": [0, 42.5, 0],
							"uv": {
								"north": {"uv": [33, 0], "uv_size": [1, 0.5]},
								"east": {"uv": [1, 33], "uv_size": [1, 0.5]},
								"south": {"uv": [33, 1], "uv_size": [1, 0.5]},
								"west": {"uv": [2, 33], "uv_size": [1, 0.5]},
								"up": {"uv": [24, 31], "uv_size": [1, 1]},
								"down": {"uv": [25, 32], "uv_size": [1, -1]}
							}
						},
						{
							"origin": [-2.25, 0.125, 1.75],
							"size": [0.75, 0.5, 0.75],
							"pivot": [0, 0, 0],
							"rotation": [0, 77.5, 0],
							"uv": {
								"north": {"uv": [33, 2], "uv_size": [1, 0.5]},
								"east": {"uv": [3, 33], "uv_size": [1, 0.5]},
								"south": {"uv": [33, 3], "uv_size": [1, 0.5]},
								"west": {"uv": [4, 33], "uv_size": [1, 0.5]},
								"up": {"uv": [26, 31], "uv_size": [1, 1]},
								"down": {"uv": [27, 32], "uv_size": [1, -1]}
							}
						},
						{
							"origin": [-4.25, 0.125, -2.25],
							"size": [0.75, 0.5, 0.75],
							"pivot": [0, 0, 0],
							"rotation": [0, 77.5, 0],
							"uv": {
								"north": {"uv": [33, 4], "uv_size": [1, 0.5]},
								"east": {"uv": [5, 33], "uv_size": [1, 0.5]},
								"south": {"uv": [33, 5], "uv_size": [1, 0.5]},
								"west": {"uv": [6, 33], "uv_size": [1, 0.5]},
								"up": {"uv": [31, 27], "uv_size": [1, 1]},
								"down": {"uv": [28, 32], "uv_size": [1, -1]}
							}
						},
						{
							"origin": [-2.25, 0.125, -4.25],
							"size": [0.75, 0.5, 0.75],
							"pivot": [0, 0, 0],
							"rotation": [0, 17.5, 0],
							"uv": {
								"north": {"uv": [31, 32], "uv_size": [1, 0.5]},
								"east": {"uv": [32, 31], "uv_size": [1, 0.5]},
								"south": {"uv": [32, 32], "uv_size": [1, 0.5]},
								"west": {"uv": [0, 33], "uv_size": [1, 0.5]},
								"up": {"uv": [22, 31], "uv_size": [1, 1]},
								"down": {"uv": [23, 32], "uv_size": [1, -1]}
							}
						},
						{
							"origin": [2.75, 0.125, 1.25],
							"size": [0.75, 0.5, 0.75],
							"pivot": [0, 0, 0],
							"rotation": [0, 17.5, 0],
							"uv": {
								"north": {"uv": [12, 33], "uv_size": [1, 0.5]},
								"east": {"uv": [13, 33], "uv_size": [1, 0.5]},
								"south": {"uv": [14, 33], "uv_size": [1, 0.5]},
								"west": {"uv": [15, 33], "uv_size": [1, 0.5]},
								"up": {"uv": [31, 30], "uv_size": [1, 1]},
								"down": {"uv": [31, 32], "uv_size": [1, -1]}
							}
						},
						{
							"origin": [4.25, 0.025, -4.5],
							"size": [0.75, 0.75, 9],
							"uv": {
								"north": {"uv": [24, 30], "uv_size": [1, 1]},
								"east": {"uv": [18, 25], "uv_size": [9, 1]},
								"south": {"uv": [25, 30], "uv_size": [1, 1]},
								"west": {"uv": [9, 26], "uv_size": [9, 1]},
								"up": {"uv": [18, 26], "uv_size": [1, 9]},
								"down": {"uv": [19, 35], "uv_size": [1, -9]}
							}
						},
						{
							"origin": [-5, 0.025, -4.5],
							"size": [0.75, 0.75, 9],
							"uv": {
								"north": {"uv": [26, 30], "uv_size": [1, 1]},
								"east": {"uv": [20, 26], "uv_size": [9, 1]},
								"south": {"uv": [27, 30], "uv_size": [1, 1]},
								"west": {"uv": [9, 27], "uv_size": [9, 1]},
								"up": {"uv": [20, 27], "uv_size": [1, 9]},
								"down": {"uv": [21, 36], "uv_size": [1, -9]}
							}
						}
					]
				},
				{
					"name": "bone2",
					"parent": "bone3",
					"pivot": [0, 0.95, 6],
					"rotation": [37.5, 0, 0],
					"cubes": [
						{
							"origin": [-6, 0.98967, 6.03044],
							"size": [0, 1, 12],
							"uv": {
								"north": {"uv": [0, 0], "uv_size": [0, 1]},
								"east": {"uv": [24, 16], "uv_size": [12, 1]},
								"south": {"uv": [0, 0], "uv_size": [0, 1]},
								"west": {"uv": [24, 17], "uv_size": [12, 1]},
								"up": {"uv": [0, 0], "uv_size": [0, 12]},
								"down": {"uv": [0, 12], "uv_size": [0, -12]}
							}
						},
						{
							"origin": [6, 0.98967, 6.03044],
							"size": [0, 1, 12],
							"uv": {
								"north": {"uv": [0, 0], "uv_size": [0, 1]},
								"east": {"uv": [24, 18], "uv_size": [12, 1]},
								"south": {"uv": [0, 0], "uv_size": [0, 1]},
								"west": {"uv": [24, 19], "uv_size": [12, 1]},
								"up": {"uv": [0, 0], "uv_size": [0, 12]},
								"down": {"uv": [0, 12], "uv_size": [0, -12]}
							}
						},
						{
							"origin": [-6, 0.98967, 18.03044],
							"size": [12, 1, 0],
							"uv": {
								"north": {"uv": [24, 20], "uv_size": [12, 1]},
								"east": {"uv": [0, 0], "uv_size": [0, 1]},
								"south": {"uv": [21, 24], "uv_size": [12, 1]},
								"west": {"uv": [0, 0], "uv_size": [0, 1]},
								"up": {"uv": [0, 0], "uv_size": [12, 0]},
								"down": {"uv": [0, 0], "uv_size": [12, 0]}
							}
						},
						{
							"origin": [-6, 0.98967, 6.03044],
							"size": [12, 0, 12],
							"uv": {
								"north": {"uv": [0, 0], "uv_size": [12, 0]},
								"east": {"uv": [0, 0], "uv_size": [12, 0]},
								"south": {"uv": [0, 0], "uv_size": [12, 0]},
								"west": {"uv": [0, 0], "uv_size": [12, 0]},
								"up": {"uv": [12, 0], "uv_size": [12, 12]},
								"down": {"uv": [12, 24], "uv_size": [12, -12]}
							}
						}
					]
				}
			]
		}
	]
}