{
	"format_version": "1.12.0",
	"minecraft:geometry": [
		{
			"description": {
				"identifier": "geometry.plant_stand_0",
				"texture_width": 64,
				"texture_height": 64,
				"visible_bounds_width": 2,
				"visible_bounds_height": 2.5,
				"visible_bounds_offset": [0, 0.75, 0]
			},
			"bones": [
				{
					"name": "bone",
					"pivot": [0, -1.25, 0]
				},
				{
					"name": "bone7",
					"parent": "bone",
					"pivot": [0, -1.25, 0],
					"cubes": [
						{
							"origin": [-6, 14.5, -6],
							"size": [12, 1, 12],
							"uv": {
								"north": {"uv": [12, 25], "uv_size": [12, 1]},
								"east": {"uv": [0, 25], "uv_size": [12, 1]},
								"south": {"uv": [36, 25], "uv_size": [12, 1]},
								"west": {"uv": [24, 25], "uv_size": [12, 1]},
								"up": {"uv": [12, 13], "uv_size": [12, 12]},
								"down": {"uv": [24, 25], "uv_size": [12, -12]}
							}
						},
						{
							"origin": [-6.25, 15, -6.25],
							"size": [12.5, 1, 12.5],
							"uv": {
								"north": {"uv": [12, 12], "uv_size": [12, 1]},
								"east": {"uv": [0, 12], "uv_size": [12, 1]},
								"south": {"uv": [36, 12], "uv_size": [12, 1]},
								"west": {"uv": [24, 12], "uv_size": [12, 1]},
								"up": {"uv": [12, 0], "uv_size": [12, 12]},
								"down": {"uv": [24, 12], "uv_size": [12, -12]}
							}
						}
					]
				},
				{
					"name": "bone6",
					"parent": "bone",
					"pivot": [0, -1.25, 0]
				},
				{
					"name": "bone5",
					"parent": "bone6",
					"pivot": [-5, 11.75, 4.75],
					"rotation": [0, 50, 0],
					"cubes": [
						{
							"origin": [-8.53723, 12.30723, 4],
							"size": [1, 2, 2],
							"pivot": [0, 0, 0],
							"rotation": [0, 0, 15],
							"uv": {
								"north": {"uv": [48, 48], "uv_size": [1, 2]},
								"east": {"uv": [46, 48], "uv_size": [2, 2]},
								"south": {"uv": [51, 48], "uv_size": [1, 2]},
								"west": {"uv": [49, 48], "uv_size": [2, 2]},
								"up": {"uv": [48, 46], "uv_size": [1, 2]},
								"down": {"uv": [49, 48], "uv_size": [1, -2]}
							}
						},
						{
							"origin": [-6.1658, 9.89342, 4],
							"size": [1, 1, 2],
							"pivot": [0, 0, 0],
							"rotation": [0, 0, 2.5],
							"uv": {
								"north": {"uv": [50, 28], "uv_size": [1, 1]},
								"east": {"uv": [48, 28], "uv_size": [2, 1]},
								"south": {"uv": [53, 28], "uv_size": [1, 1]},
								"west": {"uv": [51, 28], "uv_size": [2, 1]},
								"up": {"uv": [50, 26], "uv_size": [1, 2]},
								"down": {"uv": [51, 28], "uv_size": [1, -2]}
							}
						},
						{
							"origin": [-4.97522, -0.84, 4],
							"size": [1, 2, 2],
							"pivot": [0, 0, 0],
							"rotation": [0, 0, 20.75],
							"uv": {
								"north": {"uv": [42, 48], "uv_size": [1, 2]},
								"east": {"uv": [40, 48], "uv_size": [2, 2]},
								"south": {"uv": [45, 48], "uv_size": [1, 2]},
								"west": {"uv": [43, 48], "uv_size": [2, 2]},
								"up": {"uv": [42, 46], "uv_size": [1, 2]},
								"down": {"uv": [43, 48], "uv_size": [1, -2]}
							}
						},
						{
							"origin": [-2.48421, -6.7094, 4],
							"size": [1, 3, 2],
							"pivot": [0, 0, 0],
							"rotation": [0, 0, 75.75],
							"uv": {
								"north": {"uv": [2, 45], "uv_size": [1, 3]},
								"east": {"uv": [0, 45], "uv_size": [2, 3]},
								"south": {"uv": [5, 45], "uv_size": [1, 3]},
								"west": {"uv": [3, 45], "uv_size": [2, 3]},
								"up": {"uv": [2, 43], "uv_size": [1, 2]},
								"down": {"uv": [3, 45], "uv_size": [1, -2]}
							}
						},
						{
							"origin": [-3.75179, 3.13089, 4],
							"size": [1, 7, 2],
							"pivot": [0, 0, 0],
							"rotation": [0, 0, -11.75],
							"uv": {
								"north": {"uv": [2, 2], "uv_size": [1, 7]},
								"east": {"uv": [0, 2], "uv_size": [2, 7]},
								"south": {"uv": [5, 2], "uv_size": [1, 7]},
								"west": {"uv": [3, 2], "uv_size": [2, 7]},
								"up": {"uv": [2, 0], "uv_size": [1, 2]},
								"down": {"uv": [3, 2], "uv_size": [1, -2]}
							}
						},
						{
							"origin": [-5.73624, 9.15458, 4],
							"size": [1, 1, 2],
							"uv": {
								"north": {"uv": [50, 25], "uv_size": [1, 1]},
								"east": {"uv": [48, 25], "uv_size": [2, 1]},
								"south": {"uv": [53, 25], "uv_size": [1, 1]},
								"west": {"uv": [51, 25], "uv_size": [2, 1]},
								"up": {"uv": [50, 23], "uv_size": [1, 2]},
								"down": {"uv": [51, 25], "uv_size": [1, -2]}
							}
						},
						{
							"origin": [-7.5428, 10.00622, 4],
							"size": [1, 1, 2],
							"pivot": [0, 0, 0],
							"rotation": [0, 0, 10],
							"uv": {
								"north": {"uv": [50, 22], "uv_size": [1, 1]},
								"east": {"uv": [48, 22], "uv_size": [2, 1]},
								"south": {"uv": [53, 22], "uv_size": [1, 1]},
								"west": {"uv": [51, 22], "uv_size": [2, 1]},
								"up": {"uv": [50, 20], "uv_size": [1, 2]},
								"down": {"uv": [51, 22], "uv_size": [1, -2]}
							}
						},
						{
							"origin": [-8.00924, 10.66133, 4],
							"size": [1, 2, 2],
							"pivot": [0, 0, 0],
							"rotation": [0, 0, 12.5],
							"uv": {
								"north": {"uv": [36, 48], "uv_size": [1, 2]},
								"east": {"uv": [34, 48], "uv_size": [2, 2]},
								"south": {"uv": [39, 48], "uv_size": [1, 2]},
								"west": {"uv": [37, 48], "uv_size": [2, 2]},
								"up": {"uv": [36, 46], "uv_size": [1, 2]},
								"down": {"uv": [37, 48], "uv_size": [1, -2]}
							}
						}
					]
				},
				{
					"name": "bone4",
					"parent": "bone6",
					"pivot": [5, 11.75, 4.75],
					"rotation": [0, -50, 0],
					"cubes": [
						{
							"origin": [7.53723, 12.30723, 4],
							"size": [1, 2, 2],
							"pivot": [0, 0, 0],
							"rotation": [0, 0, -15],
							"uv": {
								"north": {"uv": [8, 50], "uv_size": [1, 2]},
								"east": {"uv": [6, 50], "uv_size": [2, 2]},
								"south": {"uv": [11, 50], "uv_size": [1, 2]},
								"west": {"uv": [9, 50], "uv_size": [2, 2]},
								"up": {"uv": [8, 48], "uv_size": [1, 2]},
								"down": {"uv": [9, 50], "uv_size": [1, -2]}
							}
						},
						{
							"origin": [5.1658, 9.89342, 4],
							"size": [1, 1, 2],
							"pivot": [0, 0, 0],
							"rotation": [0, 0, -2.5],
							"uv": {
								"north": {"uv": [20, 51], "uv_size": [1, 1]},
								"east": {"uv": [18, 51], "uv_size": [2, 1]},
								"south": {"uv": [23, 51], "uv_size": [1, 1]},
								"west": {"uv": [21, 51], "uv_size": [2, 1]},
								"up": {"uv": [20, 49], "uv_size": [1, 2]},
								"down": {"uv": [21, 51], "uv_size": [1, -2]}
							}
						},
						{
							"origin": [3.97522, -0.84, 4],
							"size": [1, 2, 2],
							"pivot": [0, 0, 0],
							"rotation": [0, 0, -20.75],
							"uv": {
								"north": {"uv": [2, 50], "uv_size": [1, 2]},
								"east": {"uv": [0, 50], "uv_size": [2, 2]},
								"south": {"uv": [5, 50], "uv_size": [1, 2]},
								"west": {"uv": [3, 50], "uv_size": [2, 2]},
								"up": {"uv": [2, 48], "uv_size": [1, 2]},
								"down": {"uv": [3, 50], "uv_size": [1, -2]}
							}
						},
						{
							"origin": [1.48421, -6.7094, 4],
							"size": [1, 3, 2],
							"pivot": [0, 0, 0],
							"rotation": [0, 0, -75.75],
							"uv": {
								"north": {"uv": [8, 45], "uv_size": [1, 3]},
								"east": {"uv": [6, 45], "uv_size": [2, 3]},
								"south": {"uv": [11, 45], "uv_size": [1, 3]},
								"west": {"uv": [9, 45], "uv_size": [2, 3]},
								"up": {"uv": [8, 43], "uv_size": [1, 2]},
								"down": {"uv": [9, 45], "uv_size": [1, -2]}
							}
						},
						{
							"origin": [2.75179, 3.13089, 4],
							"size": [1, 7, 2],
							"pivot": [0, 0, 0],
							"rotation": [0, 0, 11.75],
							"uv": {
								"north": {"uv": [8, 2], "uv_size": [1, 7]},
								"east": {"uv": [6, 2], "uv_size": [2, 7]},
								"south": {"uv": [11, 2], "uv_size": [1, 7]},
								"west": {"uv": [9, 2], "uv_size": [2, 7]},
								"up": {"uv": [8, 0], "uv_size": [1, 2]},
								"down": {"uv": [9, 2], "uv_size": [1, -2]}
							}
						},
						{
							"origin": [4.73624, 9.15458, 4],
							"size": [1, 1, 2],
							"uv": {
								"north": {"uv": [50, 34], "uv_size": [1, 1]},
								"east": {"uv": [48, 34], "uv_size": [2, 1]},
								"south": {"uv": [53, 34], "uv_size": [1, 1]},
								"west": {"uv": [51, 34], "uv_size": [2, 1]},
								"up": {"uv": [50, 32], "uv_size": [1, 2]},
								"down": {"uv": [51, 34], "uv_size": [1, -2]}
							}
						},
						{
							"origin": [6.5428, 10.00622, 4],
							"size": [1, 1, 2],
							"pivot": [0, 0, 0],
							"rotation": [0, 0, -10],
							"uv": {
								"north": {"uv": [50, 31], "uv_size": [1, 1]},
								"east": {"uv": [48, 31], "uv_size": [2, 1]},
								"south": {"uv": [53, 31], "uv_size": [1, 1]},
								"west": {"uv": [51, 31], "uv_size": [2, 1]},
								"up": {"uv": [50, 29], "uv_size": [1, 2]},
								"down": {"uv": [51, 31], "uv_size": [1, -2]}
							}
						},
						{
							"origin": [7.00924, 10.66133, 4],
							"size": [1, 2, 2],
							"pivot": [0, 0, 0],
							"rotation": [0, 0, -12.5],
							"uv": {
								"north": {"uv": [24, 49], "uv_size": [1, 2]},
								"east": {"uv": [22, 49], "uv_size": [2, 2]},
								"south": {"uv": [27, 49], "uv_size": [1, 2]},
								"west": {"uv": [25, 49], "uv_size": [2, 2]},
								"up": {"uv": [24, 47], "uv_size": [1, 2]},
								"down": {"uv": [25, 49], "uv_size": [1, -2]}
							}
						}
					]
				},
				{
					"name": "bone3",
					"parent": "bone6",
					"pivot": [5, 11.75, -4.75],
					"rotation": [0, 50, 0],
					"cubes": [
						{
							"origin": [7.53723, 12.30723, -6],
							"size": [1, 2, 2],
							"pivot": [0, 0, 0],
							"rotation": [0, 0, -15],
							"uv": {
								"north": {"uv": [50, 6], "uv_size": [1, 2]},
								"east": {"uv": [48, 6], "uv_size": [2, 2]},
								"south": {"uv": [53, 6], "uv_size": [1, 2]},
								"west": {"uv": [51, 6], "uv_size": [2, 2]},
								"up": {"uv": [50, 4], "uv_size": [1, 2]},
								"down": {"uv": [51, 6], "uv_size": [1, -2]}
							}
						},
						{
							"origin": [5.1658, 9.89342, -6],
							"size": [1, 1, 2],
							"pivot": [0, 0, 0],
							"rotation": [0, 0, -2.5],
							"uv": {
								"north": {"uv": [46, 52], "uv_size": [1, 1]},
								"east": {"uv": [44, 52], "uv_size": [2, 1]},
								"south": {"uv": [49, 52], "uv_size": [1, 1]},
								"west": {"uv": [47, 52], "uv_size": [2, 1]},
								"up": {"uv": [46, 50], "uv_size": [1, 2]},
								"down": {"uv": [47, 52], "uv_size": [1, -2]}
							}
						},
						{
							"origin": [3.97522, -0.84, -6],
							"size": [1, 2, 2],
							"pivot": [0, 0, 0],
							"rotation": [0, 0, -20.75],
							"uv": {
								"north": {"uv": [30, 50], "uv_size": [1, 2]},
								"east": {"uv": [28, 50], "uv_size": [2, 2]},
								"south": {"uv": [33, 50], "uv_size": [1, 2]},
								"west": {"uv": [31, 50], "uv_size": [2, 2]},
								"up": {"uv": [30, 48], "uv_size": [1, 2]},
								"down": {"uv": [31, 50], "uv_size": [1, -2]}
							}
						},
						{
							"origin": [1.48421, -6.7094, -6],
							"size": [1, 3, 2],
							"pivot": [0, 0, 0],
							"rotation": [0, 0, -75.75],
							"uv": {
								"north": {"uv": [14, 45], "uv_size": [1, 3]},
								"east": {"uv": [12, 45], "uv_size": [2, 3]},
								"south": {"uv": [17, 45], "uv_size": [1, 3]},
								"west": {"uv": [15, 45], "uv_size": [2, 3]},
								"up": {"uv": [14, 43], "uv_size": [1, 2]},
								"down": {"uv": [15, 45], "uv_size": [1, -2]}
							}
						},
						{
							"origin": [2.75179, 3.13089, -6],
							"size": [1, 7, 2],
							"pivot": [0, 0, 0],
							"rotation": [0, 0, 11.75],
							"uv": {
								"north": {"uv": [2, 15], "uv_size": [1, 7]},
								"east": {"uv": [0, 15], "uv_size": [2, 7]},
								"south": {"uv": [5, 15], "uv_size": [1, 7]},
								"west": {"uv": [3, 15], "uv_size": [2, 7]},
								"up": {"uv": [2, 13], "uv_size": [1, 2]},
								"down": {"uv": [3, 15], "uv_size": [1, -2]}
							}
						},
						{
							"origin": [4.73624, 9.15458, -6],
							"size": [1, 1, 2],
							"uv": {
								"north": {"uv": [40, 52], "uv_size": [1, 1]},
								"east": {"uv": [38, 52], "uv_size": [2, 1]},
								"south": {"uv": [43, 52], "uv_size": [1, 1]},
								"west": {"uv": [41, 52], "uv_size": [2, 1]},
								"up": {"uv": [40, 50], "uv_size": [1, 2]},
								"down": {"uv": [41, 52], "uv_size": [1, -2]}
							}
						},
						{
							"origin": [6.5428, 10.00622, -6],
							"size": [1, 1, 2],
							"pivot": [0, 0, 0],
							"rotation": [0, 0, -10],
							"uv": {
								"north": {"uv": [34, 52], "uv_size": [1, 1]},
								"east": {"uv": [32, 52], "uv_size": [2, 1]},
								"south": {"uv": [37, 52], "uv_size": [1, 1]},
								"west": {"uv": [35, 52], "uv_size": [2, 1]},
								"up": {"uv": [34, 50], "uv_size": [1, 2]},
								"down": {"uv": [35, 52], "uv_size": [1, -2]}
							}
						},
						{
							"origin": [7.00924, 10.66133, -6],
							"size": [1, 2, 2],
							"pivot": [0, 0, 0],
							"rotation": [0, 0, -12.5],
							"uv": {
								"north": {"uv": [14, 50], "uv_size": [1, 2]},
								"east": {"uv": [12, 50], "uv_size": [2, 2]},
								"south": {"uv": [17, 50], "uv_size": [1, 2]},
								"west": {"uv": [15, 50], "uv_size": [2, 2]},
								"up": {"uv": [14, 48], "uv_size": [1, 2]},
								"down": {"uv": [15, 50], "uv_size": [1, -2]}
							}
						}
					]
				},
				{
					"name": "bone2",
					"parent": "bone6",
					"pivot": [-5, 11.75, -4.75],
					"rotation": [0, -50, 0],
					"cubes": [
						{
							"origin": [-8.53723, 12.30723, -6],
							"size": [1, 2, 2],
							"pivot": [0, 0, 0],
							"rotation": [0, 0, 15],
							"uv": {
								"north": {"uv": [50, 18], "uv_size": [1, 2]},
								"east": {"uv": [48, 18], "uv_size": [2, 2]},
								"south": {"uv": [53, 18], "uv_size": [1, 2]},
								"west": {"uv": [51, 18], "uv_size": [2, 2]},
								"up": {"uv": [50, 16], "uv_size": [1, 2]},
								"down": {"uv": [51, 18], "uv_size": [1, -2]}
							}
						},
						{
							"origin": [-6.1658, 9.89342, -6],
							"size": [1, 1, 2],
							"pivot": [0, 0, 0],
							"rotation": [0, 0, 2.5],
							"uv": {
								"north": {"uv": [52, 40], "uv_size": [1, 1]},
								"east": {"uv": [50, 40], "uv_size": [2, 1]},
								"south": {"uv": [55, 40], "uv_size": [1, 1]},
								"west": {"uv": [53, 40], "uv_size": [2, 1]},
								"up": {"uv": [52, 38], "uv_size": [1, 2]},
								"down": {"uv": [53, 40], "uv_size": [1, -2]}
							}
						},
						{
							"origin": [-4.97522, -0.84, -6],
							"size": [1, 2, 2],
							"pivot": [0, 0, 0],
							"rotation": [0, 0, 20.75],
							"uv": {
								"north": {"uv": [50, 10], "uv_size": [1, 2]},
								"east": {"uv": [48, 10], "uv_size": [2, 2]},
								"south": {"uv": [53, 10], "uv_size": [1, 2]},
								"west": {"uv": [51, 10], "uv_size": [2, 2]},
								"up": {"uv": [50, 8], "uv_size": [1, 2]},
								"down": {"uv": [51, 10], "uv_size": [1, -2]}
							}
						},
						{
							"origin": [-2.48421, -6.7094, -6],
							"size": [1, 3, 2],
							"pivot": [0, 0, 0],
							"rotation": [0, 0, 75.75],
							"uv": {
								"north": {"uv": [20, 45], "uv_size": [1, 3]},
								"east": {"uv": [18, 45], "uv_size": [2, 3]},
								"south": {"uv": [23, 45], "uv_size": [1, 3]},
								"west": {"uv": [21, 45], "uv_size": [2, 3]},
								"up": {"uv": [20, 43], "uv_size": [1, 2]},
								"down": {"uv": [21, 45], "uv_size": [1, -2]}
							}
						},
						{
							"origin": [-3.75179, 3.13089, -6],
							"size": [1, 7, 2],
							"pivot": [0, 0, 0],
							"rotation": [0, 0, -11.75],
							"uv": {
								"north": {"uv": [8, 15], "uv_size": [1, 7]},
								"east": {"uv": [6, 15], "uv_size": [2, 7]},
								"south": {"uv": [11, 15], "uv_size": [1, 7]},
								"west": {"uv": [9, 15], "uv_size": [2, 7]},
								"up": {"uv": [8, 13], "uv_size": [1, 2]},
								"down": {"uv": [9, 15], "uv_size": [1, -2]}
							}
						},
						{
							"origin": [-5.73624, 9.15458, -6],
							"size": [1, 1, 2],
							"uv": {
								"north": {"uv": [52, 52], "uv_size": [1, 1]},
								"east": {"uv": [50, 52], "uv_size": [2, 1]},
								"south": {"uv": [55, 52], "uv_size": [1, 1]},
								"west": {"uv": [53, 52], "uv_size": [2, 1]},
								"up": {"uv": [52, 50], "uv_size": [1, 2]},
								"down": {"uv": [53, 52], "uv_size": [1, -2]}
							}
						},
						{
							"origin": [-7.5428, 10.00622, -6],
							"size": [1, 1, 2],
							"pivot": [0, 0, 0],
							"rotation": [0, 0, 10],
							"uv": {
								"north": {"uv": [52, 37], "uv_size": [1, 1]},
								"east": {"uv": [50, 37], "uv_size": [2, 1]},
								"south": {"uv": [55, 37], "uv_size": [1, 1]},
								"west": {"uv": [53, 37], "uv_size": [2, 1]},
								"up": {"uv": [52, 35], "uv_size": [1, 2]},
								"down": {"uv": [53, 37], "uv_size": [1, -2]}
							}
						},
						{
							"origin": [-8.00924, 10.66133, -6],
							"size": [1, 2, 2],
							"pivot": [0, 0, 0],
							"rotation": [0, 0, 12.5],
							"uv": {
								"north": {"uv": [50, 14], "uv_size": [1, 2]},
								"east": {"uv": [48, 14], "uv_size": [2, 2]},
								"south": {"uv": [53, 14], "uv_size": [1, 2]},
								"west": {"uv": [51, 14], "uv_size": [2, 2]},
								"up": {"uv": [50, 12], "uv_size": [1, 2]},
								"down": {"uv": [51, 14], "uv_size": [1, -2]}
							}
						}
					]
				}
			]
		}
	]
}