{
	"format_version": "1.12.0",
	"minecraft:geometry": [
		{
			"description": {
				"identifier": "geometry.plant_1",
				"texture_width": 128,
				"texture_height": 128,
				"visible_bounds_width": 2,
				"visible_bounds_height": 4.5,
				"visible_bounds_offset": [0, 1.75, 0]
			},
			"bones": [
				{
					"name": "bone",
					"pivot": [0, 0, 0],
					"cubes": [
						{
							"origin": [-5, 0, -5],
							"size": [10, 9, 10],
							"uv": {
								"north": {"uv": [34, 45], "uv_size": [10, 9]},
								"east": {"uv": [24, 45], "uv_size": [10, 9]},
								"south": {"uv": [54, 45], "uv_size": [10, 9]},
								"west": {"uv": [44, 45], "uv_size": [10, 9]},
								"up": {"uv": [34, 35], "uv_size": [10, 10]},
								"down": {"uv": [44, 45], "uv_size": [10, -10]}
							}
						},
						{
							"origin": [-5, 9, -4],
							"size": [1, 1, 8],
							"uv": {
								"north": {"uv": [8, 55], "uv_size": [1, 1]},
								"east": {"uv": [0, 55], "uv_size": [8, 1]},
								"south": {"uv": [17, 55], "uv_size": [1, 1]},
								"west": {"uv": [9, 55], "uv_size": [8, 1]},
								"up": {"uv": [8, 47], "uv_size": [1, 8]},
								"down": {"uv": [9, 55], "uv_size": [1, -8]}
							}
						},
						{
							"origin": [4, 9, -4],
							"size": [1, 1, 8],
							"uv": {
								"north": {"uv": [8, 8], "uv_size": [1, 1]},
								"east": {"uv": [0, 8], "uv_size": [8, 1]},
								"south": {"uv": [17, 8], "uv_size": [1, 1]},
								"west": {"uv": [9, 8], "uv_size": [8, 1]},
								"up": {"uv": [8, 0], "uv_size": [1, 8]},
								"down": {"uv": [9, 8], "uv_size": [1, -8]}
							}
						},
						{
							"origin": [-5, 9, 4],
							"size": [10, 1, 1],
							"uv": {
								"north": {"uv": [49, 1], "uv_size": [10, 1]},
								"east": {"uv": [48, 1], "uv_size": [1, 1]},
								"south": {"uv": [60, 1], "uv_size": [10, 1]},
								"west": {"uv": [59, 1], "uv_size": [1, 1]},
								"up": {"uv": [49, 0], "uv_size": [10, 1]},
								"down": {"uv": [59, 1], "uv_size": [10, -1]}
							}
						},
						{
							"origin": [-5, 9, -5],
							"size": [10, 1, 1],
							"uv": {
								"north": {"uv": [1, 10], "uv_size": [10, 1]},
								"east": {"uv": [0, 10], "uv_size": [1, 1]},
								"south": {"uv": [12, 10], "uv_size": [10, 1]},
								"west": {"uv": [11, 10], "uv_size": [1, 1]},
								"up": {"uv": [1, 9], "uv_size": [10, 1]},
								"down": {"uv": [11, 10], "uv_size": [10, -1]}
							}
						},
						{
							"origin": [-1, 9, -1],
							"size": [2, 8, 2],
							"uv": {
								"north": {"uv": [26, 37], "uv_size": [2, 8]},
								"east": {"uv": [24, 37], "uv_size": [2, 8]},
								"south": {"uv": [30, 37], "uv_size": [2, 8]},
								"west": {"uv": [28, 37], "uv_size": [2, 8]},
								"up": {"uv": [26, 35], "uv_size": [2, 2]},
								"down": {"uv": [28, 37], "uv_size": [2, -2]}
							}
						},
						{
							"origin": [0, 12, -6],
							"size": [0, 35, 12],
							"uv": {
								"north": {"uv": [12, 12], "uv_size": [0, 35]},
								"east": {"uv": [0, 12], "uv_size": [12, 35]},
								"south": {"uv": [24, 12], "uv_size": [0, 35]},
								"west": {"uv": [12, 12], "uv_size": [12, 35]},
								"up": {"uv": [12, 0], "uv_size": [0, 12]},
								"down": {"uv": [12, 12], "uv_size": [0, -12]}
							}
						},
						{
							"origin": [-6, 12, 0],
							"size": [12, 35, 0],
							"uv": {
								"north": {"uv": [24, 0], "uv_size": [12, 35]},
								"east": {"uv": [24, 0], "uv_size": [0, 35]},
								"south": {"uv": [36, 0], "uv_size": [12, 35]},
								"west": {"uv": [36, 0], "uv_size": [0, 35]},
								"up": {"uv": [24, 0], "uv_size": [12, 0]},
								"down": {"uv": [36, 0], "uv_size": [12, 0]}
							}
						}
					]
				}
			]
		}
	]
}