{
	"format_version": "1.12.0",
	"minecraft:geometry": [
		{
			"description": {
				"identifier": "geometry.diving_board_0",
				"texture_width": 128,
				"texture_height": 128,
				"visible_bounds_width": 3,
				"visible_bounds_height": 2.5,
				"visible_bounds_offset": [0, 0.75, 0]
			},
			"bones": [
				{
					"name": "main",
					"pivot": [0, 0, 0]
				},
				{
					"name": "left_rail",
					"parent": "main",
					"pivot": [0, 0, 0],
					"cubes": [
						{
							"origin": [-7.75, -1.25, -6.5],
							"size": [1.75, 11.5, 1.5],
							"pivot": [0, 0, 0],
							"rotation": [-12.5, 0, 0],
							"uv": {
								"north": {"uv": [5, 20], "uv_size": [1, 11]},
								"east": {"uv": [4, 20], "uv_size": [1, 11]},
								"south": {"uv": [7, 20], "uv_size": [1, 11]},
								"west": {"uv": [6, 20], "uv_size": [1, 11]},
								"up": {"uv": [5, 19], "uv_size": [1, 1]},
								"down": {"uv": [6, 20], "uv_size": [1, -1]}
							}
						},
						{
							"origin": [-7.75, 9.31389, -7.78229],
							"size": [1.75, 1.5, 1.5],
							"pivot": [0, 0, 0],
							"rotation": [-20, 0, 0],
							"uv": {
								"north": {"uv": [24, 15], "uv_size": [1, 1]},
								"east": {"uv": [23, 15], "uv_size": [1, 1]},
								"south": {"uv": [26, 15], "uv_size": [1, 1]},
								"west": {"uv": [25, 15], "uv_size": [1, 1]},
								"up": {"uv": [24, 14], "uv_size": [1, 1]},
								"down": {"uv": [25, 15], "uv_size": [1, -1]}
							}
						},
						{
							"origin": [-7.75, 9.31389, 6.28229],
							"size": [1.75, 1.5, 1.5],
							"pivot": [0, 0, 0],
							"rotation": [20, 0, 0],
							"uv": {
								"north": {"uv": [24, 11], "uv_size": [1, 1]},
								"east": {"uv": [23, 11], "uv_size": [1, 1]},
								"south": {"uv": [26, 11], "uv_size": [1, 1]},
								"west": {"uv": [25, 11], "uv_size": [1, 1]},
								"up": {"uv": [24, 10], "uv_size": [1, 1]},
								"down": {"uv": [25, 11], "uv_size": [1, -1]}
							}
						},
						{
							"origin": [-7.75, 8.87316, -9.93837],
							"size": [1.75, 1.5, 1.5],
							"pivot": [0, 0, 0],
							"rotation": [-32.5, 0, 0],
							"uv": {
								"north": {"uv": [23, 1], "uv_size": [1, 1]},
								"east": {"uv": [22, 1], "uv_size": [1, 1]},
								"south": {"uv": [25, 1], "uv_size": [1, 1]},
								"west": {"uv": [24, 1], "uv_size": [1, 1]},
								"up": {"uv": [23, 0], "uv_size": [1, 1]},
								"down": {"uv": [24, 1], "uv_size": [1, -1]}
							}
						},
						{
							"origin": [-7.75, 8.87316, 8.43837],
							"size": [1.75, 1.5, 1.5],
							"pivot": [0, 0, 0],
							"rotation": [32.5, 0, 0],
							"uv": {
								"north": {"uv": [22, 4], "uv_size": [1, 1]},
								"east": {"uv": [21, 4], "uv_size": [1, 1]},
								"south": {"uv": [24, 4], "uv_size": [1, 1]},
								"west": {"uv": [23, 4], "uv_size": [1, 1]},
								"up": {"uv": [22, 3], "uv_size": [1, 1]},
								"down": {"uv": [23, 4], "uv_size": [1, -1]}
							}
						},
						{
							"origin": [-7.75, 7.44747, -12.28449],
							"size": [1.75, 1.5, 1.5],
							"pivot": [0, 0, 0],
							"rotation": [-47.5, 0, 0],
							"uv": {
								"north": {"uv": [19, 5], "uv_size": [1, 1]},
								"east": {"uv": [18, 5], "uv_size": [1, 1]},
								"south": {"uv": [21, 5], "uv_size": [1, 1]},
								"west": {"uv": [20, 5], "uv_size": [1, 1]},
								"up": {"uv": [19, 4], "uv_size": [1, 1]},
								"down": {"uv": [20, 5], "uv_size": [1, -1]}
							}
						},
						{
							"origin": [-7.75, 7.44747, 10.78449],
							"size": [1.75, 1.5, 1.5],
							"pivot": [0, 0, 0],
							"rotation": [47.5, 0, 0],
							"uv": {
								"north": {"uv": [1, 5], "uv_size": [1, 1]},
								"east": {"uv": [0, 5], "uv_size": [1, 1]},
								"south": {"uv": [3, 5], "uv_size": [1, 1]},
								"west": {"uv": [2, 5], "uv_size": [1, 1]},
								"up": {"uv": [1, 4], "uv_size": [1, 1]},
								"down": {"uv": [2, 5], "uv_size": [1, -1]}
							}
						},
						{
							"origin": [-7.75, -1.70252, 13.8519],
							"size": [1.75, 3.5, 1.25],
							"pivot": [0, 0, 0],
							"rotation": [90, 0, 0],
							"uv": {
								"north": {"uv": [1, 1], "uv_size": [1, 3]},
								"east": {"uv": [0, 1], "uv_size": [1, 3]},
								"south": {"uv": [3, 1], "uv_size": [1, 3]},
								"west": {"uv": [2, 1], "uv_size": [1, 3]},
								"up": {"uv": [1, 0], "uv_size": [1, 1]},
								"down": {"uv": [2, 1], "uv_size": [1, -1]}
							}
						},
						{
							"origin": [-7.5, -3.70252, 7.8519],
							"size": [1.25, 7.5, 1.25],
							"pivot": [0, 0, 0],
							"rotation": [90, 0, 0],
							"uv": {
								"north": {"uv": [17, 20], "uv_size": [1, 7]},
								"east": {"uv": [16, 20], "uv_size": [1, 7]},
								"south": {"uv": [19, 20], "uv_size": [1, 7]},
								"west": {"uv": [18, 20], "uv_size": [1, 7]},
								"up": {"uv": [17, 19], "uv_size": [1, 1]},
								"down": {"uv": [18, 20], "uv_size": [1, -1]}
							}
						},
						{
							"origin": [-7.75, -1.25, 5],
							"size": [1.75, 11.5, 1.5],
							"pivot": [0, 0, 0],
							"rotation": [12.5, 0, 0],
							"uv": {
								"north": {"uv": [1, 20], "uv_size": [1, 11]},
								"east": {"uv": [0, 20], "uv_size": [1, 11]},
								"south": {"uv": [3, 20], "uv_size": [1, 11]},
								"west": {"uv": [2, 20], "uv_size": [1, 11]},
								"up": {"uv": [1, 19], "uv_size": [1, 1]},
								"down": {"uv": [2, 20], "uv_size": [1, -1]}
							}
						}
					]
				},
				{
					"name": "right_rail",
					"parent": "main",
					"pivot": [0, 0, 0],
					"cubes": [
						{
							"origin": [6, -1.25, -6.5],
							"size": [1.75, 11.5, 1.5],
							"pivot": [0, 0, 0],
							"rotation": [-12.5, 0, 0],
							"uv": {
								"north": {"uv": [13, 20], "uv_size": [1, 11]},
								"east": {"uv": [12, 20], "uv_size": [1, 11]},
								"south": {"uv": [15, 20], "uv_size": [1, 11]},
								"west": {"uv": [14, 20], "uv_size": [1, 11]},
								"up": {"uv": [13, 19], "uv_size": [1, 1]},
								"down": {"uv": [14, 20], "uv_size": [1, -1]}
							}
						},
						{
							"origin": [6, 9.31389, -7.78229],
							"size": [1.75, 1.5, 1.5],
							"pivot": [0, 0, 0],
							"rotation": [-20, 0, 0],
							"uv": {
								"north": {"uv": [25, 13], "uv_size": [1, 1]},
								"east": {"uv": [24, 13], "uv_size": [1, 1]},
								"south": {"uv": [27, 13], "uv_size": [1, 1]},
								"west": {"uv": [26, 13], "uv_size": [1, 1]},
								"up": {"uv": [25, 12], "uv_size": [1, 1]},
								"down": {"uv": [26, 13], "uv_size": [1, -1]}
							}
						},
						{
							"origin": [6, 9.31389, 6.28229],
							"size": [1.75, 1.5, 1.5],
							"pivot": [0, 0, 0],
							"rotation": [20, 0, 0],
							"uv": {
								"north": {"uv": [25, 5], "uv_size": [1, 1]},
								"east": {"uv": [24, 5], "uv_size": [1, 1]},
								"south": {"uv": [27, 5], "uv_size": [1, 1]},
								"west": {"uv": [26, 5], "uv_size": [1, 1]},
								"up": {"uv": [25, 4], "uv_size": [1, 1]},
								"down": {"uv": [26, 5], "uv_size": [1, -1]}
							}
						},
						{
							"origin": [6, 8.87316, -9.93837],
							"size": [1.75, 1.5, 1.5],
							"pivot": [0, 0, 0],
							"rotation": [-32.5, 0, 0],
							"uv": {
								"north": {"uv": [25, 9], "uv_size": [1, 1]},
								"east": {"uv": [24, 9], "uv_size": [1, 1]},
								"south": {"uv": [27, 9], "uv_size": [1, 1]},
								"west": {"uv": [26, 9], "uv_size": [1, 1]},
								"up": {"uv": [25, 8], "uv_size": [1, 1]},
								"down": {"uv": [26, 9], "uv_size": [1, -1]}
							}
						},
						{
							"origin": [6, 8.87316, 8.43837],
							"size": [1.75, 1.5, 1.5],
							"pivot": [0, 0, 0],
							"rotation": [32.5, 0, 0],
							"uv": {
								"north": {"uv": [25, 3], "uv_size": [1, 1]},
								"east": {"uv": [24, 3], "uv_size": [1, 1]},
								"south": {"uv": [27, 3], "uv_size": [1, 1]},
								"west": {"uv": [26, 3], "uv_size": [1, 1]},
								"up": {"uv": [25, 2], "uv_size": [1, 1]},
								"down": {"uv": [26, 3], "uv_size": [1, -1]}
							}
						},
						{
							"origin": [6, 7.44747, -12.28449],
							"size": [1.75, 1.5, 1.5],
							"pivot": [0, 0, 0],
							"rotation": [-47.5, 0, 0],
							"uv": {
								"north": {"uv": [25, 7], "uv_size": [1, 1]},
								"east": {"uv": [24, 7], "uv_size": [1, 1]},
								"south": {"uv": [27, 7], "uv_size": [1, 1]},
								"west": {"uv": [26, 7], "uv_size": [1, 1]},
								"up": {"uv": [25, 6], "uv_size": [1, 1]},
								"down": {"uv": [26, 7], "uv_size": [1, -1]}
							}
						},
						{
							"origin": [6, 7.44747, 10.78449],
							"size": [1.75, 1.5, 1.5],
							"pivot": [0, 0, 0],
							"rotation": [47.5, 0, 0],
							"uv": {
								"north": {"uv": [24, 19], "uv_size": [1, 1]},
								"east": {"uv": [23, 19], "uv_size": [1, 1]},
								"south": {"uv": [26, 19], "uv_size": [1, 1]},
								"west": {"uv": [25, 19], "uv_size": [1, 1]},
								"up": {"uv": [24, 18], "uv_size": [1, 1]},
								"down": {"uv": [25, 19], "uv_size": [1, -1]}
							}
						},
						{
							"origin": [6, -1.70252, 13.8519],
							"size": [1.75, 3.5, 1.25],
							"pivot": [0, 0, 0],
							"rotation": [90, 0, 0],
							"uv": {
								"north": {"uv": [19, 1], "uv_size": [1, 3]},
								"east": {"uv": [18, 1], "uv_size": [1, 3]},
								"south": {"uv": [21, 1], "uv_size": [1, 3]},
								"west": {"uv": [20, 1], "uv_size": [1, 3]},
								"up": {"uv": [19, 0], "uv_size": [1, 1]},
								"down": {"uv": [20, 1], "uv_size": [1, -1]}
							}
						},
						{
							"origin": [6.25, -3.70252, 7.8519],
							"size": [1.25, 7.5, 1.25],
							"pivot": [0, 0, 0],
							"rotation": [90, 0, 0],
							"uv": {
								"north": {"uv": [21, 20], "uv_size": [1, 7]},
								"east": {"uv": [20, 20], "uv_size": [1, 7]},
								"south": {"uv": [23, 20], "uv_size": [1, 7]},
								"west": {"uv": [22, 20], "uv_size": [1, 7]},
								"up": {"uv": [21, 19], "uv_size": [1, 1]},
								"down": {"uv": [22, 20], "uv_size": [1, -1]}
							}
						},
						{
							"origin": [6, -1.25, 5],
							"size": [1.75, 11.5, 1.5],
							"pivot": [0, 0, 0],
							"rotation": [12.5, 0, 0],
							"uv": {
								"north": {"uv": [9, 20], "uv_size": [1, 11]},
								"east": {"uv": [8, 20], "uv_size": [1, 11]},
								"south": {"uv": [11, 20], "uv_size": [1, 11]},
								"west": {"uv": [10, 20], "uv_size": [1, 11]},
								"up": {"uv": [9, 19], "uv_size": [1, 1]},
								"down": {"uv": [10, 20], "uv_size": [1, -1]}
							}
						}
					]
				},
				{
					"name": "board",
					"parent": "main",
					"pivot": [0, 0, 0],
					"cubes": [
						{
							"origin": [-6.25, 5, -32],
							"size": [12.5, 1, 40],
							"uv": {
								"north": {"uv": [40, 40], "uv_size": [12, 1]},
								"east": {"uv": [0, 40], "uv_size": [40, 1]},
								"south": {"uv": [92, 40], "uv_size": [12, 1]},
								"west": {"uv": [52, 40], "uv_size": [40, 1]},
								"up": {"uv": [40, 0], "uv_size": [12, 40]},
								"down": {"uv": [52, 40], "uv_size": [12, -40]}
							}
						},
						{
							"origin": [-3, 0, -3],
							"size": [6, 5, 6],
							"uv": {
								"north": {"uv": [6, 6], "uv_size": [6, 5]},
								"east": {"uv": [0, 6], "uv_size": [6, 5]},
								"south": {"uv": [18, 6], "uv_size": [6, 5]},
								"west": {"uv": [12, 6], "uv_size": [6, 5]},
								"up": {"uv": [6, 0], "uv_size": [6, 6]},
								"down": {"uv": [12, 6], "uv_size": [6, -6]}
							}
						},
						{
							"origin": [-2.75, -0.9, 2.75],
							"size": [5.5, 3.25, 1],
							"pivot": [0, 0, 0],
							"rotation": [15, 0, 0],
							"uv": {
								"north": {"uv": [13, 16], "uv_size": [5, 3]},
								"east": {"uv": [12, 16], "uv_size": [1, 3]},
								"south": {"uv": [19, 16], "uv_size": [5, 3]},
								"west": {"uv": [18, 16], "uv_size": [1, 3]},
								"up": {"uv": [13, 15], "uv_size": [5, 1]},
								"down": {"uv": [18, 16], "uv_size": [5, -1]}
							}
						},
						{
							"origin": [-2.75, -0.9, 2.75],
							"size": [5.5, 3.25, 1],
							"pivot": [0, 0, 0],
							"rotation": [0, 90, -15],
							"uv": {
								"north": {"uv": [13, 12], "uv_size": [5, 3]},
								"east": {"uv": [12, 12], "uv_size": [1, 3]},
								"south": {"uv": [19, 12], "uv_size": [5, 3]},
								"west": {"uv": [18, 12], "uv_size": [1, 3]},
								"up": {"uv": [13, 11], "uv_size": [5, 1]},
								"down": {"uv": [18, 12], "uv_size": [5, -1]}
							}
						},
						{
							"origin": [-2.75, -0.9, 2.75],
							"size": [5.5, 3.25, 1],
							"pivot": [0, 0, 0],
							"rotation": [0, -90, 15],
							"uv": {
								"north": {"uv": [1, 12], "uv_size": [5, 3]},
								"east": {"uv": [0, 12], "uv_size": [1, 3]},
								"south": {"uv": [7, 12], "uv_size": [5, 3]},
								"west": {"uv": [6, 12], "uv_size": [1, 3]},
								"up": {"uv": [1, 11], "uv_size": [5, 1]},
								"down": {"uv": [6, 12], "uv_size": [5, -1]}
							}
						},
						{
							"origin": [-2.75, -0.9, -3.75],
							"size": [5.5, 3.25, 1],
							"pivot": [0, 0, 0],
							"rotation": [-15, 0, 0],
							"uv": {
								"north": {"uv": [1, 16], "uv_size": [5, 3]},
								"east": {"uv": [0, 16], "uv_size": [1, 3]},
								"south": {"uv": [7, 16], "uv_size": [5, 3]},
								"west": {"uv": [6, 16], "uv_size": [1, 3]},
								"up": {"uv": [1, 15], "uv_size": [5, 1]},
								"down": {"uv": [6, 16], "uv_size": [5, -1]}
							}
						}
					]
				}
			]
		}
	]
}