{
	"format_version": "1.12.0",
	"minecraft:geometry": [
		{
			"description": {
				"identifier": "geometry.refrigerator_0",
				"texture_width": 128,
				"texture_height": 128,
				"visible_bounds_width": 2,
				"visible_bounds_height": 3.5,
				"visible_bounds_offset": [0, 1.25, 0]
			},
			"bones": [
				{
					"name": "bone",
					"pivot": [0, 0, 0],
					"cubes": [
						{"origin": [-8, 0, -8], "size": [16, 32, 16], "uv": [0, 0]},
						{"origin": [-7, 2, -9], "size": [14, 16, 1], "uv": [0, 48]},
						{"origin": [-7, 19, -9], "size": [14, 11, 1], "uv": [30, 48]},
						{"origin": [-6, 12, -10], "size": [1, 5, 1], "uv": [0, 0]},
						{"origin": [-6, 20, -10], "size": [1, 4, 1], "uv": [4, 4]}
					]
				}
			]
		}
	]
}