{
	"format_version": "1.12.0",
	"minecraft:geometry": [
		{
			"description": {
				"identifier": "geometry.sand_castle_0",
				"texture_width": 64,
				"texture_height": 64,
				"visible_bounds_width": 2,
				"visible_bounds_height": 2.5,
				"visible_bounds_offset": [0, 0.75, 0]
			},
			"bones": [
				{
					"name": "bone5",
					"pivot": [0, 0, 0]
				},
				{
					"name": "bone",
					"parent": "bone5",
					"pivot": [0, 0, 0],
					"cubes": [
						{
							"origin": [-6, 0, 3],
							"size": [3, 6, 3],
							"uv": {
								"north": {"uv": [0.1, 20.1], "uv_size": [2.8, 5.8]},
								"east": {"uv": [20.1, 0.1], "uv_size": [2.8, 5.8]},
								"south": {"uv": [3.1, 20.1], "uv_size": [2.8, 5.8]},
								"west": {"uv": [6.1, 20.1], "uv_size": [2.8, 5.8]},
								"up": {"uv": [26.1, 9.1], "uv_size": [2.8, 2.8]},
								"down": {"uv": [27.1, 24.9], "uv_size": [2.8, -2.8]}
							}
						},
						{
							"origin": [-6, 6, 5],
							"size": [1, 1, 1],
							"uv": {
								"north": {"uv": [9.1, 20.1], "uv_size": [0.8, 0.8]},
								"east": {"uv": [9.1, 21.1], "uv_size": [0.8, 0.8]},
								"south": {"uv": [21.1, 22.1], "uv_size": [0.8, 0.8]},
								"west": {"uv": [21.1, 23.1], "uv_size": [0.8, 0.8]},
								"up": {"uv": [25.1, 22.1], "uv_size": [0.8, 0.8]},
								"down": {"uv": [25.1, 23.9], "uv_size": [0.8, -0.8]}
							}
						},
						{
							"origin": [-6, 6, 3],
							"size": [1, 1, 1],
							"uv": {
								"north": {"uv": [30.1, 0.1], "uv_size": [0.8, 0.8]},
								"east": {"uv": [1.1, 30.1], "uv_size": [0.8, 0.8]},
								"south": {"uv": [30.1, 1.1], "uv_size": [0.8, 0.8]},
								"west": {"uv": [2.1, 30.1], "uv_size": [0.8, 0.8]},
								"up": {"uv": [30.1, 2.1], "uv_size": [0.8, 0.8]},
								"down": {"uv": [3.1, 30.9], "uv_size": [0.8, -0.8]}
							}
						},
						{
							"origin": [-4, 6, 3],
							"size": [1, 1, 1],
							"uv": {
								"north": {"uv": [30.1, 3.1], "uv_size": [0.8, 0.8]},
								"east": {"uv": [30.1, 4.1], "uv_size": [0.8, 0.8]},
								"south": {"uv": [30.1, 5.1], "uv_size": [0.8, 0.8]},
								"west": {"uv": [30.1, 6.1], "uv_size": [0.8, 0.8]},
								"up": {"uv": [30.1, 7.1], "uv_size": [0.8, 0.8]},
								"down": {"uv": [30.1, 8.9], "uv_size": [0.8, -0.8]}
							}
						},
						{
							"origin": [-4, 6, 5],
							"size": [1, 1, 1],
							"uv": {
								"north": {"uv": [8.1, 26.1], "uv_size": [0.8, 0.8]},
								"east": {"uv": [26.1, 22.1], "uv_size": [0.8, 0.8]},
								"south": {"uv": [26.1, 23.1], "uv_size": [0.8, 0.8]},
								"west": {"uv": [8.1, 27.1], "uv_size": [0.8, 0.8]},
								"up": {"uv": [29.1, 11.1], "uv_size": [0.8, 0.8]},
								"down": {"uv": [0.1, 30.9], "uv_size": [0.8, -0.8]}
							}
						}
					]
				},
				{
					"name": "bone2",
					"parent": "bone5",
					"pivot": [0, 0, -9],
					"cubes": [
						{
							"origin": [-6, 0, -6],
							"size": [3, 6, 3],
							"uv": {
								"north": {"uv": [20.1, 6.1], "uv_size": [2.8, 5.8]},
								"east": {"uv": [9.1, 22.1], "uv_size": [2.8, 5.8]},
								"south": {"uv": [12.1, 22.1], "uv_size": [2.8, 5.8]},
								"west": {"uv": [22.1, 12.1], "uv_size": [2.8, 5.8]},
								"up": {"uv": [27.1, 25.1], "uv_size": [2.8, 2.8]},
								"down": {"uv": [8.1, 30.9], "uv_size": [2.8, -2.8]}
							}
						},
						{
							"origin": [-6, 6, -4],
							"size": [1, 1, 1],
							"uv": {
								"north": {"uv": [30.1, 11.1], "uv_size": [0.8, 0.8]},
								"east": {"uv": [17.1, 30.1], "uv_size": [0.8, 0.8]},
								"south": {"uv": [18.1, 30.1], "uv_size": [0.8, 0.8]},
								"west": {"uv": [19.1, 30.1], "uv_size": [0.8, 0.8]},
								"up": {"uv": [21.1, 30.1], "uv_size": [0.8, 0.8]},
								"down": {"uv": [22.1, 30.9], "uv_size": [0.8, -0.8]}
							}
						},
						{
							"origin": [-6, 6, -6],
							"size": [1, 1, 1],
							"uv": {
								"north": {"uv": [30.1, 22.1], "uv_size": [0.8, 0.8]},
								"east": {"uv": [23.1, 30.1], "uv_size": [0.8, 0.8]},
								"south": {"uv": [30.1, 23.1], "uv_size": [0.8, 0.8]},
								"west": {"uv": [24.1, 30.1], "uv_size": [0.8, 0.8]},
								"up": {"uv": [30.1, 24.1], "uv_size": [0.8, 0.8]},
								"down": {"uv": [25.1, 30.9], "uv_size": [0.8, -0.8]}
							}
						},
						{
							"origin": [-4, 6, -6],
							"size": [1, 1, 1],
							"uv": {
								"north": {"uv": [30.1, 25.1], "uv_size": [0.8, 0.8]},
								"east": {"uv": [26.1, 30.1], "uv_size": [0.8, 0.8]},
								"south": {"uv": [30.1, 26.1], "uv_size": [0.8, 0.8]},
								"west": {"uv": [27.1, 30.1], "uv_size": [0.8, 0.8]},
								"up": {"uv": [30.1, 27.1], "uv_size": [0.8, 0.8]},
								"down": {"uv": [28.1, 30.9], "uv_size": [0.8, -0.8]}
							}
						},
						{
							"origin": [-4, 6, -4],
							"size": [1, 1, 1],
							"uv": {
								"north": {"uv": [29.1, 30.1], "uv_size": [0.8, 0.8]},
								"east": {"uv": [30.1, 30.1], "uv_size": [0.8, 0.8]},
								"south": {"uv": [0.1, 31.1], "uv_size": [0.8, 0.8]},
								"west": {"uv": [31.1, 0.1], "uv_size": [0.8, 0.8]},
								"up": {"uv": [1.1, 31.1], "uv_size": [0.8, 0.8]},
								"down": {"uv": [31.1, 1.9], "uv_size": [0.8, -0.8]}
							}
						}
					]
				},
				{
					"name": "bone3",
					"parent": "bone5",
					"pivot": [9, 0, -9],
					"cubes": [
						{
							"origin": [3, 0, -6],
							"size": [3, 6, 3],
							"uv": {
								"north": {"uv": [15.1, 22.1], "uv_size": [2.8, 5.8]},
								"east": {"uv": [18.1, 22.1], "uv_size": [2.8, 5.8]},
								"south": {"uv": [22.1, 18.1], "uv_size": [2.8, 5.8]},
								"west": {"uv": [23.1, 0.1], "uv_size": [2.8, 5.8]},
								"up": {"uv": [11.1, 28.1], "uv_size": [2.8, 2.8]},
								"down": {"uv": [28.1, 14.9], "uv_size": [2.8, -2.8]}
							}
						},
						{
							"origin": [3, 6, -4],
							"size": [1, 1, 1],
							"uv": {
								"north": {"uv": [2.1, 31.1], "uv_size": [0.8, 0.8]},
								"east": {"uv": [31.1, 2.1], "uv_size": [0.8, 0.8]},
								"south": {"uv": [3.1, 31.1], "uv_size": [0.8, 0.8]},
								"west": {"uv": [31.1, 3.1], "uv_size": [0.8, 0.8]},
								"up": {"uv": [4.1, 31.1], "uv_size": [0.8, 0.8]},
								"down": {"uv": [31.1, 4.9], "uv_size": [0.8, -0.8]}
							}
						},
						{
							"origin": [3, 6, -6],
							"size": [1, 1, 1],
							"uv": {
								"north": {"uv": [5.1, 31.1], "uv_size": [0.8, 0.8]},
								"east": {"uv": [31.1, 5.1], "uv_size": [0.8, 0.8]},
								"south": {"uv": [6.1, 31.1], "uv_size": [0.8, 0.8]},
								"west": {"uv": [31.1, 6.1], "uv_size": [0.8, 0.8]},
								"up": {"uv": [31.1, 7.1], "uv_size": [0.8, 0.8]},
								"down": {"uv": [8.1, 31.9], "uv_size": [0.8, -0.8]}
							}
						},
						{
							"origin": [5, 6, -6],
							"size": [1, 1, 1],
							"uv": {
								"north": {"uv": [31.1, 8.1], "uv_size": [0.8, 0.8]},
								"east": {"uv": [9.1, 31.1], "uv_size": [0.8, 0.8]},
								"south": {"uv": [10.1, 31.1], "uv_size": [0.8, 0.8]},
								"west": {"uv": [11.1, 31.1], "uv_size": [0.8, 0.8]},
								"up": {"uv": [31.1, 11.1], "uv_size": [0.8, 0.8]},
								"down": {"uv": [12.1, 31.9], "uv_size": [0.8, -0.8]}
							}
						},
						{
							"origin": [5, 6, -4],
							"size": [1, 1, 1],
							"uv": {
								"north": {"uv": [31.1, 12.1], "uv_size": [0.8, 0.8]},
								"east": {"uv": [13.1, 31.1], "uv_size": [0.8, 0.8]},
								"south": {"uv": [31.1, 13.1], "uv_size": [0.8, 0.8]},
								"west": {"uv": [14.1, 31.1], "uv_size": [0.8, 0.8]},
								"up": {"uv": [31.1, 14.1], "uv_size": [0.8, 0.8]},
								"down": {"uv": [15.1, 31.9], "uv_size": [0.8, -0.8]}
							}
						}
					]
				},
				{
					"name": "bone4",
					"parent": "bone5",
					"pivot": [9, 0, 0],
					"cubes": [
						{
							"origin": [3, 0, 3],
							"size": [3, 6, 3],
							"uv": {
								"north": {"uv": [23.1, 6.1], "uv_size": [2.8, 5.8]},
								"east": {"uv": [21.1, 24.1], "uv_size": [2.8, 5.8]},
								"south": {"uv": [24.1, 24.1], "uv_size": [2.8, 5.8]},
								"west": {"uv": [25.1, 12.1], "uv_size": [2.8, 5.8]},
								"up": {"uv": [14.1, 28.1], "uv_size": [2.8, 2.8]},
								"down": {"uv": [28.1, 17.9], "uv_size": [2.8, -2.8]}
							}
						},
						{
							"origin": [3, 6, 5],
							"size": [1, 1, 1],
							"uv": {
								"north": {"uv": [31.1, 15.1], "uv_size": [0.8, 0.8]},
								"east": {"uv": [16.1, 31.1], "uv_size": [0.8, 0.8]},
								"south": {"uv": [31.1, 16.1], "uv_size": [0.8, 0.8]},
								"west": {"uv": [17.1, 31.1], "uv_size": [0.8, 0.8]},
								"up": {"uv": [31.1, 17.1], "uv_size": [0.8, 0.8]},
								"down": {"uv": [18.1, 31.9], "uv_size": [0.8, -0.8]}
							}
						},
						{
							"origin": [3, 6, 3],
							"size": [1, 1, 1],
							"uv": {
								"north": {"uv": [19.1, 31.1], "uv_size": [0.8, 0.8]},
								"east": {"uv": [21.1, 31.1], "uv_size": [0.8, 0.8]},
								"south": {"uv": [22.1, 31.1], "uv_size": [0.8, 0.8]},
								"west": {"uv": [31.1, 22.1], "uv_size": [0.8, 0.8]},
								"up": {"uv": [23.1, 31.1], "uv_size": [0.8, 0.8]},
								"down": {"uv": [31.1, 23.9], "uv_size": [0.8, -0.8]}
							}
						},
						{
							"origin": [5, 6, 3],
							"size": [1, 1, 1],
							"uv": {
								"north": {"uv": [24.1, 31.1], "uv_size": [0.8, 0.8]},
								"east": {"uv": [31.1, 24.1], "uv_size": [0.8, 0.8]},
								"south": {"uv": [25.1, 31.1], "uv_size": [0.8, 0.8]},
								"west": {"uv": [31.1, 25.1], "uv_size": [0.8, 0.8]},
								"up": {"uv": [26.1, 31.1], "uv_size": [0.8, 0.8]},
								"down": {"uv": [31.1, 26.9], "uv_size": [0.8, -0.8]}
							}
						},
						{
							"origin": [5, 6, 5],
							"size": [1, 1, 1],
							"uv": {
								"north": {"uv": [27.1, 31.1], "uv_size": [0.8, 0.8]},
								"east": {"uv": [31.1, 27.1], "uv_size": [0.8, 0.8]},
								"south": {"uv": [28.1, 31.1], "uv_size": [0.8, 0.8]},
								"west": {"uv": [29.1, 31.1], "uv_size": [0.8, 0.8]},
								"up": {"uv": [30.1, 31.1], "uv_size": [0.8, 0.8]},
								"down": {"uv": [31.1, 30.9], "uv_size": [0.8, -0.8]}
							}
						}
					]
				},
				{
					"name": "bone6",
					"parent": "bone5",
					"pivot": [0, 0, 0],
					"cubes": [
						{
							"origin": [-5, 0, -5],
							"size": [10, 4, 10],
							"uv": {
								"north": {"uv": [10.1, 0.1], "uv_size": [9.8, 3.8]},
								"east": {"uv": [10.1, 4.1], "uv_size": [9.8, 3.8]},
								"south": {"uv": [10.1, 8.1], "uv_size": [9.8, 3.8]},
								"west": {"uv": [10.1, 12.1], "uv_size": [9.8, 3.8]},
								"up": {"uv": [0.1, 0.1], "uv_size": [9.8, 9.8]},
								"down": {"uv": [0.1, 19.9], "uv_size": [9.8, -9.8]}
							}
						},
						{
							"origin": [-2, 5.5, -2],
							"size": [4, 2.25, 4],
							"uv": {
								"north": {"uv": [26.1, 0.1], "uv_size": [3.8, 2.4]},
								"east": {"uv": [26.1, 3.1], "uv_size": [3.8, 2.4]},
								"south": {"uv": [4.1, 26.1], "uv_size": [3.8, 2.4]},
								"west": {"uv": [26.1, 6.1], "uv_size": [3.8, 2.4]},
								"up": {"uv": [25.1, 18.1], "uv_size": [3.8, 3.8]},
								"down": {"uv": [0.1, 29.9], "uv_size": [3.8, -3.8]}
							}
						},
						{
							"origin": [-3, 4, -3],
							"size": [6, 1.5, 6],
							"uv": {
								"north": {"uv": [27.1, 28.1], "uv_size": [5.8, 1.4]},
								"east": {"uv": [29.1, 9.1], "uv_size": [5.8, 1.4]},
								"south": {"uv": [29.1, 18.1], "uv_size": [5.8, 1.4]},
								"west": {"uv": [29.1, 20.1], "uv_size": [5.8, 1.4]},
								"up": {"uv": [10.1, 16.1], "uv_size": [5.8, 5.8]},
								"down": {"uv": [16.1, 21.9], "uv_size": [5.8, -5.8]}
							}
						},
						{
							"origin": [2, 4, 4],
							"size": [1, 1, 1],
							"uv": {
								"north": {"uv": [31.1, 31.1], "uv_size": [0.8, 0.8]},
								"east": {"uv": [0.1, 32.1], "uv_size": [0.8, 0.8]},
								"south": {"uv": [32.1, 0.1], "uv_size": [0.8, 0.8]},
								"west": {"uv": [1.1, 32.1], "uv_size": [0.8, 0.8]},
								"up": {"uv": [32.1, 1.1], "uv_size": [0.8, 0.8]},
								"down": {"uv": [2.1, 32.9], "uv_size": [0.8, -0.8]}
							}
						},
						{
							"origin": [2, 4, -5],
							"size": [1, 1, 1],
							"uv": {
								"north": {"uv": [13.1, 32.1], "uv_size": [0.8, 0.8]},
								"east": {"uv": [32.1, 13.1], "uv_size": [0.8, 0.8]},
								"south": {"uv": [14.1, 32.1], "uv_size": [0.8, 0.8]},
								"west": {"uv": [32.1, 14.1], "uv_size": [0.8, 0.8]},
								"up": {"uv": [15.1, 32.1], "uv_size": [0.8, 0.8]},
								"down": {"uv": [32.1, 15.9], "uv_size": [0.8, -0.8]}
							}
						},
						{
							"origin": [-3, 4, 4],
							"size": [1, 1, 1],
							"uv": {
								"north": {"uv": [32.1, 2.1], "uv_size": [0.8, 0.8]},
								"east": {"uv": [3.1, 32.1], "uv_size": [0.8, 0.8]},
								"south": {"uv": [32.1, 3.1], "uv_size": [0.8, 0.8]},
								"west": {"uv": [4.1, 32.1], "uv_size": [0.8, 0.8]},
								"up": {"uv": [32.1, 4.1], "uv_size": [0.8, 0.8]},
								"down": {"uv": [5.1, 32.9], "uv_size": [0.8, -0.8]}
							}
						},
						{
							"origin": [-5, 4, 2],
							"size": [1, 1, 1],
							"uv": {
								"north": {"uv": [20.1, 32.1], "uv_size": [0.8, 0.8]},
								"east": {"uv": [21.1, 32.1], "uv_size": [0.8, 0.8]},
								"south": {"uv": [22.1, 32.1], "uv_size": [0.8, 0.8]},
								"west": {"uv": [32.1, 22.1], "uv_size": [0.8, 0.8]},
								"up": {"uv": [23.1, 32.1], "uv_size": [0.8, 0.8]},
								"down": {"uv": [32.1, 23.9], "uv_size": [0.8, -0.8]}
							}
						},
						{
							"origin": [4, 4, 2],
							"size": [1, 1, 1],
							"uv": {
								"north": {"uv": [27.1, 32.1], "uv_size": [0.8, 0.8]},
								"east": {"uv": [32.1, 27.1], "uv_size": [0.8, 0.8]},
								"south": {"uv": [28.1, 32.1], "uv_size": [0.8, 0.8]},
								"west": {"uv": [29.1, 32.1], "uv_size": [0.8, 0.8]},
								"up": {"uv": [30.1, 32.1], "uv_size": [0.8, 0.8]},
								"down": {"uv": [32.1, 30.9], "uv_size": [0.8, -0.8]}
							}
						},
						{
							"origin": [-5, 4, -3],
							"size": [1, 1, 1],
							"uv": {
								"north": {"uv": [24.1, 32.1], "uv_size": [0.8, 0.8]},
								"east": {"uv": [32.1, 24.1], "uv_size": [0.8, 0.8]},
								"south": {"uv": [25.1, 32.1], "uv_size": [0.8, 0.8]},
								"west": {"uv": [32.1, 25.1], "uv_size": [0.8, 0.8]},
								"up": {"uv": [26.1, 32.1], "uv_size": [0.8, 0.8]},
								"down": {"uv": [32.1, 26.9], "uv_size": [0.8, -0.8]}
							}
						},
						{
							"origin": [-5, 4, -0.5],
							"size": [1, 1, 1],
							"uv": {
								"north": {"uv": [33.1, 1.1], "uv_size": [0.8, 0.8]},
								"east": {"uv": [2.1, 33.1], "uv_size": [0.8, 0.8]},
								"south": {"uv": [33.1, 2.1], "uv_size": [0.8, 0.8]},
								"west": {"uv": [3.1, 33.1], "uv_size": [0.8, 0.8]},
								"up": {"uv": [33.1, 3.1], "uv_size": [0.8, 0.8]},
								"down": {"uv": [4.1, 33.9], "uv_size": [0.8, -0.8]}
							}
						},
						{
							"origin": [4, 4, -0.5],
							"size": [1, 1, 1],
							"uv": {
								"north": {"uv": [33.1, 4.1], "uv_size": [0.8, 0.8]},
								"east": {"uv": [5.1, 33.1], "uv_size": [0.8, 0.8]},
								"south": {"uv": [33.1, 5.1], "uv_size": [0.8, 0.8]},
								"west": {"uv": [6.1, 33.1], "uv_size": [0.8, 0.8]},
								"up": {"uv": [33.1, 6.1], "uv_size": [0.8, 0.8]},
								"down": {"uv": [7.1, 33.9], "uv_size": [0.8, -0.8]}
							}
						},
						{
							"origin": [4, 4, -3],
							"size": [1, 1, 1],
							"uv": {
								"north": {"uv": [31.1, 32.1], "uv_size": [0.8, 0.8]},
								"east": {"uv": [32.1, 31.1], "uv_size": [0.8, 0.8]},
								"south": {"uv": [32.1, 32.1], "uv_size": [0.8, 0.8]},
								"west": {"uv": [0.1, 33.1], "uv_size": [0.8, 0.8]},
								"up": {"uv": [33.1, 0.1], "uv_size": [0.8, 0.8]},
								"down": {"uv": [1.1, 33.9], "uv_size": [0.8, -0.8]}
							}
						},
						{
							"origin": [-3, 4, -5],
							"size": [1, 1, 1],
							"uv": {
								"north": {"uv": [16.1, 32.1], "uv_size": [0.8, 0.8]},
								"east": {"uv": [32.1, 16.1], "uv_size": [0.8, 0.8]},
								"south": {"uv": [17.1, 32.1], "uv_size": [0.8, 0.8]},
								"west": {"uv": [32.1, 17.1], "uv_size": [0.8, 0.8]},
								"up": {"uv": [18.1, 32.1], "uv_size": [0.8, 0.8]},
								"down": {"uv": [19.1, 32.9], "uv_size": [0.8, -0.8]}
							}
						},
						{
							"origin": [-2, 7.75, -2],
							"size": [1, 1, 1],
							"uv": {
								"north": {"uv": [33.1, 7.1], "uv_size": [0.8, 0.8]},
								"east": {"uv": [8.1, 33.1], "uv_size": [0.8, 0.8]},
								"south": {"uv": [33.1, 8.1], "uv_size": [0.8, 0.8]},
								"west": {"uv": [9.1, 33.1], "uv_size": [0.8, 0.8]},
								"up": {"uv": [10.1, 33.1], "uv_size": [0.8, 0.8]},
								"down": {"uv": [11.1, 33.9], "uv_size": [0.8, -0.8]}
							}
						},
						{
							"origin": [-2, 7.75, 1],
							"size": [1, 1, 1],
							"uv": {
								"north": {"uv": [33.1, 11.1], "uv_size": [0.8, 0.8]},
								"east": {"uv": [12.1, 33.1], "uv_size": [0.8, 0.8]},
								"south": {"uv": [33.1, 12.1], "uv_size": [0.8, 0.8]},
								"west": {"uv": [13.1, 33.1], "uv_size": [0.8, 0.8]},
								"up": {"uv": [33.1, 13.1], "uv_size": [0.8, 0.8]},
								"down": {"uv": [14.1, 33.9], "uv_size": [0.8, -0.8]}
							}
						},
						{
							"origin": [1, 7.75, 1],
							"size": [1, 1, 1],
							"uv": {
								"north": {"uv": [33.1, 14.1], "uv_size": [0.8, 0.8]},
								"east": {"uv": [15.1, 33.1], "uv_size": [0.8, 0.8]},
								"south": {"uv": [33.1, 15.1], "uv_size": [0.8, 0.8]},
								"west": {"uv": [16.1, 33.1], "uv_size": [0.8, 0.8]},
								"up": {"uv": [33.1, 16.1], "uv_size": [0.8, 0.8]},
								"down": {"uv": [17.1, 33.9], "uv_size": [0.8, -0.8]}
							}
						},
						{
							"origin": [1, 7.75, -2],
							"size": [1, 1, 1],
							"uv": {
								"north": {"uv": [33.1, 17.1], "uv_size": [0.8, 0.8]},
								"east": {"uv": [18.1, 33.1], "uv_size": [0.8, 0.8]},
								"south": {"uv": [19.1, 33.1], "uv_size": [0.8, 0.8]},
								"west": {"uv": [20.1, 33.1], "uv_size": [0.8, 0.8]},
								"up": {"uv": [21.1, 33.1], "uv_size": [0.8, 0.8]},
								"down": {"uv": [22.1, 33.9], "uv_size": [0.8, -0.8]}
							}
						},
						{
							"origin": [-0.175, 7.75, -0.175],
							"size": [0.35, 4, 0.35],
							"uv": {
								"north": {"uv": [20.1, 12.1], "uv_size": [0.4, 3.8]},
								"east": {"uv": [21.1, 12.1], "uv_size": [0.4, 3.8]},
								"south": {"uv": [20.1, 28.1], "uv_size": [0.4, 3.8]},
								"west": {"uv": [7.1, 29.1], "uv_size": [0.4, 3.8]},
								"up": {"uv": [33.1, 22.1], "uv_size": [0.4, 0.4]},
								"down": {"uv": [23.1, 33.5], "uv_size": [0.4, -0.4]}
							}
						},
						{
							"origin": [-2.925, 9.75, -0.025],
							"size": [2.85, 2, 0],
							"uv": {
								"north": {"uv": [17.1, 28.1], "uv_size": [2.8, 1.8]},
								"east": {"uv": [0.1, 0.1], "uv_size": [0, 1.8]},
								"south": {"uv": [4.1, 29.1], "uv_size": [2.8, 1.8]},
								"west": {"uv": [0.1, 0.1], "uv_size": [0, 1.8]},
								"up": {"uv": [0.1, 0.1], "uv_size": [2.8, 0]},
								"down": {"uv": [0.1, 0.1], "uv_size": [2.8, 0]}
							}
						},
						{
							"origin": [-0.5, 4, 4],
							"size": [1, 1, 1],
							"uv": {
								"north": {"uv": [32.1, 5.1], "uv_size": [0.8, 0.8]},
								"east": {"uv": [6.1, 32.1], "uv_size": [0.8, 0.8]},
								"south": {"uv": [32.1, 6.1], "uv_size": [0.8, 0.8]},
								"west": {"uv": [32.1, 7.1], "uv_size": [0.8, 0.8]},
								"up": {"uv": [8.1, 32.1], "uv_size": [0.8, 0.8]},
								"down": {"uv": [32.1, 8.9], "uv_size": [0.8, -0.8]}
							}
						},
						{
							"origin": [-0.5, 4, -5],
							"size": [1, 1, 1],
							"uv": {
								"north": {"uv": [9.1, 32.1], "uv_size": [0.8, 0.8]},
								"east": {"uv": [10.1, 32.1], "uv_size": [0.8, 0.8]},
								"south": {"uv": [11.1, 32.1], "uv_size": [0.8, 0.8]},
								"west": {"uv": [32.1, 11.1], "uv_size": [0.8, 0.8]},
								"up": {"uv": [12.1, 32.1], "uv_size": [0.8, 0.8]},
								"down": {"uv": [32.1, 12.9], "uv_size": [0.8, -0.8]}
							}
						}
					]
				}
			]
		}
	]
}