{
	"format_version": "1.12.0",
	"minecraft:geometry": [
		{
			"description": {
				"identifier": "geometry.scarecrow_0",
				"texture_width": 64,
				"texture_height": 64,
				"visible_bounds_width": 3,
				"visible_bounds_height": 3,
				"visible_bounds_offset": [0, 1.5, 0]
			},
			"bones": [
				{
					"name": "waist",
					"pivot": [0, 12, 0]
				},
				{
					"name": "body",
					"parent": "waist",
					"pivot": [0, 24, 0],
					"cubes": [
						{
							"origin": [-4, 12, -2],
							"size": [8, 12, 4],
							"uv": {
								"north": {"uv": [4, 33], "uv_size": [8, 12]},
								"east": {"uv": [0, 33], "uv_size": [4, 12]},
								"south": {"uv": [16, 33], "uv_size": [8, 12]},
								"west": {"uv": [12, 33], "uv_size": [4, 12]},
								"up": {"uv": [4, 29], "uv_size": [8, 4]},
								"down": {"uv": [12, 33], "uv_size": [8, -4]}
							}
						}
					]
				},
				{
					"name": "head",
					"parent": "body",
					"pivot": [0, 24, 0],
					"rotation": [10.7476, 9.86095, -10.7476],
					"cubes": [
						{
							"origin": [-4, 24, -4],
							"size": [8, 8, 8],
							"uv": {
								"north": {"uv": [32, 29], "uv_size": [8, 8]},
								"east": {"uv": [24, 29], "uv_size": [8, 8]},
								"south": {"uv": [48, 29], "uv_size": [8, 8]},
								"west": {"uv": [40, 29], "uv_size": [8, 8]},
								"up": {"uv": [32, 21], "uv_size": [8, 8]},
								"down": {"uv": [40, 29], "uv_size": [8, -8]}
							}
						}
					]
				},
				{
					"name": "hat",
					"parent": "head",
					"pivot": [0, 24, 0],
					"cubes": [
						{
							"origin": [-4, 24, -4],
							"size": [8, 8, 8],
							"inflate": 0.5,
							"uv": {
								"north": {"uv": [8, 21], "uv_size": [8, 8]},
								"east": {"uv": [0, 21], "uv_size": [8, 8]},
								"south": {"uv": [24, 21], "uv_size": [8, 8]},
								"west": {"uv": [16, 21], "uv_size": [8, 8]},
								"up": {"uv": [8, 13], "uv_size": [8, 8]},
								"down": {"uv": [16, 21], "uv_size": [8, -8]}
							}
						},
						{
							"origin": [-6, 29, -6],
							"size": [12, 1, 12],
							"uv": {
								"north": {"uv": [28, 16], "uv_size": [12, 1]},
								"east": {"uv": [16, 16], "uv_size": [12, 1]},
								"south": {"uv": [52, 16], "uv_size": [12, 1]},
								"west": {"uv": [40, 16], "uv_size": [12, 1]},
								"up": {"uv": [28, 4], "uv_size": [12, 12]},
								"down": {"uv": [40, 16], "uv_size": [12, -12]}
							}
						}
					]
				},
				{
					"name": "rightArm",
					"parent": "body",
					"pivot": [-5, 22, 0],
					"rotation": [0, 0, 90],
					"cubes": [
						{
							"origin": [-6, 12, -1],
							"size": [2, 12, 2],
							"uv": {
								"north": {"uv": [34, 39], "uv_size": [2, 12]},
								"east": {"uv": [32, 39], "uv_size": [2, 12]},
								"south": {"uv": [38, 39], "uv_size": [2, 12]},
								"west": {"uv": [36, 39], "uv_size": [2, 12]},
								"up": {"uv": [34, 37], "uv_size": [2, 2]},
								"down": {"uv": [36, 39], "uv_size": [2, -2]}
							}
						}
					]
				},
				{
					"name": "rightItem",
					"parent": "rightArm",
					"pivot": [-6, 15, 1]
				},
				{
					"name": "leftArm",
					"parent": "body",
					"pivot": [5, 22, 0],
					"rotation": [0, 0, -90],
					"cubes": [
						{
							"origin": [4, 12, -1],
							"size": [2, 12, 2],
							"uv": {
								"north": {"uv": [36, 39], "uv_size": [-2, 12]},
								"east": {"uv": [38, 39], "uv_size": [-2, 12]},
								"south": {"uv": [40, 39], "uv_size": [-2, 12]},
								"west": {"uv": [34, 39], "uv_size": [-2, 12]},
								"up": {"uv": [36, 37], "uv_size": [-2, 2]},
								"down": {"uv": [38, 39], "uv_size": [-2, -2]}
							}
						}
					]
				},
				{
					"name": "leftItem",
					"parent": "leftArm",
					"pivot": [6, 15, 1]
				},
				{
					"name": "rightLeg",
					"parent": "body",
					"pivot": [-2, 12, 0]
				},
				{
					"name": "leftLeg",
					"parent": "body",
					"pivot": [0, 12, 0],
					"cubes": [
						{
							"origin": [-1, 0, -1],
							"size": [2, 15, 2],
							"uv": {
								"north": {"uv": [26, 39], "uv_size": [2, 15]},
								"east": {"uv": [24, 39], "uv_size": [2, 15]},
								"south": {"uv": [30, 39], "uv_size": [2, 15]},
								"west": {"uv": [28, 39], "uv_size": [2, 15]},
								"up": {"uv": [26, 37], "uv_size": [2, 2]},
								"down": {"uv": [28, 39], "uv_size": [2, -2]}
							}
						}
					]
				}
			]
		}
	]
}