{
	"format_version": "1.12.0",
	"minecraft:geometry": [
		{
			"description": {
				"identifier": "geometry.school_desk_0",
				"texture_width": 64,
				"texture_height": 64,
				"visible_bounds_width": 2,
				"visible_bounds_height": 2.5,
				"visible_bounds_offset": [0, 0.75, 0]
			},
			"bones": [
				{
					"name": "bone",
					"pivot": [0, 0, 0],
					"rotation": [-180, 0, 180]
				},
				{
					"name": "bone3",
					"parent": "bone",
					"pivot": [0, 0, 16],
					"cubes": [
						{
							"origin": [-7, 0, 6],
							"size": [1, 15, 1],
							"uv": {
								"north": {"uv": [12, 37], "uv_size": [1, 15]},
								"east": {"uv": [13, 37], "uv_size": [1, 15]},
								"south": {"uv": [14, 37], "uv_size": [1, 15]},
								"west": {"uv": [15, 37], "uv_size": [1, 15]},
								"up": {"uv": [41, 37], "uv_size": [1, 1]},
								"down": {"uv": [41, 39], "uv_size": [1, -1]}
							}
						},
						{
							"origin": [-6.75, 12.5, -6],
							"size": [0.75, 2.5, 12],
							"uv": {
								"north": {"uv": [12, 32], "uv_size": [1, 3]},
								"east": {"uv": [29, 14], "uv_size": [12, 3]},
								"south": {"uv": [13, 32], "uv_size": [1, 3]},
								"west": {"uv": [29, 17], "uv_size": [12, 3]},
								"up": {"uv": [0, 38], "uv_size": [1, 12]},
								"down": {"uv": [1, 50], "uv_size": [1, -12]}
							}
						},
						{
							"origin": [6, 12.5, -6],
							"size": [0.75, 2.5, 12],
							"uv": {
								"north": {"uv": [14, 32], "uv_size": [1, 3]},
								"east": {"uv": [29, 20], "uv_size": [12, 3]},
								"south": {"uv": [15, 32], "uv_size": [1, 3]},
								"west": {"uv": [29, 23], "uv_size": [12, 3]},
								"up": {"uv": [2, 38], "uv_size": [1, 12]},
								"down": {"uv": [3, 50], "uv_size": [1, -12]}
							}
						},
						{
							"origin": [6, 0, 6],
							"size": [1, 15.25, 1],
							"uv": {
								"north": {"uv": [16, 37], "uv_size": [1, 15]},
								"east": {"uv": [17, 37], "uv_size": [1, 15]},
								"south": {"uv": [18, 37], "uv_size": [1, 15]},
								"west": {"uv": [19, 37], "uv_size": [1, 15]},
								"up": {"uv": [41, 39], "uv_size": [1, 1]},
								"down": {"uv": [41, 41], "uv_size": [1, -1]}
							}
						},
						{
							"origin": [6, 0, -7],
							"size": [1, 15.25, 1],
							"uv": {
								"north": {"uv": [20, 37], "uv_size": [1, 15]},
								"east": {"uv": [21, 37], "uv_size": [1, 15]},
								"south": {"uv": [22, 37], "uv_size": [1, 15]},
								"west": {"uv": [23, 37], "uv_size": [1, 15]},
								"up": {"uv": [41, 41], "uv_size": [1, 1]},
								"down": {"uv": [42, 10], "uv_size": [1, -1]}
							}
						},
						{
							"origin": [-6, 12.5, -6.75],
							"size": [12, 2.75, 0.75],
							"uv": {
								"north": {"uv": [0, 32], "uv_size": [12, 3]},
								"east": {"uv": [39, 9], "uv_size": [1, 3]},
								"south": {"uv": [0, 35], "uv_size": [12, 3]},
								"west": {"uv": [40, 9], "uv_size": [1, 3]},
								"up": {"uv": [38, 28], "uv_size": [12, 1]},
								"down": {"uv": [38, 30], "uv_size": [12, -1]}
							}
						},
						{
							"origin": [-7, 0, -7],
							"size": [1, 15.25, 1],
							"uv": {
								"north": {"uv": [24, 37], "uv_size": [1, 15]},
								"east": {"uv": [25, 37], "uv_size": [1, 15]},
								"south": {"uv": [26, 37], "uv_size": [1, 15]},
								"west": {"uv": [27, 37], "uv_size": [1, 15]},
								"up": {"uv": [42, 10], "uv_size": [1, 1]},
								"down": {"uv": [42, 12], "uv_size": [1, -1]}
							}
						},
						{
							"origin": [-8, 15, -8],
							"size": [16, 1, 16],
							"uv": {
								"north": {"uv": [12, 35], "uv_size": [16, 1]},
								"east": {"uv": [28, 35], "uv_size": [16, 1]},
								"south": {"uv": [12, 36], "uv_size": [16, 1]},
								"west": {"uv": [28, 36], "uv_size": [16, 1]},
								"up": {"uv": [0, 0], "uv_size": [16, 16]},
								"down": {"uv": [0, 32], "uv_size": [16, -16]}
							}
						},
						{
							"origin": [-6.5, 12, -6.5],
							"size": [13, 0.5, 13],
							"uv": {
								"north": {"uv": [28, 37], "uv_size": [13, 1]},
								"east": {"uv": [38, 26], "uv_size": [13, 1]},
								"south": {"uv": [38, 27], "uv_size": [13, 1]},
								"west": {"uv": [28, 38], "uv_size": [13, 1]},
								"up": {"uv": [16, 0], "uv_size": [13, 13]},
								"down": {"uv": [16, 26], "uv_size": [13, -13]}
							}
						}
					]
				}
			]
		}
	]
}