{
	"format_version": "1.12.0",
	"minecraft:geometry": [
		{
			"description": {
				"identifier": "geometry.school_desk_1",
				"texture_width": 64,
				"texture_height": 64,
				"visible_bounds_width": 3,
				"visible_bounds_height": 2.5,
				"visible_bounds_offset": [0, 0.75, 0]
			},
			"bones": [
				{
					"name": "bone",
					"pivot": [0, 0, 0],
					"cubes": [
						{
							"origin": [-6, 9, -5.5],
							"size": [12, 0.75, 10.5],
							"uv": {
								"north": {"uv": [22, 16], "uv_size": [12, 1]},
								"east": {"uv": [24, 18], "uv_size": [11, 1]},
								"south": {"uv": [22, 17], "uv_size": [12, 1]},
								"west": {"uv": [24, 19], "uv_size": [11, 1]},
								"up": {"uv": [0, 0], "uv_size": [12, 11]},
								"down": {"uv": [0, 22], "uv_size": [12, -11]}
							}
						},
						{
							"origin": [-5.75, -1.02343, 5.19786],
							"size": [1, 9.25, 1],
							"pivot": [0, 0, 0],
							"rotation": [10, 0, 0],
							"uv": {
								"north": {"uv": [27, 29], "uv_size": [1, 9]},
								"east": {"uv": [28, 29], "uv_size": [1, 9]},
								"south": {"uv": [29, 29], "uv_size": [1, 9]},
								"west": {"uv": [0, 30], "uv_size": [1, 9]},
								"up": {"uv": [35, 18], "uv_size": [1, 1]},
								"down": {"uv": [35, 20], "uv_size": [1, -1]}
							}
						},
						{
							"origin": [-5.75, -1.02343, -6.19786],
							"size": [1, 9.25, 1],
							"pivot": [0, 0, 0],
							"rotation": [-10, 0, 0],
							"uv": {
								"north": {"uv": [5, 30], "uv_size": [1, 9]},
								"east": {"uv": [6, 30], "uv_size": [1, 9]},
								"south": {"uv": [7, 30], "uv_size": [1, 9]},
								"west": {"uv": [8, 30], "uv_size": [1, 9]},
								"up": {"uv": [32, 35], "uv_size": [1, 1]},
								"down": {"uv": [33, 36], "uv_size": [1, -1]}
							}
						},
						{
							"origin": [4.75, -1.02343, 5.19786],
							"size": [1, 9.25, 1],
							"pivot": [0, 0, 0],
							"rotation": [10, 0, 0],
							"uv": {
								"north": {"uv": [1, 30], "uv_size": [1, 9]},
								"east": {"uv": [2, 30], "uv_size": [1, 9]},
								"south": {"uv": [3, 30], "uv_size": [1, 9]},
								"west": {"uv": [4, 30], "uv_size": [1, 9]},
								"up": {"uv": [26, 35], "uv_size": [1, 1]},
								"down": {"uv": [31, 36], "uv_size": [1, -1]}
							}
						},
						{
							"origin": [4.75, -1.02343, -6.19786],
							"size": [1, 9.25, 1],
							"pivot": [0, 0, 0],
							"rotation": [-10, 0, 0],
							"uv": {
								"north": {"uv": [9, 30], "uv_size": [1, 9]},
								"east": {"uv": [22, 30], "uv_size": [1, 9]},
								"south": {"uv": [23, 30], "uv_size": [1, 9]},
								"west": {"uv": [30, 29], "uv_size": [1, 9]},
								"up": {"uv": [34, 35], "uv_size": [1, 1]},
								"down": {"uv": [35, 36], "uv_size": [1, -1]}
							}
						},
						{
							"origin": [-4.75, 8.5, 3.75],
							"size": [9.5, 0.5, 1],
							"uv": {
								"north": {"uv": [12, 24], "uv_size": [10, 1]},
								"east": {"uv": [12, 36], "uv_size": [1, 1]},
								"south": {"uv": [24, 20], "uv_size": [10, 1]},
								"west": {"uv": [13, 36], "uv_size": [1, 1]},
								"up": {"uv": [24, 21], "uv_size": [10, 1]},
								"down": {"uv": [24, 23], "uv_size": [10, -1]}
							}
						},
						{
							"origin": [-5.70547, 14.75, -8.93207],
							"size": [7.5, 0.25, 1],
							"pivot": [0, 0, 0],
							"rotation": [0, 17.5, 0],
							"uv": {
								"north": {"uv": [34, 21], "uv_size": [8, 1]},
								"east": {"uv": [32, 37], "uv_size": [1, 1]},
								"south": {"uv": [34, 22], "uv_size": [8, 1]},
								"west": {"uv": [33, 37], "uv_size": [1, 1]},
								"up": {"uv": [31, 34], "uv_size": [8, 1]},
								"down": {"uv": [35, 11], "uv_size": [8, -1]}
							}
						},
						{
							"origin": [-8.25, 14.75, -4.2],
							"size": [7.5, 0.25, 1],
							"uv": {
								"north": {"uv": [35, 11], "uv_size": [8, 1]},
								"east": {"uv": [34, 37], "uv_size": [1, 1]},
								"south": {"uv": [12, 35], "uv_size": [8, 1]},
								"west": {"uv": [35, 37], "uv_size": [1, 1]},
								"up": {"uv": [35, 12], "uv_size": [8, 1]},
								"down": {"uv": [35, 14], "uv_size": [8, -1]}
							}
						},
						{
							"origin": [-5.75, 8.5, -3.75],
							"size": [1, 0.75, 7.5],
							"uv": {
								"north": {"uv": [14, 36], "uv_size": [1, 1]},
								"east": {"uv": [31, 31], "uv_size": [8, 1]},
								"south": {"uv": [15, 36], "uv_size": [1, 1]},
								"west": {"uv": [31, 32], "uv_size": [8, 1]},
								"up": {"uv": [24, 33], "uv_size": [1, 8]},
								"down": {"uv": [25, 41], "uv_size": [1, -8]}
							}
						},
						{
							"origin": [-5.4, 2.75, -5],
							"size": [0.3, 0.25, 10],
							"uv": {
								"north": {"uv": [37, 35], "uv_size": [1, 1]},
								"east": {"uv": [25, 14], "uv_size": [10, 1]},
								"south": {"uv": [36, 37], "uv_size": [1, 1]},
								"west": {"uv": [25, 15], "uv_size": [10, 1]},
								"up": {"uv": [25, 23], "uv_size": [1, 10]},
								"down": {"uv": [26, 10], "uv_size": [1, -10]}
							}
						},
						{
							"origin": [-5.15, 2.85, 3.65],
							"size": [10.3, 0.15, 0.1],
							"uv": {
								"north": {"uv": [27, 25], "uv_size": [10, 1]},
								"east": {"uv": [38, 0], "uv_size": [1, 1]},
								"south": {"uv": [27, 26], "uv_size": [10, 1]},
								"west": {"uv": [38, 1], "uv_size": [1, 1]},
								"up": {"uv": [27, 27], "uv_size": [10, 1]},
								"down": {"uv": [0, 29], "uv_size": [10, -1]}
							}
						},
						{
							"origin": [-5.15, 2.85, -3.75],
							"size": [10.3, 0.15, 0.1],
							"uv": {
								"north": {"uv": [28, 0], "uv_size": [10, 1]},
								"east": {"uv": [38, 2], "uv_size": [1, 1]},
								"south": {"uv": [28, 1], "uv_size": [10, 1]},
								"west": {"uv": [38, 3], "uv_size": [1, 1]},
								"up": {"uv": [28, 2], "uv_size": [10, 1]},
								"down": {"uv": [28, 4], "uv_size": [10, -1]}
							}
						},
						{
							"origin": [-5.15, 2.85, 1],
							"size": [10.3, 0.15, 0.1],
							"uv": {
								"north": {"uv": [28, 8], "uv_size": [10, 1]},
								"east": {"uv": [38, 6], "uv_size": [1, 1]},
								"south": {"uv": [28, 9], "uv_size": [10, 1]},
								"west": {"uv": [38, 7], "uv_size": [1, 1]},
								"up": {"uv": [27, 28], "uv_size": [10, 1]},
								"down": {"uv": [0, 30], "uv_size": [10, -1]}
							}
						},
						{
							"origin": [-5.15, 2.85, -1.5],
							"size": [10.3, 0.15, 0.1],
							"uv": {
								"north": {"uv": [28, 4], "uv_size": [10, 1]},
								"east": {"uv": [38, 4], "uv_size": [1, 1]},
								"south": {"uv": [28, 5], "uv_size": [10, 1]},
								"west": {"uv": [38, 5], "uv_size": [1, 1]},
								"up": {"uv": [28, 6], "uv_size": [10, 1]},
								"down": {"uv": [28, 8], "uv_size": [10, -1]}
							}
						},
						{
							"origin": [5.1, 2.75, -5],
							"size": [0.3, 0.25, 10],
							"uv": {
								"north": {"uv": [37, 36], "uv_size": [1, 1]},
								"east": {"uv": [26, 23], "uv_size": [10, 1]},
								"south": {"uv": [37, 37], "uv_size": [1, 1]},
								"west": {"uv": [26, 24], "uv_size": [10, 1]},
								"up": {"uv": [26, 25], "uv_size": [1, 10]},
								"down": {"uv": [27, 10], "uv_size": [1, -10]}
							}
						},
						{
							"origin": [4.75, 8.5, -3.75],
							"size": [1, 0.5, 7.5],
							"uv": {
								"north": {"uv": [16, 36], "uv_size": [1, 1]},
								"east": {"uv": [31, 33], "uv_size": [8, 1]},
								"south": {"uv": [17, 36], "uv_size": [1, 1]},
								"west": {"uv": [34, 16], "uv_size": [8, 1]},
								"up": {"uv": [10, 34], "uv_size": [1, 8]},
								"down": {"uv": [11, 42], "uv_size": [1, -8]}
							}
						},
						{
							"origin": [2, 8.5, 4.75],
							"size": [1, 0.5, 1],
							"uv": {
								"north": {"uv": [18, 36], "uv_size": [1, 1]},
								"east": {"uv": [36, 18], "uv_size": [1, 1]},
								"south": {"uv": [19, 36], "uv_size": [1, 1]},
								"west": {"uv": [36, 19], "uv_size": [1, 1]},
								"up": {"uv": [36, 23], "uv_size": [1, 1]},
								"down": {"uv": [36, 25], "uv_size": [1, -1]}
							}
						},
						{
							"origin": [3.23299, 8.99948, 4.34557],
							"size": [1, 10, 0.75],
							"pivot": [0, 0, 0],
							"rotation": [-4.95744, -0.65182, -7.47178],
							"uv": {
								"north": {"uv": [24, 23], "uv_size": [1, 10]},
								"east": {"uv": [25, 0], "uv_size": [1, 10]},
								"south": {"uv": [12, 25], "uv_size": [1, 10]},
								"west": {"uv": [13, 25], "uv_size": [1, 10]},
								"up": {"uv": [36, 35], "uv_size": [1, 1]},
								"down": {"uv": [36, 37], "uv_size": [1, -1]}
							}
						},
						{
							"origin": [-4.23299, 8.99948, 4.34557],
							"size": [1, 10, 0.75],
							"pivot": [0, 0, 0],
							"rotation": [-4.95744, 0.65182, 7.47178],
							"uv": {
								"north": {"uv": [14, 25], "uv_size": [1, 10]},
								"east": {"uv": [15, 25], "uv_size": [1, 10]},
								"south": {"uv": [16, 25], "uv_size": [1, 10]},
								"west": {"uv": [17, 25], "uv_size": [1, 10]},
								"up": {"uv": [12, 37], "uv_size": [1, 1]},
								"down": {"uv": [13, 38], "uv_size": [1, -1]}
							}
						},
						{
							"origin": [-3, 8.5, 4.75],
							"size": [1, 0.5, 1],
							"uv": {
								"north": {"uv": [26, 36], "uv_size": [1, 1]},
								"east": {"uv": [31, 36], "uv_size": [1, 1]},
								"south": {"uv": [32, 36], "uv_size": [1, 1]},
								"west": {"uv": [33, 36], "uv_size": [1, 1]},
								"up": {"uv": [34, 36], "uv_size": [1, 1]},
								"down": {"uv": [35, 37], "uv_size": [1, -1]}
							}
						},
						{
							"origin": [-5, 16.51462, 3.78672],
							"size": [10, 6, 0.75],
							"pivot": [0, 0, 0],
							"rotation": [-5, 0, 0],
							"uv": {
								"north": {"uv": [12, 18], "uv_size": [10, 6]},
								"east": {"uv": [20, 35], "uv_size": [1, 6]},
								"south": {"uv": [0, 22], "uv_size": [10, 6]},
								"west": {"uv": [21, 35], "uv_size": [1, 6]},
								"up": {"uv": [25, 10], "uv_size": [10, 1]},
								"down": {"uv": [25, 12], "uv_size": [10, -1]}
							}
						},
						{
							"origin": [-7, 8.5, -2.5],
							"size": [1.25, 0.5, 0.75],
							"uv": {
								"north": {"uv": [14, 37], "uv_size": [1, 1]},
								"east": {"uv": [15, 37], "uv_size": [1, 1]},
								"south": {"uv": [16, 37], "uv_size": [1, 1]},
								"west": {"uv": [17, 37], "uv_size": [1, 1]},
								"up": {"uv": [18, 37], "uv_size": [1, 1]},
								"down": {"uv": [37, 19], "uv_size": [1, -1]}
							}
						},
						{
							"origin": [-7, 8.5, 2.25],
							"size": [1.25, 0.5, 0.75],
							"uv": {
								"north": {"uv": [19, 37], "uv_size": [1, 1]},
								"east": {"uv": [37, 19], "uv_size": [1, 1]},
								"south": {"uv": [37, 23], "uv_size": [1, 1]},
								"west": {"uv": [37, 24], "uv_size": [1, 1]},
								"up": {"uv": [37, 25], "uv_size": [1, 1]},
								"down": {"uv": [26, 38], "uv_size": [1, -1]}
							}
						}
					]
				},
				{
					"name": "bone2",
					"parent": "bone",
					"pivot": [0, -2, 0],
					"cubes": [
						{
							"origin": [-8.75, 15, -11.75],
							"size": [10, 0.75, 8.75],
							"uv": {
								"north": {"uv": [25, 12], "uv_size": [10, 1]},
								"east": {"uv": [31, 29], "uv_size": [9, 1]},
								"south": {"uv": [25, 13], "uv_size": [10, 1]},
								"west": {"uv": [31, 30], "uv_size": [9, 1]},
								"up": {"uv": [12, 0], "uv_size": [10, 9]},
								"down": {"uv": [12, 18], "uv_size": [10, -9]}
							}
						},
						{
							"origin": [-8.75, 15, -3],
							"size": [3.25, 0.75, 8.25],
							"uv": {
								"north": {"uv": [35, 14], "uv_size": [3, 1]},
								"east": {"uv": [34, 17], "uv_size": [8, 1]},
								"south": {"uv": [35, 15], "uv_size": [3, 1]},
								"west": {"uv": [34, 20], "uv_size": [8, 1]},
								"up": {"uv": [22, 0], "uv_size": [3, 8]},
								"down": {"uv": [22, 16], "uv_size": [3, -8]}
							}
						},
						{
							"origin": [-6.02748, 5.20828, 7.92816],
							"size": [1, 9, 0.75],
							"pivot": [0, 0, 0],
							"rotation": [44.82648, 2.86313, -6.93488],
							"uv": {
								"north": {"uv": [10, 22], "uv_size": [1, 12]},
								"east": {"uv": [11, 22], "uv_size": [1, 12]},
								"south": {"uv": [22, 18], "uv_size": [1, 12]},
								"west": {"uv": [23, 18], "uv_size": [1, 12]},
								"up": {"uv": [37, 28], "uv_size": [1, 1]},
								"down": {"uv": [31, 38], "uv_size": [1, -1]}
							}
						},
						{
							"origin": [-5.76739, 9.19311, 3.15979],
							"size": [1, 8, 0.75],
							"pivot": [0, 0, 0],
							"rotation": [34.82648, 2.86313, -6.93488],
							"uv": {
								"north": {"uv": [18, 25], "uv_size": [1, 10]},
								"east": {"uv": [19, 25], "uv_size": [1, 10]},
								"south": {"uv": [20, 25], "uv_size": [1, 10]},
								"west": {"uv": [21, 25], "uv_size": [1, 10]},
								"up": {"uv": [37, 26], "uv_size": [1, 1]},
								"down": {"uv": [37, 28], "uv_size": [1, -1]}
							}
						}
					]
				}
			]
		}
	]
}