{
	"format_version": "1.12.0",
	"minecraft:geometry": [
		{
			"description": {
				"identifier": "geometry.shelf_0",
				"texture_width": 32,
				"texture_height": 32,
				"visible_bounds_width": 3,
				"visible_bounds_height": 2.5,
				"visible_bounds_offset": [0, 0.75, 0]
			},
			"bones": [
				{
					"name": "root",
					"pivot": [0, -1, 0],
					"cubes": [
						{
							"origin": [-8, 15, 0],
							"size": [16, 1, 8],
							"uv": {
								"north": {"uv": [0, 16], "uv_size": [16, 1]},
								"east": {"uv": [16, 1], "uv_size": [8, 1]},
								"south": {"uv": [16, 0], "uv_size": [16, 1]},
								"west": {"uv": [16, 2], "uv_size": [8, 1]},
								"up": {"uv": [0, 0], "uv_size": [16, 8]},
								"down": {"uv": [0, 16], "uv_size": [16, -8]}
							}
						}
					]
				},
				{
					"name": "bone",
					"parent": "root",
					"pivot": [7, -0.25434, 1.03912],
					"cubes": [
						{
							"origin": [6, 0.35884, 12.93986],
							"size": [1, 7, 1],
							"pivot": [0, 0, 0],
							"rotation": [52.5, 0, 0],
							"uv": {
								"north": {"uv": [16, 3], "uv_size": [1, 7]},
								"east": {"uv": [16, 10], "uv_size": [1, 7]},
								"south": {"uv": [0, 17], "uv_size": [1, 7]},
								"west": {"uv": [1, 17], "uv_size": [1, 7]},
								"up": {"uv": [14, 18], "uv_size": [1, 1]},
								"down": {"uv": [15, 19], "uv_size": [1, -1]}
							}
						},
						{
							"origin": [6, 14.74566, 2.03912],
							"size": [1, 0.25, 6],
							"uv": {
								"north": {"uv": [18, 15], "uv_size": [1, 1]},
								"east": {"uv": [5, 17], "uv_size": [6, 1]},
								"south": {"uv": [16, 18], "uv_size": [1, 1]},
								"west": {"uv": [17, 10], "uv_size": [6, 1]},
								"up": {"uv": [11, 17], "uv_size": [1, 6]},
								"down": {"uv": [17, 17], "uv_size": [1, -6]}
							}
						},
						{
							"origin": [6, 10.54566, 7.53912],
							"size": [1, 4.2, 0.5],
							"uv": {
								"north": {"uv": [6, 18], "uv_size": [1, 4]},
								"east": {"uv": [7, 18], "uv_size": [1, 4]},
								"south": {"uv": [8, 18], "uv_size": [1, 4]},
								"west": {"uv": [9, 18], "uv_size": [1, 4]},
								"up": {"uv": [18, 16], "uv_size": [1, 1]},
								"down": {"uv": [17, 19], "uv_size": [1, -1]}
							}
						}
					]
				},
				{
					"name": "bone2",
					"parent": "root",
					"pivot": [-7, -0.25434, 1.03912],
					"cubes": [
						{
							"origin": [-7, 0.35884, 12.93986],
							"size": [1, 7, 1],
							"pivot": [0, 0, 0],
							"rotation": [52.5, 0, 0],
							"uv": {
								"north": {"uv": [2, 17], "uv_size": [1, 7]},
								"east": {"uv": [3, 17], "uv_size": [1, 7]},
								"south": {"uv": [17, 3], "uv_size": [1, 7]},
								"west": {"uv": [4, 17], "uv_size": [1, 7]},
								"up": {"uv": [18, 17], "uv_size": [1, 1]},
								"down": {"uv": [18, 19], "uv_size": [1, -1]}
							}
						},
						{
							"origin": [-7, 14.74566, 2.03912],
							"size": [1, 0.25, 6],
							"uv": {
								"north": {"uv": [19, 4], "uv_size": [1, 1]},
								"east": {"uv": [12, 17], "uv_size": [6, 1]},
								"south": {"uv": [19, 5], "uv_size": [1, 1]},
								"west": {"uv": [18, 3], "uv_size": [6, 1]},
								"up": {"uv": [18, 4], "uv_size": [1, 6]},
								"down": {"uv": [5, 24], "uv_size": [1, -6]}
							}
						}
					]
				},
				{
					"name": "bb_main",
					"parent": "root",
					"pivot": [0, -1, 0],
					"cubes": [
						{
							"origin": [-7, 10.54566, 7.53912],
							"size": [1, 4.2, 0.5],
							"uv": {
								"north": {"uv": [10, 18], "uv_size": [1, 4]},
								"east": {"uv": [18, 11], "uv_size": [1, 4]},
								"south": {"uv": [12, 18], "uv_size": [1, 4]},
								"west": {"uv": [13, 18], "uv_size": [1, 4]},
								"up": {"uv": [19, 6], "uv_size": [1, 1]},
								"down": {"uv": [19, 8], "uv_size": [1, -1]}
							}
						}
					]
				}
			]
		}
	]
}