{
	"format_version": "1.12.0",
	"minecraft:geometry": [
		{
			"description": {
				"identifier": "geometry.shower_0",
				"texture_width": 256,
				"texture_height": 256,
				"visible_bounds_width": 3,
				"visible_bounds_height": 3.5,
				"visible_bounds_offset": [0, 1.25, 0]
			},
			"bones": [
				{
					"name": "bone",
					"pivot": [0, 0, 0],
					"cubes": [
						{
							"origin": [-8, 0, -24],
							"size": [32, 1, 32],
							"uv": {
								"north": {"uv": [32, 32], "uv_size": [32, 1]},
								"east": {"uv": [0, 32], "uv_size": [32, 1]},
								"south": {"uv": [96, 32], "uv_size": [32, 1]},
								"west": {"uv": [64, 32], "uv_size": [32, 1]},
								"up": {"uv": [32, 0], "uv_size": [32, 32]},
								"down": {"uv": [64, 32], "uv_size": [32, -32]}
							}
						},
						{
							"origin": [-8, 1, -24],
							"size": [32, 3, 3],
							"uv": {
								"north": {"uv": [62, 62], "uv_size": [32, 3]},
								"east": {"uv": [59, 62], "uv_size": [3, 3]},
								"south": {"uv": [97, 62], "uv_size": [32, 3]},
								"west": {"uv": [94, 62], "uv_size": [3, 3]},
								"up": {"uv": [62, 59], "uv_size": [32, 3]},
								"down": {"uv": [94, 62], "uv_size": [32, -3]}
							}
						},
						{
							"origin": [-8, 1, 21],
							"size": [29, 3, 3],
							"pivot": [0, 0, 0],
							"rotation": [0, 90, 0],
							"uv": {
								"north": {"uv": [65, 36], "uv_size": [29, 3]},
								"east": {"uv": [62, 36], "uv_size": [3, 3]},
								"south": {"uv": [97, 36], "uv_size": [29, 3]},
								"west": {"uv": [94, 36], "uv_size": [3, 3]},
								"up": {"uv": [65, 33], "uv_size": [29, 3]},
								"down": {"uv": [94, 36], "uv_size": [29, -3]}
							}
						},
						{
							"origin": [-8, 4, -23],
							"size": [31, 1, 1],
							"uv": {
								"north": {"uv": [63, 42], "uv_size": [31, 1]},
								"east": {"uv": [62, 42], "uv_size": [1, 1]},
								"south": {"uv": [95, 42], "uv_size": [31, 1]},
								"west": {"uv": [94, 42], "uv_size": [1, 1]},
								"up": {"uv": [63, 41], "uv_size": [31, 1]},
								"down": {"uv": [94, 42], "uv_size": [31, -1]}
							}
						},
						{
							"origin": [-8, 5, -22.5],
							"size": [31, 29, 0],
							"uv": {
								"north": {"uv": [0, 33], "uv_size": [31, 29]},
								"east": {"uv": [0, 33], "uv_size": [0, 29]},
								"south": {"uv": [31, 33], "uv_size": [31, 29]},
								"west": {"uv": [31, 33], "uv_size": [0, 29]},
								"up": {"uv": [0, 33], "uv_size": [31, 0]},
								"down": {"uv": [31, 33], "uv_size": [31, 0]}
							}
						},
						{
							"origin": [-8, 5, 22.5],
							"size": [15, 29, 0],
							"pivot": [0, 0, 0],
							"rotation": [0, 90, 0],
							"uv": {
								"north": {"uv": [0, 0], "uv_size": [15, 29]},
								"east": {"uv": [0, 0], "uv_size": [0, 29]},
								"south": {"uv": [15, 0], "uv_size": [15, 29]},
								"west": {"uv": [15, 0], "uv_size": [0, 29]},
								"up": {"uv": [0, 0], "uv_size": [15, 0]},
								"down": {"uv": [15, 0], "uv_size": [15, 0]}
							}
						},
						{
							"origin": [-7, 17, -23],
							"size": [29, 1, 1],
							"uv": {
								"north": {"uv": [63, 48], "uv_size": [29, 1]},
								"east": {"uv": [62, 48], "uv_size": [1, 1]},
								"south": {"uv": [93, 48], "uv_size": [29, 1]},
								"west": {"uv": [92, 48], "uv_size": [1, 1]},
								"up": {"uv": [63, 47], "uv_size": [29, 1]},
								"down": {"uv": [92, 48], "uv_size": [29, -1]}
							}
						},
						{
							"origin": [-8, 34, -23],
							"size": [31, 1, 1],
							"uv": {
								"north": {"uv": [63, 40], "uv_size": [31, 1]},
								"east": {"uv": [62, 40], "uv_size": [1, 1]},
								"south": {"uv": [95, 40], "uv_size": [31, 1]},
								"west": {"uv": [94, 40], "uv_size": [1, 1]},
								"up": {"uv": [63, 39], "uv_size": [31, 1]},
								"down": {"uv": [94, 40], "uv_size": [31, -1]}
							}
						},
						{
							"origin": [-8, 4, 22],
							"size": [30, 1, 1],
							"pivot": [0, 0, 0],
							"rotation": [0, 90, 0],
							"uv": {
								"north": {"uv": [63, 46], "uv_size": [30, 1]},
								"east": {"uv": [62, 46], "uv_size": [1, 1]},
								"south": {"uv": [94, 46], "uv_size": [30, 1]},
								"west": {"uv": [93, 46], "uv_size": [1, 1]},
								"up": {"uv": [63, 45], "uv_size": [30, 1]},
								"down": {"uv": [93, 46], "uv_size": [30, -1]}
							}
						},
						{
							"origin": [-7, 17, 22],
							"size": [14, 1, 1],
							"pivot": [0, 0, 0],
							"rotation": [0, 90, 0],
							"uv": {
								"north": {"uv": [1, 30], "uv_size": [14, 1]},
								"east": {"uv": [0, 30], "uv_size": [1, 1]},
								"south": {"uv": [16, 30], "uv_size": [14, 1]},
								"west": {"uv": [15, 30], "uv_size": [1, 1]},
								"up": {"uv": [1, 29], "uv_size": [14, 1]},
								"down": {"uv": [15, 30], "uv_size": [14, -1]}
							}
						},
						{
							"origin": [-8, 34, 22],
							"size": [30, 1, 1],
							"pivot": [0, 0, 0],
							"rotation": [0, 90, 0],
							"uv": {
								"north": {"uv": [63, 44], "uv_size": [30, 1]},
								"east": {"uv": [62, 44], "uv_size": [1, 1]},
								"south": {"uv": [94, 44], "uv_size": [30, 1]},
								"west": {"uv": [93, 44], "uv_size": [1, 1]},
								"up": {"uv": [63, 43], "uv_size": [30, 1]},
								"down": {"uv": [93, 44], "uv_size": [30, -1]}
							}
						},
						{
							"origin": [22, 5, -23],
							"size": [1, 29, 1],
							"uv": {
								"north": {"uv": [41, 63], "uv_size": [1, 29]},
								"east": {"uv": [40, 63], "uv_size": [1, 29]},
								"south": {"uv": [43, 63], "uv_size": [1, 29]},
								"west": {"uv": [42, 63], "uv_size": [1, 29]},
								"up": {"uv": [41, 62], "uv_size": [1, 1]},
								"down": {"uv": [42, 63], "uv_size": [1, -1]}
							}
						},
						{
							"origin": [22, 5, -8],
							"size": [1, 29, 1],
							"uv": {
								"north": {"uv": [29, 63], "uv_size": [1, 29]},
								"east": {"uv": [28, 63], "uv_size": [1, 29]},
								"south": {"uv": [31, 63], "uv_size": [1, 29]},
								"west": {"uv": [30, 63], "uv_size": [1, 29]},
								"up": {"uv": [29, 62], "uv_size": [1, 1]},
								"down": {"uv": [30, 63], "uv_size": [1, -1]}
							}
						},
						{
							"origin": [22, 5, 7],
							"size": [1, 29, 1],
							"uv": {
								"north": {"uv": [33, 63], "uv_size": [1, 29]},
								"east": {"uv": [32, 63], "uv_size": [1, 29]},
								"south": {"uv": [35, 63], "uv_size": [1, 29]},
								"west": {"uv": [34, 63], "uv_size": [1, 29]},
								"up": {"uv": [33, 62], "uv_size": [1, 1]},
								"down": {"uv": [34, 63], "uv_size": [1, -1]}
							}
						},
						{
							"origin": [-8, 5, -23],
							"size": [1, 29, 1],
							"uv": {
								"north": {"uv": [37, 63], "uv_size": [1, 29]},
								"east": {"uv": [36, 63], "uv_size": [1, 29]},
								"south": {"uv": [39, 63], "uv_size": [1, 29]},
								"west": {"uv": [38, 63], "uv_size": [1, 29]},
								"up": {"uv": [37, 62], "uv_size": [1, 1]},
								"down": {"uv": [38, 63], "uv_size": [1, -1]}
							}
						},
						{
							"origin": [5, 34.47363, 7.93715],
							"size": [3, 1, 3],
							"pivot": [0, 0, 0],
							"rotation": [12.5, 0, 0],
							"uv": {
								"north": {"uv": [65, 57], "uv_size": [3, 1]},
								"east": {"uv": [62, 57], "uv_size": [3, 1]},
								"south": {"uv": [71, 57], "uv_size": [3, 1]},
								"west": {"uv": [68, 57], "uv_size": [3, 1]},
								"up": {"uv": [65, 54], "uv_size": [3, 3]},
								"down": {"uv": [68, 57], "uv_size": [3, -3]}
							}
						},
						{
							"origin": [5, 36, 3],
							"size": [3, 1, 5],
							"uv": {
								"north": {"uv": [49, 67], "uv_size": [3, 1]},
								"east": {"uv": [44, 67], "uv_size": [5, 1]},
								"south": {"uv": [57, 67], "uv_size": [3, 1]},
								"west": {"uv": [52, 67], "uv_size": [5, 1]},
								"up": {"uv": [49, 62], "uv_size": [3, 5]},
								"down": {"uv": [52, 67], "uv_size": [3, -5]}
							}
						},
						{
							"origin": [3, 16, 7],
							"size": [1, 1, 1],
							"uv": {
								"north": {"uv": [22, 63], "uv_size": [1, 1]},
								"east": {"uv": [21, 63], "uv_size": [1, 1]},
								"south": {"uv": [24, 63], "uv_size": [1, 1]},
								"west": {"uv": [23, 63], "uv_size": [1, 1]},
								"up": {"uv": [22, 62], "uv_size": [1, 1]},
								"down": {"uv": [23, 63], "uv_size": [1, -1]}
							}
						},
						{
							"origin": [3, -7, 14],
							"size": [1, 1, 3],
							"pivot": [0, 0, 0],
							"rotation": [90, 0, 0],
							"uv": {
								"north": {"uv": [68, 68], "uv_size": [1, 1]},
								"east": {"uv": [65, 68], "uv_size": [3, 1]},
								"south": {"uv": [72, 68], "uv_size": [1, 1]},
								"west": {"uv": [69, 68], "uv_size": [3, 1]},
								"up": {"uv": [68, 65], "uv_size": [1, 3]},
								"down": {"uv": [69, 68], "uv_size": [1, -3]}
							}
						},
						{
							"origin": [9, -7, 14],
							"size": [1, 1, 3],
							"pivot": [0, 0, 0],
							"rotation": [90, 0, 0],
							"uv": {
								"north": {"uv": [60, 68], "uv_size": [1, 1]},
								"east": {"uv": [57, 68], "uv_size": [3, 1]},
								"south": {"uv": [64, 68], "uv_size": [1, 1]},
								"west": {"uv": [61, 68], "uv_size": [3, 1]},
								"up": {"uv": [60, 65], "uv_size": [1, 3]},
								"down": {"uv": [61, 68], "uv_size": [1, -3]}
							}
						},
						{
							"origin": [9, 16, 7],
							"size": [1, 1, 1],
							"uv": {
								"north": {"uv": [1, 63], "uv_size": [1, 1]},
								"east": {"uv": [0, 63], "uv_size": [1, 1]},
								"south": {"uv": [3, 63], "uv_size": [1, 1]},
								"west": {"uv": [2, 63], "uv_size": [1, 1]},
								"up": {"uv": [1, 62], "uv_size": [1, 1]},
								"down": {"uv": [2, 63], "uv_size": [1, -1]}
							}
						},
						{
							"origin": [2, 13, 7.975],
							"size": [9, 5, 0],
							"uv": {
								"north": {"uv": [62, 49], "uv_size": [9, 5]},
								"east": {"uv": [62, 49], "uv_size": [0, 5]},
								"south": {"uv": [71, 49], "uv_size": [9, 5]},
								"west": {"uv": [71, 49], "uv_size": [0, 5]},
								"up": {"uv": [62, 49], "uv_size": [9, 0]},
								"down": {"uv": [71, 49], "uv_size": [9, 0]}
							}
						},
						{
							"origin": [3, 34.96162, -8.58553],
							"size": [7, 1, 7],
							"pivot": [0, 0, 0],
							"rotation": [-7.5, 0, 0],
							"uv": {
								"north": {"uv": [7, 69], "uv_size": [7, 1]},
								"east": {"uv": [0, 69], "uv_size": [7, 1]},
								"south": {"uv": [21, 69], "uv_size": [7, 1]},
								"west": {"uv": [14, 69], "uv_size": [7, 1]},
								"up": {"uv": [7, 62], "uv_size": [7, 7]},
								"down": {"uv": [14, 69], "uv_size": [7, -7]}
							}
						}
					]
				}
			]
		}
	]
}