{
	"format_version": "1.12.0",
	"minecraft:geometry": [
		{
			"description": {
				"identifier": "geometry.small_lamp_2",
				"texture_width": 32,
				"texture_height": 32,
				"visible_bounds_width": 2,
				"visible_bounds_height": 2.5,
				"visible_bounds_offset": [0, 0.75, 0]
			},
			"bones": [
				{
					"name": "root",
					"pivot": [0, 0, 0]
				},
				{
					"name": "bone2",
					"parent": "root",
					"pivot": [0, -2.75, 1.5],
					"cubes": [
						{
							"origin": [-1.75, 7.02494, 2.85873],
							"size": [3.5, 3.25, 3],
							"pivot": [0, 0, 0],
							"rotation": [40, 0, 0],
							"uv": {
								"north": {"uv": [3, 10], "uv_size": [3, 3]},
								"east": {"uv": [0, 10], "uv_size": [3, 3]},
								"south": {"uv": [9, 10], "uv_size": [3, 3]},
								"west": {"uv": [6, 10], "uv_size": [3, 3]},
								"up": {"uv": [3, 7], "uv_size": [3, 3]},
								"down": {"uv": [6, 10], "uv_size": [3, -3]}
							}
						},
						{
							"origin": [-0.75, 7.9875, 5.45907],
							"size": [1.5, 1.25, 2],
							"pivot": [0, 0, 0],
							"rotation": [40, 0, 0],
							"uv": {
								"north": {"uv": [2, 15], "uv_size": [1, 1]},
								"east": {"uv": [0, 15], "uv_size": [2, 1]},
								"south": {"uv": [5, 15], "uv_size": [1, 1]},
								"west": {"uv": [3, 15], "uv_size": [2, 1]},
								"up": {"uv": [2, 13], "uv_size": [1, 2]},
								"down": {"uv": [3, 15], "uv_size": [1, -2]}
							}
						}
					]
				},
				{
					"name": "bone",
					"parent": "root",
					"pivot": [0, 0, 0],
					"cubes": [
						{
							"origin": [-3, 0, -3],
							"size": [6, 1, 6],
							"uv": {
								"north": {"uv": [6, 6], "uv_size": [6, 1]},
								"east": {"uv": [0, 6], "uv_size": [6, 1]},
								"south": {"uv": [18, 6], "uv_size": [6, 1]},
								"west": {"uv": [12, 6], "uv_size": [6, 1]},
								"up": {"uv": [6, 0], "uv_size": [6, 6]},
								"down": {"uv": [12, 6], "uv_size": [6, -6]}
							}
						},
						{
							"origin": [-1, 1, -1],
							"size": [2, 1, 2],
							"uv": {
								"north": {"uv": [11, 9], "uv_size": [2, 1]},
								"east": {"uv": [9, 9], "uv_size": [2, 1]},
								"south": {"uv": [15, 9], "uv_size": [2, 1]},
								"west": {"uv": [13, 9], "uv_size": [2, 1]},
								"up": {"uv": [11, 7], "uv_size": [2, 2]},
								"down": {"uv": [13, 9], "uv_size": [2, -2]}
							}
						},
						{
							"origin": [1.5, 0.25, -2.5],
							"size": [1, 1, 1],
							"uv": {
								"north": {"uv": [5, 14], "uv_size": [1, 1]},
								"east": {"uv": [4, 14], "uv_size": [1, 1]},
								"south": {"uv": [7, 14], "uv_size": [1, 1]},
								"west": {"uv": [6, 14], "uv_size": [1, 1]},
								"up": {"uv": [5, 13], "uv_size": [1, 1]},
								"down": {"uv": [6, 14], "uv_size": [1, -1]}
							}
						},
						{
							"origin": [-0.5, 0.42526, -1.34876],
							"size": [1, 6, 1],
							"pivot": [0, 0, 0],
							"rotation": [-27.5, 0, 0],
							"uv": {
								"north": {"uv": [12, 13], "uv_size": [1, 6]},
								"east": {"uv": [11, 13], "uv_size": [1, 6]},
								"south": {"uv": [14, 13], "uv_size": [1, 6]},
								"west": {"uv": [13, 13], "uv_size": [1, 6]},
								"up": {"uv": [12, 12], "uv_size": [1, 1]},
								"down": {"uv": [13, 13], "uv_size": [1, -1]}
							}
						},
						{
							"origin": [-0.5, 4.28451, 5.11818],
							"size": [1, 5, 1],
							"pivot": [0, 0, 0],
							"rotation": [32.5, 0, 0],
							"uv": {
								"north": {"uv": [1, 1], "uv_size": [1, 5]},
								"east": {"uv": [0, 1], "uv_size": [1, 5]},
								"south": {"uv": [3, 1], "uv_size": [1, 5]},
								"west": {"uv": [2, 1], "uv_size": [1, 5]},
								"up": {"uv": [1, 0], "uv_size": [1, 1]},
								"down": {"uv": [2, 1], "uv_size": [1, -1]}
							}
						},
						{
							"origin": [-0.75, 5.43741, 2.26889],
							"size": [1.5, 1.25, 1.25],
							"pivot": [0, 0, 0],
							"rotation": [5, 0, 0],
							"uv": {
								"north": {"uv": [13, 11], "uv_size": [1, 1]},
								"east": {"uv": [12, 11], "uv_size": [1, 1]},
								"south": {"uv": [15, 11], "uv_size": [1, 1]},
								"west": {"uv": [14, 11], "uv_size": [1, 1]},
								"up": {"uv": [13, 10], "uv_size": [1, 1]},
								"down": {"uv": [14, 11], "uv_size": [1, -1]}
							}
						}
					]
				}
			]
		}
	]
}