{
	"format_version": "1.12.0",
	"minecraft:geometry": [
		{
			"description": {
				"identifier": "geometry.small_lamp_0",
				"texture_width": 64,
				"texture_height": 64,
				"visible_bounds_width": 3,
				"visible_bounds_height": 2.5,
				"visible_bounds_offset": [0, 0.75, 0]
			},
			"bones": [
				{
					"name": "main",
					"pivot": [0, 0, 0]
				},
				{
					"name": "top",
					"parent": "main",
					"pivot": [-0.1, 8.5, 0.075],
					"rotation": [0, 0, -90],
					"cubes": [
						{
							"origin": [-0.6, 2.74973, -13.95737],
							"size": [8, 6.62742, 1],
							"pivot": [0, 0, 0],
							"rotation": [-45, 0, 0],
							"uv": {
								"north": {"uv": [40, 40], "uv_size": [8, 6]},
								"east": {"uv": [39, 40], "uv_size": [1, 6]},
								"south": {"uv": [49, 40], "uv_size": [8, 6]},
								"west": {"uv": [48, 40], "uv_size": [1, 6]},
								"up": {"uv": [40, 39], "uv_size": [8, 1]},
								"down": {"uv": [48, 40], "uv_size": [8, -1]}
							}
						},
						{
							"origin": [-0.6, 5.18629, -7.925],
							"size": [8, 6.62742, 1],
							"uv": {
								"north": {"uv": [39, 15], "uv_size": [8, 6]},
								"east": {"uv": [38, 15], "uv_size": [1, 6]},
								"south": {"uv": [48, 15], "uv_size": [8, 6]},
								"west": {"uv": [47, 15], "uv_size": [1, 6]},
								"up": {"uv": [39, 14], "uv_size": [8, 1]},
								"down": {"uv": [47, 15], "uv_size": [8, -1]}
							}
						},
						{
							"origin": [-0.6, 2.74973, 1.04263],
							"size": [8, 6.62742, 1],
							"pivot": [0, 0, 0],
							"rotation": [-45, 0, 0],
							"uv": {
								"north": {"uv": [33, 30], "uv_size": [8, 6]},
								"east": {"uv": [32, 30], "uv_size": [1, 6]},
								"south": {"uv": [42, 30], "uv_size": [8, 6]},
								"west": {"uv": [41, 30], "uv_size": [1, 6]},
								"up": {"uv": [33, 29], "uv_size": [8, 1]},
								"down": {"uv": [41, 30], "uv_size": [8, -1]}
							}
						},
						{
							"origin": [-0.6, 5.18629, 7.075],
							"size": [8, 6.62742, 1],
							"uv": {
								"north": {"uv": [11, 31], "uv_size": [8, 6]},
								"east": {"uv": [10, 31], "uv_size": [1, 6]},
								"south": {"uv": [20, 31], "uv_size": [8, 6]},
								"west": {"uv": [19, 31], "uv_size": [1, 6]},
								"up": {"uv": [11, 30], "uv_size": [8, 1]},
								"down": {"uv": [19, 31], "uv_size": [8, -1]}
							}
						},
						{
							"origin": [-0.6, -1.93656, -9.27108],
							"size": [8, 1, 6.62742],
							"pivot": [0, 0, 0],
							"rotation": [-45, 0, 0],
							"uv": {
								"north": {"uv": [22, 28], "uv_size": [8, 1]},
								"east": {"uv": [16, 28], "uv_size": [6, 1]},
								"south": {"uv": [36, 28], "uv_size": [8, 1]},
								"west": {"uv": [30, 28], "uv_size": [6, 1]},
								"up": {"uv": [22, 22], "uv_size": [8, 6]},
								"down": {"uv": [30, 28], "uv_size": [8, -6]}
							}
						},
						{
							"origin": [-0.6, 0.5, -3.23871],
							"size": [8, 1, 6.62742],
							"uv": {
								"north": {"uv": [22, 21], "uv_size": [8, 1]},
								"east": {"uv": [16, 21], "uv_size": [6, 1]},
								"south": {"uv": [36, 21], "uv_size": [8, 1]},
								"west": {"uv": [30, 21], "uv_size": [6, 1]},
								"up": {"uv": [22, 15], "uv_size": [8, 6]},
								"down": {"uv": [30, 21], "uv_size": [8, -6]}
							}
						},
						{
							"origin": [-0.6, 13.06344, -9.27108],
							"size": [8, 1, 6.62742],
							"pivot": [0, 0, 0],
							"rotation": [-45, 0, 0],
							"uv": {
								"north": {"uv": [22, 13], "uv_size": [8, 1]},
								"east": {"uv": [16, 13], "uv_size": [6, 1]},
								"south": {"uv": [36, 13], "uv_size": [8, 1]},
								"west": {"uv": [30, 13], "uv_size": [6, 1]},
								"up": {"uv": [22, 7], "uv_size": [8, 6]},
								"down": {"uv": [30, 13], "uv_size": [8, -6]}
							}
						},
						{
							"origin": [-0.6, 15.5, -3.23871],
							"size": [8, 1, 6.62742],
							"uv": {
								"north": {"uv": [22, 6], "uv_size": [8, 1]},
								"east": {"uv": [16, 6], "uv_size": [6, 1]},
								"south": {"uv": [36, 6], "uv_size": [8, 1]},
								"west": {"uv": [30, 6], "uv_size": [6, 1]},
								"up": {"uv": [22, 0], "uv_size": [8, 6]},
								"down": {"uv": [30, 6], "uv_size": [8, -6]}
							}
						},
						{
							"origin": [4.325, 6.925, -1.5],
							"size": [3, 3, 3],
							"uv": {
								"north": {"uv": [41, 3], "uv_size": [3, 3]},
								"east": {"uv": [38, 3], "uv_size": [3, 3]},
								"south": {"uv": [47, 3], "uv_size": [3, 3]},
								"west": {"uv": [44, 3], "uv_size": [3, 3]},
								"up": {"uv": [41, 0], "uv_size": [3, 3]},
								"down": {"uv": [44, 3], "uv_size": [3, -3]}
							}
						}
					]
				},
				{
					"name": "bone",
					"parent": "top",
					"pivot": [-0.1, 8.5, 0.075],
					"cubes": [
						{
							"origin": [2.9, 7.875, -6.925],
							"size": [1, 1, 14],
							"uv": {
								"north": {"uv": [14, 29], "uv_size": [1, 1]},
								"east": {"uv": [0, 29], "uv_size": [14, 1]},
								"south": {"uv": [29, 29], "uv_size": [1, 1]},
								"west": {"uv": [15, 29], "uv_size": [14, 1]},
								"up": {"uv": [14, 15], "uv_size": [1, 14]},
								"down": {"uv": [15, 29], "uv_size": [1, -14]}
							}
						},
						{
							"origin": [2.9, -0.55, -15.5],
							"size": [1, 1, 14],
							"pivot": [0, 0, 0],
							"rotation": [-90, 0, 0],
							"uv": {
								"north": {"uv": [14, 14], "uv_size": [1, 1]},
								"east": {"uv": [0, 14], "uv_size": [14, 1]},
								"south": {"uv": [29, 14], "uv_size": [1, 1]},
								"west": {"uv": [15, 14], "uv_size": [14, 1]},
								"up": {"uv": [14, 0], "uv_size": [1, 14]},
								"down": {"uv": [15, 14], "uv_size": [1, -14]}
							}
						}
					]
				},
				{
					"name": "bottom",
					"parent": "main",
					"pivot": [0, 0.625, 0],
					"rotation": [0, 0, 90],
					"cubes": [
						{
							"origin": [0.1, 0.3, -0.5],
							"size": [1, 12, 1],
							"pivot": [0, 0, 0],
							"rotation": [0, 0, -90],
							"uv": {
								"north": {"uv": [9, 1], "uv_size": [1, 12]},
								"east": {"uv": [8, 1], "uv_size": [1, 12]},
								"south": {"uv": [11, 1], "uv_size": [1, 12]},
								"west": {"uv": [10, 1], "uv_size": [1, 12]},
								"up": {"uv": [9, 0], "uv_size": [1, 1]},
								"down": {"uv": [10, 1], "uv_size": [1, -1]}
							}
						}
					]
				},
				{
					"name": "bone2",
					"parent": "bottom",
					"pivot": [0, 0.625, 0],
					"cubes": [
						{
							"origin": [-0.5, -1.21491, -4.44194],
							"size": [1, 3.31371, 8],
							"pivot": [0, 0, 0],
							"rotation": [-45, 0, 0],
							"uv": {
								"north": {"uv": [8, 38], "uv_size": [1, 3]},
								"east": {"uv": [0, 38], "uv_size": [8, 3]},
								"south": {"uv": [17, 38], "uv_size": [1, 3]},
								"west": {"uv": [9, 38], "uv_size": [8, 3]},
								"up": {"uv": [8, 30], "uv_size": [1, 8]},
								"down": {"uv": [9, 38], "uv_size": [1, -8]}
							}
						},
						{
							"origin": [-0.5, -1.03185, -4],
							"size": [1, 3.31371, 8],
							"uv": {
								"north": {"uv": [30, 37], "uv_size": [1, 3]},
								"east": {"uv": [22, 37], "uv_size": [8, 3]},
								"south": {"uv": [39, 37], "uv_size": [1, 3]},
								"west": {"uv": [31, 37], "uv_size": [8, 3]},
								"up": {"uv": [30, 29], "uv_size": [1, 8]},
								"down": {"uv": [31, 37], "uv_size": [1, -8]}
							}
						},
						{
							"origin": [-0.5, -3.55806, -2.09879],
							"size": [1, 8, 3.31371],
							"pivot": [0, 0, 0],
							"rotation": [-45, 0, 0],
							"uv": {
								"north": {"uv": [3, 18], "uv_size": [1, 8]},
								"east": {"uv": [0, 18], "uv_size": [3, 8]},
								"south": {"uv": [7, 18], "uv_size": [1, 8]},
								"west": {"uv": [4, 18], "uv_size": [3, 8]},
								"up": {"uv": [3, 15], "uv_size": [1, 3]},
								"down": {"uv": [4, 18], "uv_size": [1, -3]}
							}
						},
						{
							"origin": [-0.5, -3.375, -1.65685],
							"size": [1, 8, 3.31371],
							"uv": {
								"north": {"uv": [3, 3], "uv_size": [1, 8]},
								"east": {"uv": [0, 3], "uv_size": [3, 8]},
								"south": {"uv": [7, 3], "uv_size": [1, 8]},
								"west": {"uv": [4, 3], "uv_size": [3, 8]},
								"up": {"uv": [3, 0], "uv_size": [1, 3]},
								"down": {"uv": [4, 3], "uv_size": [1, -3]}
							}
						}
					]
				}
			]
		}
	]
}