{
	"format_version": "1.12.0",
	"minecraft:geometry": [
		{
			"description": {
				"identifier": "geometry.small_lamp_1",
				"texture_width": 64,
				"texture_height": 64,
				"visible_bounds_width": 2,
				"visible_bounds_height": 2.5,
				"visible_bounds_offset": [0, 0.75, 0]
			},
			"bones": [
				{
					"name": "main",
					"pivot": [0, 0, 0]
				},
				{
					"name": "top",
					"parent": "main",
					"pivot": [0, 6, 0]
				},
				{
					"name": "shade",
					"parent": "top",
					"pivot": [0, 6, 0],
					"cubes": [
						{
							"origin": [3, 5, -3],
							"size": [1, 11, 6],
							"uv": {
								"north": {"uv": [20, 15], "uv_size": [1, 11]},
								"east": {"uv": [14, 15], "uv_size": [6, 11]},
								"south": {"uv": [27, 15], "uv_size": [1, 11]},
								"west": {"uv": [21, 15], "uv_size": [6, 11]},
								"up": {"uv": [20, 9], "uv_size": [1, 6]},
								"down": {"uv": [21, 15], "uv_size": [1, -6]}
							}
						},
						{
							"origin": [-4, 5, -3],
							"size": [1, 11, 6],
							"uv": {
								"north": {"uv": [6, 15], "uv_size": [1, 11]},
								"east": {"uv": [0, 15], "uv_size": [6, 11]},
								"south": {"uv": [13, 15], "uv_size": [1, 11]},
								"west": {"uv": [7, 15], "uv_size": [6, 11]},
								"up": {"uv": [6, 9], "uv_size": [1, 6]},
								"down": {"uv": [7, 15], "uv_size": [1, -6]}
							}
						},
						{
							"origin": [-4, 5, -4],
							"size": [8, 11, 1],
							"uv": {
								"north": {"uv": [1, 27], "uv_size": [8, 11]},
								"east": {"uv": [0, 27], "uv_size": [1, 11]},
								"south": {"uv": [10, 27], "uv_size": [8, 11]},
								"west": {"uv": [9, 27], "uv_size": [1, 11]},
								"up": {"uv": [1, 26], "uv_size": [8, 1]},
								"down": {"uv": [9, 27], "uv_size": [8, -1]}
							}
						},
						{
							"origin": [-4, 5, 3],
							"size": [8, 11, 1],
							"uv": {
								"north": {"uv": [19, 27], "uv_size": [8, 11]},
								"east": {"uv": [18, 27], "uv_size": [1, 11]},
								"south": {"uv": [28, 27], "uv_size": [8, 11]},
								"west": {"uv": [27, 27], "uv_size": [1, 11]},
								"up": {"uv": [19, 26], "uv_size": [8, 1]},
								"down": {"uv": [27, 27], "uv_size": [8, -1]}
							}
						}
					]
				},
				{
					"name": "light",
					"parent": "top",
					"pivot": [0, 6, 0],
					"cubes": [
						{
							"origin": [-1.5, 10, -1.5],
							"size": [3, 4, 3],
							"uv": {
								"north": {"uv": [27, 3], "uv_size": [3, 4]},
								"east": {"uv": [24, 3], "uv_size": [3, 4]},
								"south": {"uv": [33, 3], "uv_size": [3, 4]},
								"west": {"uv": [30, 3], "uv_size": [3, 4]},
								"up": {"uv": [27, 0], "uv_size": [3, 3]},
								"down": {"uv": [30, 3], "uv_size": [3, -3]}
							}
						},
						{
							"origin": [-3.5, 8, -0.5],
							"size": [7, 1, 1],
							"pivot": [0, 0, 0],
							"rotation": [-180, -90, 180],
							"uv": {
								"north": {"uv": [23, 12], "uv_size": [7, 1]},
								"east": {"uv": [22, 12], "uv_size": [1, 1]},
								"south": {"uv": [31, 12], "uv_size": [7, 1]},
								"west": {"uv": [30, 12], "uv_size": [1, 1]},
								"up": {"uv": [23, 11], "uv_size": [7, 1]},
								"down": {"uv": [30, 12], "uv_size": [7, -1]}
							}
						},
						{
							"origin": [-3.5, 8, -0.5],
							"size": [7, 1, 1],
							"uv": {
								"north": {"uv": [23, 10], "uv_size": [7, 1]},
								"east": {"uv": [22, 10], "uv_size": [1, 1]},
								"south": {"uv": [31, 10], "uv_size": [7, 1]},
								"west": {"uv": [30, 10], "uv_size": [1, 1]},
								"up": {"uv": [23, 9], "uv_size": [7, 1]},
								"down": {"uv": [30, 10], "uv_size": [7, -1]}
							}
						}
					]
				},
				{
					"name": "bottom",
					"parent": "main",
					"pivot": [0, 0, 0],
					"cubes": [
						{
							"origin": [-4, 0, -4],
							"size": [8, 1, 8],
							"uv": {
								"north": {"uv": [8, 8], "uv_size": [8, 1]},
								"east": {"uv": [0, 8], "uv_size": [8, 1]},
								"south": {"uv": [24, 8], "uv_size": [8, 1]},
								"west": {"uv": [16, 8], "uv_size": [8, 1]},
								"up": {"uv": [8, 0], "uv_size": [8, 8]},
								"down": {"uv": [16, 8], "uv_size": [8, -8]}
							}
						},
						{
							"origin": [-0.5, 1, -0.5],
							"size": [1, 9, 1],
							"uv": {
								"north": {"uv": [29, 14], "uv_size": [1, 9]},
								"east": {"uv": [28, 14], "uv_size": [1, 9]},
								"south": {"uv": [31, 14], "uv_size": [1, 9]},
								"west": {"uv": [30, 14], "uv_size": [1, 9]},
								"up": {"uv": [29, 13], "uv_size": [1, 1]},
								"down": {"uv": [30, 14], "uv_size": [1, -1]}
							}
						}
					]
				}
			]
		}
	]
}