{
	"format_version": "1.12.0",
	"minecraft:geometry": [
		{
			"description": {
				"identifier": "geometry.small_table_0",
				"texture_width": 64,
				"texture_height": 64,
				"visible_bounds_width": 2,
				"visible_bounds_height": 2.5,
				"visible_bounds_offset": [0, 0.75, 0]
			},
			"bones": [
				{
					"name": "bone",
					"pivot": [0, 0, 0],
					"cubes": [
						{
							"origin": [-8, 14, -8],
							"size": [16, 2, 16],
							"uv": {
								"north": {"uv": [16, 16], "uv_size": [16, 2]},
								"east": {"uv": [0, 16], "uv_size": [16, 2]},
								"south": {"uv": [48, 16], "uv_size": [16, 2]},
								"west": {"uv": [32, 16], "uv_size": [16, 2]},
								"up": {"uv": [16, 0], "uv_size": [16, 16]},
								"down": {"uv": [32, 16], "uv_size": [16, -16]}
							}
						},
						{
							"origin": [-3, 13, -3],
							"size": [6, 1, 6],
							"uv": {
								"north": {"uv": [22, 24], "uv_size": [6, 1]},
								"east": {"uv": [16, 24], "uv_size": [6, 1]},
								"south": {"uv": [34, 24], "uv_size": [6, 1]},
								"west": {"uv": [28, 24], "uv_size": [6, 1]},
								"up": {"uv": [22, 18], "uv_size": [6, 6]},
								"down": {"uv": [28, 24], "uv_size": [6, -6]}
							}
						},
						{
							"origin": [-2, 0, -2],
							"size": [4, 13, 4],
							"uv": {
								"north": {"uv": [4, 22], "uv_size": [4, 13]},
								"east": {"uv": [0, 22], "uv_size": [4, 13]},
								"south": {"uv": [12, 22], "uv_size": [4, 13]},
								"west": {"uv": [8, 22], "uv_size": [4, 13]},
								"up": {"uv": [4, 18], "uv_size": [4, 4]},
								"down": {"uv": [8, 22], "uv_size": [4, -4]}
							}
						},
						{
							"origin": [-2, 0, -5],
							"size": [4, 1, 3],
							"uv": {
								"north": {"uv": [30, 36], "uv_size": [4, 1]},
								"east": {"uv": [27, 36], "uv_size": [3, 1]},
								"south": {"uv": [37, 36], "uv_size": [4, 1]},
								"west": {"uv": [34, 36], "uv_size": [3, 1]},
								"up": {"uv": [30, 33], "uv_size": [4, 3]},
								"down": {"uv": [34, 36], "uv_size": [4, -3]}
							}
						},
						{
							"origin": [1.03737, 1.62373, -2],
							"size": [3.25, 1, 4],
							"pivot": [0, 0, 0],
							"rotation": [0, 0, 20],
							"uv": {
								"north": {"uv": [20, 29], "uv_size": [3, 1]},
								"east": {"uv": [16, 29], "uv_size": [4, 1]},
								"south": {"uv": [27, 29], "uv_size": [3, 1]},
								"west": {"uv": [23, 29], "uv_size": [4, 1]},
								"up": {"uv": [20, 25], "uv_size": [3, 4]},
								"down": {"uv": [23, 29], "uv_size": [3, -4]}
							}
						},
						{
							"origin": [-4.28737, 1.62373, -2],
							"size": [3.25, 1, 4],
							"pivot": [0, 0, 0],
							"rotation": [0, 0, -20],
							"uv": {
								"north": {"uv": [4, 9], "uv_size": [3, 1]},
								"east": {"uv": [0, 9], "uv_size": [4, 1]},
								"south": {"uv": [11, 9], "uv_size": [3, 1]},
								"west": {"uv": [7, 9], "uv_size": [4, 1]},
								"up": {"uv": [4, 5], "uv_size": [3, 4]},
								"down": {"uv": [7, 9], "uv_size": [3, -4]}
							}
						},
						{
							"origin": [2, 0, -2],
							"size": [3, 1, 4],
							"uv": {
								"north": {"uv": [4, 14], "uv_size": [3, 1]},
								"east": {"uv": [0, 14], "uv_size": [4, 1]},
								"south": {"uv": [11, 14], "uv_size": [3, 1]},
								"west": {"uv": [7, 14], "uv_size": [4, 1]},
								"up": {"uv": [4, 10], "uv_size": [3, 4]},
								"down": {"uv": [7, 14], "uv_size": [3, -4]}
							}
						},
						{
							"origin": [-5, 0, -2],
							"size": [3, 1, 4],
							"uv": {
								"north": {"uv": [4, 4], "uv_size": [3, 1]},
								"east": {"uv": [0, 4], "uv_size": [4, 1]},
								"south": {"uv": [11, 4], "uv_size": [3, 1]},
								"west": {"uv": [7, 4], "uv_size": [4, 1]},
								"up": {"uv": [4, 0], "uv_size": [3, 4]},
								"down": {"uv": [7, 4], "uv_size": [3, -4]}
							}
						},
						{
							"origin": [-2, 0, 2],
							"size": [4, 1, 3],
							"uv": {
								"north": {"uv": [29, 28], "uv_size": [4, 1]},
								"east": {"uv": [26, 28], "uv_size": [3, 1]},
								"south": {"uv": [36, 28], "uv_size": [4, 1]},
								"west": {"uv": [33, 28], "uv_size": [3, 1]},
								"up": {"uv": [29, 25], "uv_size": [4, 3]},
								"down": {"uv": [33, 28], "uv_size": [4, -3]}
							}
						},
						{
							"origin": [-2, 1.62373, -4.28737],
							"size": [4, 1, 3.25],
							"pivot": [0, 0, 0],
							"rotation": [20, 0, 0],
							"uv": {
								"north": {"uv": [19, 33], "uv_size": [4, 1]},
								"east": {"uv": [16, 33], "uv_size": [3, 1]},
								"south": {"uv": [26, 33], "uv_size": [4, 1]},
								"west": {"uv": [23, 33], "uv_size": [3, 1]},
								"up": {"uv": [19, 30], "uv_size": [4, 3]},
								"down": {"uv": [23, 33], "uv_size": [4, -3]}
							}
						},
						{
							"origin": [-2, 1.62373, 1.03737],
							"size": [4, 1, 3.25],
							"pivot": [0, 0, 0],
							"rotation": [-20, 0, 0],
							"uv": {
								"north": {"uv": [30, 32], "uv_size": [4, 1]},
								"east": {"uv": [27, 32], "uv_size": [3, 1]},
								"south": {"uv": [37, 32], "uv_size": [4, 1]},
								"west": {"uv": [34, 32], "uv_size": [3, 1]},
								"up": {"uv": [30, 29], "uv_size": [4, 3]},
								"down": {"uv": [34, 32], "uv_size": [4, -3]}
							}
						}
					]
				}
			]
		}
	]
}