{
	"format_version": "1.12.0",
	"minecraft:geometry": [
		{
			"description": {
				"identifier": "geometry.sound_box",
				"texture_width": 64,
				"texture_height": 64,
				"visible_bounds_width": 2,
				"visible_bounds_height": 1.5,
				"visible_bounds_offset": [0, 0.25, 0]
			},
			"bones": [
				{
					"name": "bb_main",
					"pivot": [0, 0, 0],
					"cubes": [
						{
							"origin": [-6, 0.1, -1],
							"size": [12, 5, 3],
							"uv": {
								"north": {"uv": [0, 0], "uv_size": [12, 5]},
								"east": {"uv": [24, 0], "uv_size": [3, 5]},
								"south": {"uv": [0, 5], "uv_size": [12, 5]},
								"west": {"uv": [24, 5], "uv_size": [3, 5]},
								"up": {"uv": [0, 10], "uv_size": [12, 3]},
								"down": {"uv": [12, 3], "uv_size": [12, -3]}
							}
						},
						{
							"origin": [-6.2, 0.58, -0.7],
							"size": [0.16, 4, 2.4],
							"uv": {
								"north": {"uv": [12, 29], "uv_size": [0.5, 4]},
								"east": {"uv": [24, 23], "uv_size": [2.5, 4]},
								"south": {"uv": [13, 29], "uv_size": [0.5, 4]},
								"west": {"uv": [12, 25], "uv_size": [2.5, 4]},
								"up": {"uv": [31, 23], "uv_size": [0.5, 2.5]},
								"down": {"uv": [24, 33.5], "uv_size": [0.5, -2.5]}
							}
						},
						{
							"origin": [6.04, 0.58, -0.7],
							"size": [0.16, 4, 2.4],
							"uv": {
								"north": {"uv": [14, 29], "uv_size": [0.5, 4]},
								"east": {"uv": [15, 25], "uv_size": [2.5, 4]},
								"south": {"uv": [15, 29], "uv_size": [0.5, 4]},
								"west": {"uv": [18, 25], "uv_size": [2.5, 4]},
								"up": {"uv": [32, 0], "uv_size": [0.5, 2.5]},
								"down": {"uv": [1, 34.5], "uv_size": [0.5, -2.5]}
							}
						},
						{
							"origin": [-6.2, 5.1, -1.1],
							"size": [1.2, 1.1, 3.2],
							"uv": {
								"north": {"uv": [31, 26], "uv_size": [1, 1]},
								"east": {"uv": [27, 9], "uv_size": [3, 1]},
								"south": {"uv": [32, 3], "uv_size": [1, 1]},
								"west": {"uv": [23, 27], "uv_size": [3, 1]},
								"up": {"uv": [27, 23], "uv_size": [1, 3]},
								"down": {"uv": [26, 30], "uv_size": [1, -3]}
							}
						},
						{
							"origin": [5, 5.1, -1.1],
							"size": [1.2, 1.1, 3.2],
							"uv": {
								"north": {"uv": [32, 5], "uv_size": [1, 1]},
								"east": {"uv": [28, 0], "uv_size": [3, 1]},
								"south": {"uv": [6, 32], "uv_size": [1, 1]},
								"west": {"uv": [1, 28], "uv_size": [3, 1]},
								"up": {"uv": [28, 1], "uv_size": [1, 3]},
								"down": {"uv": [4, 31], "uv_size": [1, -3]}
							}
						},
						{
							"origin": [-5.1, 6.2, -1.1],
							"size": [10.2, 1.1, 3.2],
							"uv": {
								"north": {"uv": [0, 16], "uv_size": [10, 1]},
								"east": {"uv": [28, 7], "uv_size": [3, 1]},
								"south": {"uv": [0, 17], "uv_size": [10, 1]},
								"west": {"uv": [28, 8], "uv_size": [3, 1]},
								"up": {"uv": [0, 13], "uv_size": [10, 3]},
								"down": {"uv": [10, 18], "uv_size": [10, -3]}
							}
						},
						{
							"origin": [-8.76812, 0, -1.1],
							"size": [0.84142, 1.55563, 3.2],
							"pivot": [0, 0, 0],
							"rotation": [0, 0, 45],
							"uv": {
								"north": {"uv": [18, 31], "uv_size": [1, 1.5]},
								"east": {"uv": [21, 25], "uv_size": [3, 1.5]},
								"south": {"uv": [19, 31], "uv_size": [1, 1.5]},
								"west": {"uv": [0, 26], "uv_size": [3, 1.5]},
								"up": {"uv": [28, 23], "uv_size": [1, 3]},
								"down": {"uv": [24, 31], "uv_size": [1, -3]}
							}
						},
						{
							"origin": [7.9267, 0, -1.1],
							"size": [0.84142, 1.55563, 3.2],
							"pivot": [0, 0, 0],
							"rotation": [0, 0, -45],
							"uv": {
								"north": {"uv": [20, 31], "uv_size": [1, 1.5]},
								"east": {"uv": [3, 26], "uv_size": [3, 1.5]},
								"south": {"uv": [23, 31], "uv_size": [1, 1.5]},
								"west": {"uv": [6, 26], "uv_size": [3, 1.5]},
								"up": {"uv": [25, 28], "uv_size": [1, 3]},
								"down": {"uv": [28, 29], "uv_size": [1, -3]}
							}
						},
						{
							"origin": [-6.2, 0, -1.1],
							"size": [1.2, 0.1, 3.2],
							"uv": {
								"north": {"uv": [33, 24], "uv_size": [1, 0.5]},
								"east": {"uv": [30, 9], "uv_size": [3, 0.5]},
								"south": {"uv": [33, 25], "uv_size": [1, 0.5]},
								"west": {"uv": [30, 27], "uv_size": [3, 0.5]},
								"up": {"uv": [27, 26], "uv_size": [1, 3]},
								"down": {"uv": [0, 31], "uv_size": [1, -3]}
							}
						},
						{
							"origin": [5, 0, -1.1],
							"size": [1.2, 0.1, 3.2],
							"uv": {
								"north": {"uv": [30, 33], "uv_size": [1, 0.5]},
								"east": {"uv": [4, 31], "uv_size": [3, 0.5]},
								"south": {"uv": [33, 30], "uv_size": [1, 0.5]},
								"west": {"uv": [31, 4], "uv_size": [3, 0.5]},
								"up": {"uv": [6, 28], "uv_size": [1, 3]},
								"down": {"uv": [7, 31], "uv_size": [1, -3]}
							}
						},
						{
							"origin": [-6, 1.1, -2],
							"size": [12, 3, 1],
							"uv": {
								"north": {"uv": [12, 3], "uv_size": [12, 3]},
								"east": {"uv": [9, 26], "uv_size": [1, 3]},
								"south": {"uv": [12, 6], "uv_size": [12, 3]},
								"west": {"uv": [10, 26], "uv_size": [1, 3]},
								"up": {"uv": [20, 17], "uv_size": [12, 1]},
								"down": {"uv": [24, 11], "uv_size": [12, -1]}
							}
						},
						{
							"origin": [-6.2, 1.38, -1.5],
							"size": [0.16, 2.4, 0.8],
							"uv": {
								"north": {"uv": [25, 31], "uv_size": [0.5, 2.5]},
								"east": {"uv": [1, 29], "uv_size": [1, 2.5]},
								"south": {"uv": [27, 31], "uv_size": [0.5, 2.5]},
								"west": {"uv": [29, 1], "uv_size": [1, 2.5]},
								"up": {"uv": [34, 5], "uv_size": [0.5, 1]},
								"down": {"uv": [34, 7], "uv_size": [0.5, -1]}
							}
						},
						{
							"origin": [6.04, 1.38, -1.5],
							"size": [0.16, 2.4, 0.8],
							"uv": {
								"north": {"uv": [2, 32], "uv_size": [0.5, 2.5]},
								"east": {"uv": [29, 4], "uv_size": [1, 2.5]},
								"south": {"uv": [3, 32], "uv_size": [0.5, 2.5]},
								"west": {"uv": [9, 29], "uv_size": [1, 2.5]},
								"up": {"uv": [25, 34], "uv_size": [0.5, 1]},
								"down": {"uv": [34, 26], "uv_size": [0.5, -1]}
							}
						},
						{
							"origin": [-6.2, 1.1, -2.2],
							"size": [1.2, 3, 0.2],
							"uv": {
								"north": {"uv": [27, 3], "uv_size": [1, 3]},
								"east": {"uv": [29, 27], "uv_size": [0.5, 3]},
								"south": {"uv": [27, 6], "uv_size": [1, 3]},
								"west": {"uv": [28, 29], "uv_size": [0.5, 3]},
								"up": {"uv": [33, 16], "uv_size": [1, 0.5]},
								"down": {"uv": [17, 33.5], "uv_size": [1, -0.5]}
							}
						},
						{
							"origin": [5, 1.1, -2.2],
							"size": [1.2, 3, 0.2],
							"uv": {
								"north": {"uv": [28, 4], "uv_size": [1, 3]},
								"east": {"uv": [30, 30], "uv_size": [0.5, 3]},
								"south": {"uv": [5, 28], "uv_size": [1, 3]},
								"west": {"uv": [0, 31], "uv_size": [0.5, 3]},
								"up": {"uv": [33, 27], "uv_size": [1, 0.5]},
								"down": {"uv": [28, 33.5], "uv_size": [1, -0.5]}
							}
						},
						{
							"origin": [-6.2, 1.1, 3],
							"size": [1.2, 3, 0.2],
							"uv": {
								"north": {"uv": [21, 27], "uv_size": [1, 3]},
								"east": {"uv": [21, 30], "uv_size": [0.5, 3]},
								"south": {"uv": [22, 27], "uv_size": [1, 3]},
								"west": {"uv": [22, 30], "uv_size": [0.5, 3]},
								"up": {"uv": [19, 33], "uv_size": [1, 0.5]},
								"down": {"uv": [20, 33.5], "uv_size": [1, -0.5]}
							}
						},
						{
							"origin": [5, 1.1, 3],
							"size": [1.2, 3, 0.2],
							"uv": {
								"north": {"uv": [8, 28], "uv_size": [1, 3]},
								"east": {"uv": [8, 31], "uv_size": [0.5, 3]},
								"south": {"uv": [23, 28], "uv_size": [1, 3]},
								"west": {"uv": [16, 31], "uv_size": [0.5, 3]},
								"up": {"uv": [33, 32], "uv_size": [1, 0.5]},
								"down": {"uv": [33, 33.5], "uv_size": [1, -0.5]}
							}
						},
						{
							"origin": [-6, 1.1, 2],
							"size": [12, 3, 1],
							"uv": {
								"north": {"uv": [12, 9], "uv_size": [12, 3]},
								"east": {"uv": [11, 26], "uv_size": [1, 3]},
								"south": {"uv": [12, 12], "uv_size": [12, 3]},
								"west": {"uv": [27, 0], "uv_size": [1, 3]},
								"up": {"uv": [24, 11], "uv_size": [12, 1]},
								"down": {"uv": [12, 25], "uv_size": [12, -1]}
							}
						},
						{
							"origin": [-6.2, 1.38, 1.7],
							"size": [0.16, 2.4, 0.8],
							"uv": {
								"north": {"uv": [31, 28], "uv_size": [0.5, 2.5]},
								"east": {"uv": [2, 29], "uv_size": [1, 2.5]},
								"south": {"uv": [31, 31], "uv_size": [0.5, 2.5]},
								"west": {"uv": [3, 29], "uv_size": [1, 2.5]},
								"up": {"uv": [34, 15], "uv_size": [0.5, 1]},
								"down": {"uv": [16, 35], "uv_size": [0.5, -1]}
							}
						},
						{
							"origin": [6.04, 1.38, 1.7],
							"size": [0.16, 2.4, 0.8],
							"uv": {
								"north": {"uv": [4, 32], "uv_size": [0.5, 2.5]},
								"east": {"uv": [10, 29], "uv_size": [1, 2.5]},
								"south": {"uv": [5, 32], "uv_size": [0.5, 2.5]},
								"west": {"uv": [11, 29], "uv_size": [1, 2.5]},
								"up": {"uv": [28, 34], "uv_size": [0.5, 1]},
								"down": {"uv": [34, 29], "uv_size": [0.5, -1]}
							}
						},
						{
							"origin": [-6, 0.77782, 4.02046],
							"size": [12, 1.41421, 1],
							"pivot": [0, 0, 0],
							"rotation": [45, 0, 0],
							"uv": {
								"north": {"uv": [0, 18], "uv_size": [12, 1.5]},
								"east": {"uv": [10, 13], "uv_size": [1, 1.5]},
								"south": {"uv": [12, 18], "uv_size": [12, 1.5]},
								"west": {"uv": [11, 13], "uv_size": [1, 1.5]},
								"up": {"uv": [24, 12], "uv_size": [12, 1]},
								"down": {"uv": [24, 14], "uv_size": [12, -1]}
							}
						},
						{
							"origin": [-6.2, 0.9051, 3.64063],
							"size": [0.16, 1.13137, 0.8],
							"pivot": [0, 0, 0],
							"rotation": [45, 0, 0],
							"uv": {
								"north": {"uv": [19, 34], "uv_size": [0.5, 1]},
								"east": {"uv": [32, 15], "uv_size": [1, 1]},
								"south": {"uv": [20, 34], "uv_size": [0.5, 1]},
								"west": {"uv": [32, 16], "uv_size": [1, 1]},
								"up": {"uv": [21, 34], "uv_size": [0.5, 1]},
								"down": {"uv": [22, 35], "uv_size": [0.5, -1]}
							}
						},
						{
							"origin": [6.04, 0.9051, 3.64063],
							"size": [0.16, 1.13137, 0.8],
							"pivot": [0, 0, 0],
							"rotation": [45, 0, 0],
							"uv": {
								"north": {"uv": [31, 34], "uv_size": [0.5, 1]},
								"east": {"uv": [28, 32], "uv_size": [1, 1]},
								"south": {"uv": [34, 31], "uv_size": [0.5, 1]},
								"west": {"uv": [32, 28], "uv_size": [1, 1]},
								"up": {"uv": [32, 34], "uv_size": [0.5, 1]},
								"down": {"uv": [34, 33], "uv_size": [0.5, -1]}
							}
						},
						{
							"origin": [-6, 1.48493, 0.3435],
							"size": [12, 1.41421, 1],
							"pivot": [0, 0, 0],
							"rotation": [-45, 0, 0],
							"uv": {
								"north": {"uv": [20, 15], "uv_size": [12, 1.5]},
								"east": {"uv": [18, 29], "uv_size": [1, 1.5]},
								"south": {"uv": [0, 22], "uv_size": [12, 1.5]},
								"west": {"uv": [19, 29], "uv_size": [1, 1.5]},
								"up": {"uv": [24, 19], "uv_size": [12, 1]},
								"down": {"uv": [24, 21], "uv_size": [12, -1]}
							}
						},
						{
							"origin": [-6.2, 1.6122, -0.00804],
							"size": [0.16, 1.13137, 0.8],
							"pivot": [0, 0, 0],
							"rotation": [-45, 0, 0],
							"uv": {
								"north": {"uv": [34, 16], "uv_size": [0.5, 1]},
								"east": {"uv": [10, 32], "uv_size": [1, 1]},
								"south": {"uv": [17, 34], "uv_size": [0.5, 1]},
								"west": {"uv": [11, 32], "uv_size": [1, 1]},
								"up": {"uv": [34, 17], "uv_size": [0.5, 1]},
								"down": {"uv": [18, 35], "uv_size": [0.5, -1]}
							}
						},
						{
							"origin": [6.04, 1.6122, -0.00804],
							"size": [0.16, 1.13137, 0.8],
							"pivot": [0, 0, 0],
							"rotation": [-45, 0, 0],
							"uv": {
								"north": {"uv": [29, 34], "uv_size": [0.5, 1]},
								"east": {"uv": [26, 32], "uv_size": [1, 1]},
								"south": {"uv": [34, 29], "uv_size": [0.5, 1]},
								"west": {"uv": [32, 26], "uv_size": [1, 1]},
								"up": {"uv": [30, 34], "uv_size": [0.5, 1]},
								"down": {"uv": [34, 31], "uv_size": [0.5, -1]}
							}
						},
						{
							"origin": [-6, 0.77782, -0.63639],
							"size": [12, 1.41421, 1],
							"pivot": [0, 0, 0],
							"rotation": [45, 0, 0],
							"uv": {
								"north": {"uv": [12, 22], "uv_size": [12, 1.5]},
								"east": {"uv": [20, 29], "uv_size": [1, 1.5]},
								"south": {"uv": [0, 24], "uv_size": [12, 1.5]},
								"west": {"uv": [29, 23], "uv_size": [1, 1.5]},
								"up": {"uv": [24, 21], "uv_size": [12, 1]},
								"down": {"uv": [24, 23], "uv_size": [12, -1]}
							}
						},
						{
							"origin": [-6.2, 0.9051, -0.08485],
							"size": [0.16, 1.13137, 0.8],
							"pivot": [0, 0, 0],
							"rotation": [45, 0, 0],
							"uv": {
								"north": {"uv": [34, 1], "uv_size": [0.5, 1]},
								"east": {"uv": [32, 6], "uv_size": [1, 1]},
								"south": {"uv": [34, 2], "uv_size": [0.5, 1]},
								"west": {"uv": [32, 7], "uv_size": [1, 1]},
								"up": {"uv": [34, 3], "uv_size": [0.5, 1]},
								"down": {"uv": [34, 5], "uv_size": [0.5, -1]}
							}
						},
						{
							"origin": [6.04, 0.9051, -0.08485],
							"size": [0.16, 1.13137, 0.8],
							"pivot": [0, 0, 0],
							"rotation": [45, 0, 0],
							"uv": {
								"north": {"uv": [23, 34], "uv_size": [0.5, 1]},
								"east": {"uv": [32, 17], "uv_size": [1, 1]},
								"south": {"uv": [34, 23], "uv_size": [0.5, 1]},
								"west": {"uv": [32, 23], "uv_size": [1, 1]},
								"up": {"uv": [24, 34], "uv_size": [0.5, 1]},
								"down": {"uv": [34, 25], "uv_size": [0.5, -1]}
							}
						},
						{
							"origin": [-6.2, 0.77782, -0.77781],
							"size": [1.2, 1.55563, 0.14142],
							"pivot": [0, 0, 0],
							"rotation": [45, 0, 0],
							"uv": {
								"north": {"uv": [29, 25], "uv_size": [1, 1.5]},
								"east": {"uv": [29, 32], "uv_size": [0.5, 1.5]},
								"south": {"uv": [27, 29], "uv_size": [1, 1.5]},
								"west": {"uv": [32, 29], "uv_size": [0.5, 1.5]},
								"up": {"uv": [33, 9], "uv_size": [1, 0.5]},
								"down": {"uv": [33, 15.5], "uv_size": [1, -0.5]}
							}
						},
						{
							"origin": [5, 0.77782, -0.77781],
							"size": [1.2, 1.55563, 0.14142],
							"pivot": [0, 0, 0],
							"rotation": [45, 0, 0],
							"uv": {
								"north": {"uv": [31, 0], "uv_size": [1, 1.5]},
								"east": {"uv": [10, 33], "uv_size": [0.5, 1.5]},
								"south": {"uv": [31, 2], "uv_size": [1, 1.5]},
								"west": {"uv": [11, 33], "uv_size": [0.5, 1.5]},
								"up": {"uv": [33, 28], "uv_size": [1, 0.5]},
								"down": {"uv": [33, 29.5], "uv_size": [1, -0.5]}
							}
						},
						{
							"origin": [-6.2, 1.48492, 1.3435],
							"size": [1.2, 1.55563, 0.14142],
							"pivot": [0, 0, 0],
							"rotation": [-45, 0, 0],
							"uv": {
								"north": {"uv": [30, 5], "uv_size": [1, 1.5]},
								"east": {"uv": [33, 2], "uv_size": [0.5, 1.5]},
								"south": {"uv": [30, 23], "uv_size": [1, 1.5]},
								"west": {"uv": [33, 5], "uv_size": [0.5, 1.5]},
								"up": {"uv": [21, 33], "uv_size": [1, 0.5]},
								"down": {"uv": [22, 33.5], "uv_size": [1, -0.5]}
							}
						},
						{
							"origin": [5, 1.48492, 1.3435],
							"size": [1.2, 1.55563, 0.14142],
							"pivot": [0, 0, 0],
							"rotation": [-45, 0, 0],
							"uv": {
								"north": {"uv": [31, 5], "uv_size": [1, 1.5]},
								"east": {"uv": [12, 33], "uv_size": [0.5, 1.5]},
								"south": {"uv": [7, 31], "uv_size": [1, 1.5]},
								"west": {"uv": [13, 33], "uv_size": [0.5, 1.5]},
								"up": {"uv": [33, 31], "uv_size": [1, 0.5]},
								"down": {"uv": [32, 33.5], "uv_size": [1, -0.5]}
							}
						},
						{
							"origin": [-6.2, 1.3435, -4.45477],
							"size": [1.2, 1.55563, 0.14142],
							"pivot": [0, 0, 0],
							"rotation": [-45, 0, 0],
							"uv": {
								"north": {"uv": [30, 1], "uv_size": [1, 1.5]},
								"east": {"uv": [32, 31], "uv_size": [0.5, 1.5]},
								"south": {"uv": [30, 3], "uv_size": [1, 1.5]},
								"west": {"uv": [33, 0], "uv_size": [0.5, 1.5]},
								"up": {"uv": [33, 17], "uv_size": [1, 0.5]},
								"down": {"uv": [18, 33.5], "uv_size": [1, -0.5]}
							}
						},
						{
							"origin": [5, 1.3435, -4.45477],
							"size": [1.2, 1.55563, 0.14142],
							"pivot": [0, 0, 0],
							"rotation": [-45, 0, 0],
							"uv": {
								"north": {"uv": [30, 28], "uv_size": [1, 1.5]},
								"east": {"uv": [33, 7], "uv_size": [0.5, 1.5]},
								"south": {"uv": [29, 30], "uv_size": [1, 1.5]},
								"west": {"uv": [9, 33], "uv_size": [0.5, 1.5]},
								"up": {"uv": [26, 33], "uv_size": [1, 0.5]},
								"down": {"uv": [33, 26.5], "uv_size": [1, -0.5]}
							}
						},
						{
							"origin": [-6.2, 0.63639, 5.02046],
							"size": [1.2, 1.55563, 0.14142],
							"pivot": [0, 0, 0],
							"rotation": [45, 0, 0],
							"uv": {
								"north": {"uv": [30, 25], "uv_size": [1, 1.5]},
								"east": {"uv": [6, 33], "uv_size": [0.5, 1.5]},
								"south": {"uv": [26, 30], "uv_size": [1, 1.5]},
								"west": {"uv": [7, 33], "uv_size": [0.5, 1.5]},
								"up": {"uv": [23, 33], "uv_size": [1, 0.5]},
								"down": {"uv": [33, 23.5], "uv_size": [1, -0.5]}
							}
						},
						{
							"origin": [5, 0.63639, 5.02046],
							"size": [1.2, 1.55563, 0.14142],
							"pivot": [0, 0, 0],
							"rotation": [45, 0, 0],
							"uv": {
								"north": {"uv": [31, 7], "uv_size": [1, 1.5]},
								"east": {"uv": [14, 33], "uv_size": [0.5, 1.5]},
								"south": {"uv": [17, 31], "uv_size": [1, 1.5]},
								"west": {"uv": [15, 33], "uv_size": [0.5, 1.5]},
								"up": {"uv": [0, 34], "uv_size": [1, 0.5]},
								"down": {"uv": [34, 0.5], "uv_size": [1, -0.5]}
							}
						},
						{
							"origin": [-6, 1.48493, -4.31335],
							"size": [12, 1.41421, 1],
							"pivot": [0, 0, 0],
							"rotation": [-45, 0, 0],
							"uv": {
								"north": {"uv": [0, 20], "uv_size": [12, 1.5]},
								"east": {"uv": [16, 29], "uv_size": [1, 1.5]},
								"south": {"uv": [12, 20], "uv_size": [12, 1.5]},
								"west": {"uv": [17, 29], "uv_size": [1, 1.5]},
								"up": {"uv": [24, 14], "uv_size": [12, 1]},
								"down": {"uv": [24, 19], "uv_size": [12, -1]}
							}
						},
						{
							"origin": [-6.2, 1.61221, -3.73352],
							"size": [0.16, 1.13137, 0.8],
							"pivot": [0, 0, 0],
							"rotation": [-45, 0, 0],
							"uv": {
								"north": {"uv": [34, 7], "uv_size": [0.5, 1]},
								"east": {"uv": [32, 8], "uv_size": [1, 1]},
								"south": {"uv": [8, 34], "uv_size": [0.5, 1]},
								"west": {"uv": [9, 32], "uv_size": [1, 1]},
								"up": {"uv": [34, 8], "uv_size": [0.5, 1]},
								"down": {"uv": [34, 10], "uv_size": [0.5, -1]}
							}
						},
						{
							"origin": [6.04, 1.61221, -3.73352],
							"size": [0.16, 1.13137, 0.8],
							"pivot": [0, 0, 0],
							"rotation": [-45, 0, 0],
							"uv": {
								"north": {"uv": [26, 34], "uv_size": [0.5, 1]},
								"east": {"uv": [32, 24], "uv_size": [1, 1]},
								"south": {"uv": [34, 26], "uv_size": [0.5, 1]},
								"west": {"uv": [32, 25], "uv_size": [1, 1]},
								"up": {"uv": [27, 34], "uv_size": [0.5, 1]},
								"down": {"uv": [34, 28], "uv_size": [0.5, -1]}
							}
						}
					]
				}
			]
		}
	]
}