{
	"format_version": "1.12.0",
	"minecraft:geometry": [
		{
			"description": {
				"identifier": "geometry.speaker_1_b",
				"texture_width": 128,
				"texture_height": 128,
				"visible_bounds_width": 2,
				"visible_bounds_height": 3,
				"visible_bounds_offset": [0, 0.5, 0]
			},
			"bones": [
				{
					"name": "main",
					"pivot": [0, -16, 0]
				},
				{
					"name": "bone",
					"parent": "main",
					"pivot": [0, -16, 0],
					"cubes": [
						{
							"origin": [-8, 0, -6],
							"size": [16, 16, 14],
							"uv": {
								"north": {"uv": [14, 14], "uv_size": [16, 16]},
								"east": {"uv": [0, 14], "uv_size": [14, 16]},
								"south": {"uv": [44, 14], "uv_size": [16, 16]},
								"west": {"uv": [30, 14], "uv_size": [14, 16]},
								"up": {"uv": [14, 0], "uv_size": [16, 14]},
								"down": {"uv": [30, 14], "uv_size": [16, -14]}
							}
						},
						{
							"origin": [-8, 0, -8],
							"size": [1, 15, 2],
							"uv": {
								"north": {"uv": [44, 48], "uv_size": [1, 15]},
								"east": {"uv": [42, 48], "uv_size": [2, 15]},
								"south": {"uv": [47, 48], "uv_size": [1, 15]},
								"west": {"uv": [45, 48], "uv_size": [2, 15]},
								"up": {"uv": [44, 46], "uv_size": [1, 2]},
								"down": {"uv": [45, 48], "uv_size": [1, -2]}
							}
						},
						{
							"origin": [7, 0, -8],
							"size": [1, 15, 2],
							"uv": {
								"north": {"uv": [38, 48], "uv_size": [1, 15]},
								"east": {"uv": [36, 48], "uv_size": [2, 15]},
								"south": {"uv": [41, 48], "uv_size": [1, 15]},
								"west": {"uv": [39, 48], "uv_size": [2, 15]},
								"up": {"uv": [38, 46], "uv_size": [1, 2]},
								"down": {"uv": [39, 48], "uv_size": [1, -2]}
							}
						},
						{
							"origin": [-8, 15, -8],
							"size": [16, 1, 2],
							"uv": {
								"north": {"uv": [2, 48], "uv_size": [16, 1]},
								"east": {"uv": [0, 48], "uv_size": [2, 1]},
								"south": {"uv": [20, 48], "uv_size": [16, 1]},
								"west": {"uv": [18, 48], "uv_size": [2, 1]},
								"up": {"uv": [2, 46], "uv_size": [16, 2]},
								"down": {"uv": [18, 48], "uv_size": [16, -2]}
							}
						}
					]
				},
				{
					"name": "octagon",
					"parent": "main",
					"pivot": [8, 1, -14],
					"cubes": [
						{
							"origin": [-8.02082, 2.36396, -6.5],
							"size": [3.31371, 2, 1],
							"pivot": [0, 0, 0],
							"rotation": [0, 0, 45],
							"uv": {
								"north": {"uv": [57, 7], "uv_size": [3, 2]},
								"east": {"uv": [56, 7], "uv_size": [1, 2]},
								"south": {"uv": [61, 7], "uv_size": [3, 2]},
								"west": {"uv": [60, 7], "uv_size": [1, 2]},
								"up": {"uv": [57, 6], "uv_size": [3, 1]},
								"down": {"uv": [60, 7], "uv_size": [3, -1]}
							}
						},
						{
							"origin": [-1.65685, 5, -6.5],
							"size": [3.31371, 3, 1],
							"uv": {
								"north": {"uv": [9, 55], "uv_size": [3, 3]},
								"east": {"uv": [8, 55], "uv_size": [1, 3]},
								"south": {"uv": [13, 55], "uv_size": [3, 3]},
								"west": {"uv": [12, 55], "uv_size": [1, 3]},
								"up": {"uv": [9, 54], "uv_size": [3, 1]},
								"down": {"uv": [12, 55], "uv_size": [3, -1]}
							}
						},
						{
							"origin": [-8.02082, 8.36396, -6.5],
							"size": [3.31371, 2, 1],
							"pivot": [0, 0, 0],
							"rotation": [0, 0, 45],
							"uv": {
								"north": {"uv": [57, 4], "uv_size": [3, 2]},
								"east": {"uv": [56, 4], "uv_size": [1, 2]},
								"south": {"uv": [61, 4], "uv_size": [3, 2]},
								"west": {"uv": [60, 4], "uv_size": [1, 2]},
								"up": {"uv": [57, 3], "uv_size": [3, 1]},
								"down": {"uv": [60, 4], "uv_size": [3, -1]}
							}
						},
						{
							"origin": [-1.65685, 10, -6.5],
							"size": [3.31371, 3, 1],
							"uv": {
								"north": {"uv": [1, 55], "uv_size": [3, 3]},
								"east": {"uv": [0, 55], "uv_size": [1, 3]},
								"south": {"uv": [5, 55], "uv_size": [3, 3]},
								"west": {"uv": [4, 55], "uv_size": [1, 3]},
								"up": {"uv": [1, 54], "uv_size": [3, 1]},
								"down": {"uv": [4, 55], "uv_size": [3, -1]}
							}
						},
						{
							"origin": [-4.36396, 4.70711, -6.5],
							"size": [2, 3.31371, 1],
							"pivot": [0, 0, 0],
							"rotation": [0, 0, 45],
							"uv": {
								"north": {"uv": [31, 50], "uv_size": [2, 3]},
								"east": {"uv": [30, 50], "uv_size": [1, 3]},
								"south": {"uv": [34, 50], "uv_size": [2, 3]},
								"west": {"uv": [33, 50], "uv_size": [1, 3]},
								"up": {"uv": [31, 49], "uv_size": [2, 1]},
								"down": {"uv": [33, 50], "uv_size": [2, -1]}
							}
						},
						{
							"origin": [1, 7.34315, -6.5],
							"size": [3, 3.31371, 1],
							"uv": {
								"north": {"uv": [49, 53], "uv_size": [3, 3]},
								"east": {"uv": [48, 53], "uv_size": [1, 3]},
								"south": {"uv": [53, 53], "uv_size": [3, 3]},
								"west": {"uv": [52, 53], "uv_size": [1, 3]},
								"up": {"uv": [49, 52], "uv_size": [3, 1]},
								"down": {"uv": [52, 53], "uv_size": [3, -1]}
							}
						},
						{
							"origin": [-10.36396, 4.70711, -6.5],
							"size": [2, 3.31371, 1],
							"pivot": [0, 0, 0],
							"rotation": [0, 0, 45],
							"uv": {
								"north": {"uv": [9, 11], "uv_size": [2, 3]},
								"east": {"uv": [8, 11], "uv_size": [1, 3]},
								"south": {"uv": [12, 11], "uv_size": [2, 3]},
								"west": {"uv": [11, 11], "uv_size": [1, 3]},
								"up": {"uv": [9, 10], "uv_size": [2, 1]},
								"down": {"uv": [11, 11], "uv_size": [2, -1]}
							}
						},
						{
							"origin": [-4, 7.34315, -6.5],
							"size": [3, 3.31371, 1],
							"uv": {
								"north": {"uv": [1, 11], "uv_size": [3, 3]},
								"east": {"uv": [0, 11], "uv_size": [1, 3]},
								"south": {"uv": [5, 11], "uv_size": [3, 3]},
								"west": {"uv": [4, 11], "uv_size": [1, 3]},
								"up": {"uv": [1, 10], "uv_size": [3, 1]},
								"down": {"uv": [4, 11], "uv_size": [3, -1]}
							}
						}
					]
				},
				{
					"name": "octagon",
					"parent": "main",
					"pivot": [8, -15, -14],
					"cubes": [
						{
							"origin": [-5.5, 0.5, -6.5],
							"size": [3, 3, 1],
							"uv": {
								"north": {"uv": [25, 55], "uv_size": [3, 3]},
								"east": {"uv": [24, 55], "uv_size": [1, 3]},
								"south": {"uv": [29, 55], "uv_size": [3, 3]},
								"west": {"uv": [28, 55], "uv_size": [1, 3]},
								"up": {"uv": [25, 54], "uv_size": [3, 1]},
								"down": {"uv": [28, 55], "uv_size": [3, -1]}
							}
						},
						{
							"origin": [2.5, 0.5, -6.5],
							"size": [3, 3, 1],
							"uv": {
								"north": {"uv": [17, 55], "uv_size": [3, 3]},
								"east": {"uv": [16, 55], "uv_size": [1, 3]},
								"south": {"uv": [21, 55], "uv_size": [3, 3]},
								"west": {"uv": [20, 55], "uv_size": [1, 3]},
								"up": {"uv": [17, 54], "uv_size": [3, 1]},
								"down": {"uv": [20, 55], "uv_size": [3, -1]}
							}
						},
						{
							"origin": [-1, 8, -7],
							"size": [2, 2, 1],
							"uv": {
								"north": {"uv": [57, 10], "uv_size": [2, 2]},
								"east": {"uv": [56, 10], "uv_size": [1, 2]},
								"south": {"uv": [60, 10], "uv_size": [2, 2]},
								"west": {"uv": [59, 10], "uv_size": [1, 2]},
								"up": {"uv": [57, 9], "uv_size": [2, 1]},
								"down": {"uv": [59, 10], "uv_size": [2, -1]}
							}
						}
					]
				}
			]
		}
	]
}