{
	"format_version": "1.12.0",
	"minecraft:geometry": [
		{
			"description": {
				"identifier": "geometry.speaker_1_a",
				"texture_width": 128,
				"texture_height": 128,
				"visible_bounds_width": 2,
				"visible_bounds_height": 2.5,
				"visible_bounds_offset": [0, 0.75, 0]
			},
			"bones": [
				{
					"name": "main",
					"pivot": [0, 0, 0]
				},
				{
					"name": "octagon",
					"parent": "main",
					"pivot": [8, 1, -14],
					"cubes": [
						{
							"origin": [-8.64214, 0.86396, -6.5],
							"size": [4.55635, 5, 1],
							"pivot": [0, 0, 0],
							"rotation": [0, 0, 45],
							"uv": {
								"north": {"uv": [49, 47], "uv_size": [4, 5]},
								"east": {"uv": [48, 47], "uv_size": [1, 5]},
								"south": {"uv": [54, 47], "uv_size": [4, 5]},
								"west": {"uv": [53, 47], "uv_size": [1, 5]},
								"up": {"uv": [49, 46], "uv_size": [4, 1]},
								"down": {"uv": [53, 47], "uv_size": [4, -1]}
							}
						},
						{
							"origin": [-2.27817, 3.5, -6.5],
							"size": [4.55635, 4, 1],
							"uv": {
								"north": {"uv": [21, 50], "uv_size": [4, 4]},
								"east": {"uv": [20, 50], "uv_size": [1, 4]},
								"south": {"uv": [26, 50], "uv_size": [4, 4]},
								"west": {"uv": [25, 50], "uv_size": [1, 4]},
								"up": {"uv": [21, 49], "uv_size": [4, 1]},
								"down": {"uv": [25, 50], "uv_size": [4, -1]}
							}
						},
						{
							"origin": [-8.64214, 6.86396, -6.5],
							"size": [4.55635, 5, 1],
							"pivot": [0, 0, 0],
							"rotation": [0, 0, 45],
							"uv": {
								"north": {"uv": [47, 4], "uv_size": [4, 5]},
								"east": {"uv": [46, 4], "uv_size": [1, 5]},
								"south": {"uv": [52, 4], "uv_size": [4, 5]},
								"west": {"uv": [51, 4], "uv_size": [1, 5]},
								"up": {"uv": [47, 3], "uv_size": [4, 1]},
								"down": {"uv": [51, 4], "uv_size": [4, -1]}
							}
						},
						{
							"origin": [-2.27817, 10.5, -6.5],
							"size": [4.55635, 4, 1],
							"uv": {
								"north": {"uv": [11, 50], "uv_size": [4, 4]},
								"east": {"uv": [10, 50], "uv_size": [1, 4]},
								"south": {"uv": [16, 50], "uv_size": [4, 4]},
								"west": {"uv": [15, 50], "uv_size": [1, 4]},
								"up": {"uv": [11, 49], "uv_size": [4, 1]},
								"down": {"uv": [15, 50], "uv_size": [4, -1]}
							}
						},
						{
							"origin": [-5.86396, 4.08579, -6.5],
							"size": [5, 4.55635, 1],
							"pivot": [0, 0, 0],
							"rotation": [0, 0, 45],
							"uv": {
								"north": {"uv": [1, 6], "uv_size": [5, 4]},
								"east": {"uv": [0, 6], "uv_size": [1, 4]},
								"south": {"uv": [7, 6], "uv_size": [5, 4]},
								"west": {"uv": [6, 6], "uv_size": [1, 4]},
								"up": {"uv": [1, 5], "uv_size": [5, 1]},
								"down": {"uv": [6, 6], "uv_size": [5, -1]}
							}
						},
						{
							"origin": [1.5, 6.72183, -6.5],
							"size": [4, 4.55635, 1],
							"uv": {
								"north": {"uv": [1, 50], "uv_size": [4, 4]},
								"east": {"uv": [0, 50], "uv_size": [1, 4]},
								"south": {"uv": [6, 50], "uv_size": [4, 4]},
								"west": {"uv": [5, 50], "uv_size": [1, 4]},
								"up": {"uv": [1, 49], "uv_size": [4, 1]},
								"down": {"uv": [5, 50], "uv_size": [4, -1]}
							}
						},
						{
							"origin": [-11.86396, 4.08579, -6.5],
							"size": [5, 4.55635, 1],
							"pivot": [0, 0, 0],
							"rotation": [0, 0, 45],
							"uv": {
								"north": {"uv": [1, 1], "uv_size": [5, 4]},
								"east": {"uv": [0, 1], "uv_size": [1, 4]},
								"south": {"uv": [7, 1], "uv_size": [5, 4]},
								"west": {"uv": [6, 1], "uv_size": [1, 4]},
								"up": {"uv": [1, 0], "uv_size": [5, 1]},
								"down": {"uv": [6, 1], "uv_size": [5, -1]}
							}
						},
						{
							"origin": [-5.5, 6.72183, -6.5],
							"size": [4, 4.55635, 1],
							"uv": {
								"north": {"uv": [47, 10], "uv_size": [4, 4]},
								"east": {"uv": [46, 10], "uv_size": [1, 4]},
								"south": {"uv": [52, 10], "uv_size": [4, 4]},
								"west": {"uv": [51, 10], "uv_size": [1, 4]},
								"up": {"uv": [47, 9], "uv_size": [4, 1]},
								"down": {"uv": [51, 10], "uv_size": [4, -1]}
							}
						},
						{
							"origin": [-1.5, 7.5, -7],
							"size": [3, 3, 1],
							"uv": {
								"north": {"uv": [56, 56], "uv_size": [3, 3]},
								"east": {"uv": [55, 56], "uv_size": [1, 3]},
								"south": {"uv": [60, 56], "uv_size": [3, 3]},
								"west": {"uv": [59, 56], "uv_size": [1, 3]},
								"up": {"uv": [56, 55], "uv_size": [3, 1]},
								"down": {"uv": [59, 56], "uv_size": [3, -1]}
							}
						}
					]
				},
				{
					"name": "bone",
					"parent": "main",
					"pivot": [0, 0, 0],
					"cubes": [
						{
							"origin": [-8, 0, -6],
							"size": [16, 16, 14],
							"uv": {
								"north": {"uv": [14, 14], "uv_size": [16, 16]},
								"east": {"uv": [0, 14], "uv_size": [14, 16]},
								"south": {"uv": [44, 14], "uv_size": [16, 16]},
								"west": {"uv": [30, 14], "uv_size": [14, 16]},
								"up": {"uv": [14, 0], "uv_size": [16, 14]},
								"down": {"uv": [30, 14], "uv_size": [16, -14]}
							}
						},
						{
							"origin": [-8, 0, -8],
							"size": [16, 1, 2],
							"uv": {
								"north": {"uv": [48, 2], "uv_size": [16, 1]},
								"east": {"uv": [46, 2], "uv_size": [2, 1]},
								"south": {"uv": [66, 2], "uv_size": [16, 1]},
								"west": {"uv": [64, 2], "uv_size": [2, 1]},
								"up": {"uv": [48, 0], "uv_size": [16, 2]},
								"down": {"uv": [64, 2], "uv_size": [16, -2]}
							}
						},
						{
							"origin": [-8, 1, -8],
							"size": [1, 15, 2],
							"uv": {
								"north": {"uv": [44, 48], "uv_size": [1, 15]},
								"east": {"uv": [42, 48], "uv_size": [2, 15]},
								"south": {"uv": [47, 48], "uv_size": [1, 15]},
								"west": {"uv": [45, 48], "uv_size": [2, 15]},
								"up": {"uv": [44, 46], "uv_size": [1, 2]},
								"down": {"uv": [45, 48], "uv_size": [1, -2]}
							}
						},
						{
							"origin": [7, 1, -8],
							"size": [1, 15, 2],
							"uv": {
								"north": {"uv": [38, 48], "uv_size": [1, 15]},
								"east": {"uv": [36, 48], "uv_size": [2, 15]},
								"south": {"uv": [41, 48], "uv_size": [1, 15]},
								"west": {"uv": [39, 48], "uv_size": [2, 15]},
								"up": {"uv": [38, 46], "uv_size": [1, 2]},
								"down": {"uv": [39, 48], "uv_size": [1, -2]}
							}
						}
					]
				}
			]
		}
	]
}