{
	"format_version": "1.12.0",
	"minecraft:geometry": [
		{
			"description": {
				"identifier": "geometry.speaker_0",
				"texture_width": 64,
				"texture_height": 64,
				"visible_bounds_width": 2,
				"visible_bounds_height": 2.5,
				"visible_bounds_offset": [0, 0.75, 0]
			},
			"bones": [
				{
					"name": "main",
					"pivot": [0, 0, 0]
				},
				{
					"name": "octagon",
					"parent": "main",
					"pivot": [8, 0, -14],
					"cubes": [
						{
							"origin": [-7.93503, 0.15685, -6.5],
							"size": [4.55635, 5, 1],
							"pivot": [0, 0, 0],
							"rotation": [0, 0, 45],
							"uv": {
								"north": {"uv": [17, 37], "uv_size": [4, 5]},
								"east": {"uv": [16, 37], "uv_size": [1, 5]},
								"south": {"uv": [22, 37], "uv_size": [4, 5]},
								"west": {"uv": [21, 37], "uv_size": [1, 5]},
								"up": {"uv": [17, 36], "uv_size": [4, 1]},
								"down": {"uv": [21, 37], "uv_size": [4, -1]}
							}
						},
						{
							"origin": [-2.27817, 2.5, -6.5],
							"size": [4.55635, 4, 1],
							"uv": {
								"north": {"uv": [7, 43], "uv_size": [4, 4]},
								"east": {"uv": [6, 43], "uv_size": [1, 4]},
								"south": {"uv": [12, 43], "uv_size": [4, 4]},
								"west": {"uv": [11, 43], "uv_size": [1, 4]},
								"up": {"uv": [7, 42], "uv_size": [4, 1]},
								"down": {"uv": [11, 43], "uv_size": [4, -1]}
							}
						},
						{
							"origin": [-7.93503, 6.15685, -6.5],
							"size": [4.55635, 5, 1],
							"pivot": [0, 0, 0],
							"rotation": [0, 0, 45],
							"uv": {
								"north": {"uv": [7, 37], "uv_size": [4, 5]},
								"east": {"uv": [6, 37], "uv_size": [1, 5]},
								"south": {"uv": [12, 37], "uv_size": [4, 5]},
								"west": {"uv": [11, 37], "uv_size": [1, 5]},
								"up": {"uv": [7, 36], "uv_size": [4, 1]},
								"down": {"uv": [11, 37], "uv_size": [4, -1]}
							}
						},
						{
							"origin": [-2.27817, 9.5, -6.5],
							"size": [4.55635, 4, 1],
							"uv": {
								"north": {"uv": [41, 41], "uv_size": [4, 4]},
								"east": {"uv": [40, 41], "uv_size": [1, 4]},
								"south": {"uv": [46, 41], "uv_size": [4, 4]},
								"west": {"uv": [45, 41], "uv_size": [1, 4]},
								"up": {"uv": [41, 40], "uv_size": [4, 1]},
								"down": {"uv": [45, 41], "uv_size": [4, -1]}
							}
						},
						{
							"origin": [-5.15685, 3.37868, -6.5],
							"size": [5, 4.55635, 1],
							"pivot": [0, 0, 0],
							"rotation": [0, 0, 45],
							"uv": {
								"north": {"uv": [1, 6], "uv_size": [5, 4]},
								"east": {"uv": [0, 6], "uv_size": [1, 4]},
								"south": {"uv": [7, 6], "uv_size": [5, 4]},
								"west": {"uv": [6, 6], "uv_size": [1, 4]},
								"up": {"uv": [1, 5], "uv_size": [5, 1]},
								"down": {"uv": [6, 6], "uv_size": [5, -1]}
							}
						},
						{
							"origin": [1.5, 5.72183, -6.5],
							"size": [4, 4.55635, 1],
							"uv": {
								"north": {"uv": [41, 36], "uv_size": [4, 4]},
								"east": {"uv": [40, 36], "uv_size": [1, 4]},
								"south": {"uv": [46, 36], "uv_size": [4, 4]},
								"west": {"uv": [45, 36], "uv_size": [1, 4]},
								"up": {"uv": [41, 35], "uv_size": [4, 1]},
								"down": {"uv": [45, 36], "uv_size": [4, -1]}
							}
						},
						{
							"origin": [-11.15685, 3.37868, -6.5],
							"size": [5, 4.55635, 1],
							"pivot": [0, 0, 0],
							"rotation": [0, 0, 45],
							"uv": {
								"north": {"uv": [1, 1], "uv_size": [5, 4]},
								"east": {"uv": [0, 1], "uv_size": [1, 4]},
								"south": {"uv": [7, 1], "uv_size": [5, 4]},
								"west": {"uv": [6, 1], "uv_size": [1, 4]},
								"up": {"uv": [1, 0], "uv_size": [5, 1]},
								"down": {"uv": [6, 1], "uv_size": [5, -1]}
							}
						},
						{
							"origin": [-5.5, 5.72183, -6.5],
							"size": [4, 4.55635, 1],
							"uv": {
								"north": {"uv": [39, 31], "uv_size": [4, 4]},
								"east": {"uv": [38, 31], "uv_size": [1, 4]},
								"south": {"uv": [44, 31], "uv_size": [4, 4]},
								"west": {"uv": [43, 31], "uv_size": [1, 4]},
								"up": {"uv": [39, 30], "uv_size": [4, 1]},
								"down": {"uv": [43, 31], "uv_size": [4, -1]}
							}
						},
						{
							"origin": [-1.5, 6.5, -7],
							"size": [3, 3, 1],
							"uv": {
								"north": {"uv": [1, 11], "uv_size": [3, 3]},
								"east": {"uv": [0, 11], "uv_size": [1, 3]},
								"south": {"uv": [5, 11], "uv_size": [3, 3]},
								"west": {"uv": [4, 11], "uv_size": [1, 3]},
								"up": {"uv": [1, 10], "uv_size": [3, 1]},
								"down": {"uv": [4, 11], "uv_size": [3, -1]}
							}
						}
					]
				},
				{
					"name": "bone",
					"parent": "main",
					"pivot": [0, 0, 0],
					"cubes": [
						{
							"origin": [-8, 0, -6],
							"size": [16, 16, 14],
							"uv": {
								"north": {"uv": [14, 14], "uv_size": [16, 16]},
								"east": {"uv": [0, 14], "uv_size": [14, 16]},
								"south": {"uv": [44, 14], "uv_size": [16, 16]},
								"west": {"uv": [30, 14], "uv_size": [14, 16]},
								"up": {"uv": [14, 0], "uv_size": [16, 14]},
								"down": {"uv": [30, 14], "uv_size": [16, -14]}
							}
						},
						{
							"origin": [-8, 0, -8],
							"size": [16, 1, 2],
							"uv": {
								"north": {"uv": [2, 35], "uv_size": [16, 1]},
								"east": {"uv": [0, 35], "uv_size": [2, 1]},
								"south": {"uv": [20, 35], "uv_size": [16, 1]},
								"west": {"uv": [18, 35], "uv_size": [2, 1]},
								"up": {"uv": [2, 33], "uv_size": [16, 2]},
								"down": {"uv": [18, 35], "uv_size": [16, -2]}
							}
						},
						{
							"origin": [-8, 1, -8],
							"size": [1, 14, 2],
							"uv": {
								"north": {"uv": [2, 38], "uv_size": [1, 14]},
								"east": {"uv": [0, 38], "uv_size": [2, 14]},
								"south": {"uv": [5, 38], "uv_size": [1, 14]},
								"west": {"uv": [3, 38], "uv_size": [2, 14]},
								"up": {"uv": [2, 36], "uv_size": [1, 2]},
								"down": {"uv": [3, 38], "uv_size": [1, -2]}
							}
						},
						{
							"origin": [7, 1, -8],
							"size": [1, 14, 2],
							"uv": {
								"north": {"uv": [36, 36], "uv_size": [1, 14]},
								"east": {"uv": [34, 36], "uv_size": [2, 14]},
								"south": {"uv": [39, 36], "uv_size": [1, 14]},
								"west": {"uv": [37, 36], "uv_size": [2, 14]},
								"up": {"uv": [36, 34], "uv_size": [1, 2]},
								"down": {"uv": [37, 36], "uv_size": [1, -2]}
							}
						},
						{
							"origin": [-8, 15, -8],
							"size": [16, 1, 2],
							"uv": {
								"north": {"uv": [2, 32], "uv_size": [16, 1]},
								"east": {"uv": [0, 32], "uv_size": [2, 1]},
								"south": {"uv": [20, 32], "uv_size": [16, 1]},
								"west": {"uv": [18, 32], "uv_size": [2, 1]},
								"up": {"uv": [2, 30], "uv_size": [16, 2]},
								"down": {"uv": [18, 32], "uv_size": [16, -2]}
							}
						}
					]
				}
			]
		}
	]
}