{
	"format_version": "1.12.0",
	"minecraft:geometry": [
		{
			"description": {
				"identifier": "geometry.unknown",
				"texture_width": 32,
				"texture_height": 32,
				"visible_bounds_width": 3,
				"visible_bounds_height": 2.5,
				"visible_bounds_offset": [0, 0.75, 0]
			},
			"bones": [
				{
					"name": "bb_main",
					"pivot": [0, 0, 0],
					"cubes": [
						{
							"origin": [-8.25, 0, 1],
							"size": [16, 16.75, 0],
							"pivot": [0, 8, 1],
							"rotation": [22.5, -45, 0],
							"uv": {
								"north": {"uv": [0, 0], "uv_size": [16, 16]},
								"east": {"uv": [0, 0], "uv_size": [0, 16]},
								"south": {"uv": [16, 0], "uv_size": [16, 16]},
								"west": {"uv": [16, 0], "uv_size": [0, 16]},
								"up": {"uv": [0, 0], "uv_size": [16, 0]},
								"down": {"uv": [16, 0], "uv_size": [16, 0]}
							}
						}
					]
				}
			]
		}
	]
}