{
	"format_version": "1.12.0",
	"minecraft:geometry": [
		{
			"description": {
				"identifier": "geometry.stool_0",
				"texture_width": 64,
				"texture_height": 64,
				"visible_bounds_width": 3,
				"visible_bounds_height": 2.5,
				"visible_bounds_offset": [0, 0.75, 0]
			},
			"bones": [
				{
					"name": "bone3",
					"pivot": [-3.7, 0, -4.6],
					"cubes": [
						{"origin": [-4.7, 3, -2.6], "size": [1, 1, 5], "uv": [0, 28]},
						{"origin": [3.3, 3, -2.6], "size": [1, 1, 5], "uv": [24, 15]},
						{"origin": [-2.7, 3, 3.4], "size": [5, 1, 1], "uv": [7, 28]},
						{"origin": [-2.7, 3, -4.6], "size": [5, 1, 1], "uv": [24, 21]}
					]
				},
				{
					"name": "bone2",
					"parent": "bone3",
					"pivot": [-3.7, 0, -4.6],
					"cubes": [
						{"origin": [-5.7, 0, -5.6], "size": [3, 10, 3], "pivot": [-3.7, 0, -4.6], "rotation": [-2.5, 12.5, 0], "uv": [0, 0]},
						{"origin": [2.3, 0, -5.6], "size": [3, 10, 3], "pivot": [3.3, 0, -4.6], "rotation": [-2.5, -12.5, 0], "uv": [0, 15]}
					]
				},
				{
					"name": "bone",
					"parent": "bone3",
					"pivot": [0.3, 0, -0.6],
					"rotation": [0, 180, 0],
					"cubes": [
						{"origin": [-5.7, 10, -7.6], "size": [13, 2, 13], "uv": [0, 0]},
						{"origin": [-4.7, 0, -6.6], "size": [3, 10, 3], "pivot": [-2.7, 0, -5.6], "rotation": [-2.5, 12.5, 0], "uv": [24, 24]},
						{"origin": [3.3, 0, -6.6], "size": [3, 10, 3], "pivot": [4.3, 0, -5.6], "rotation": [-2.5, -12.5, 0], "uv": [12, 15]}
					]
				}
			]
		}
	]
}