{
	"format_version": "1.12.0",
	"minecraft:geometry": [
		{
			"description": {
				"identifier": "geometry.stop_sign_0",
				"texture_width": 64,
				"texture_height": 64,
				"visible_bounds_width": 3,
				"visible_bounds_height": 7,
				"visible_bounds_offset": [0, 0.5, 0]
			},
			"bones": [
				{
					"name": "octagon",
					"pivot": [8, 29, -9],
					"cubes": [
						{
							"origin": [-29.47666, 18.16295, -1],
							"size": [6.62742, 1, 0.5],
							"pivot": [0, 0, 0],
							"rotation": [0, 0, 45],
							"uv": {
								"north": {"uv": [8, 24], "uv_size": [6.5, 2]},
								"east": {"uv": [12, 29], "uv_size": [0.5, 2]},
								"south": {"uv": [15, 24], "uv_size": [6.5, 2]},
								"west": {"uv": [13, 29], "uv_size": [0.5, 2]},
								"up": {"uv": [26, 22], "uv_size": [6.5, 0.5]},
								"down": {"uv": [26, 23.5], "uv_size": [6.5, -0.5]}
							}
						},
						{
							"origin": [-3.31371, 29, -1],
							"size": [6.62742, 1, 0.5],
							"uv": {
								"north": {"uv": [22, 24], "uv_size": [6.5, 2]},
								"east": {"uv": [14, 29], "uv_size": [0.5, 2]},
								"south": {"uv": [26, 0], "uv_size": [6.5, 2]},
								"west": {"uv": [29, 24], "uv_size": [0.5, 2]},
								"up": {"uv": [27, 26], "uv_size": [6.5, 0.5]},
								"down": {"uv": [27, 27.5], "uv_size": [6.5, -0.5]}
							}
						},
						{
							"origin": [-7.31371, 30, -0.65],
							"size": [14.62742, 14, 0],
							"uv": {
								"north": {"uv": [0, 0], "uv_size": [12.5, 12]},
								"east": {"uv": [0, 0], "uv_size": [0, 12]},
								"south": {"uv": [0, 12], "uv_size": [12.5, 12]},
								"west": {"uv": [0, 0], "uv_size": [0, 12]},
								"up": {"uv": [0, 0], "uv_size": [12.5, 0]},
								"down": {"uv": [0, 0], "uv_size": [12.5, 0]}
							}
						},
						{
							"origin": [-7.31371, 30, -0.925],
							"size": [14.62742, 14, 0],
							"uv": {
								"north": {"uv": [13, 0], "uv_size": [12.5, 12]},
								"east": {"uv": [0, 0], "uv_size": [0, 12]},
								"south": {"uv": [13, 12], "uv_size": [12.5, 12]},
								"west": {"uv": [0, 0], "uv_size": [0, 12]},
								"up": {"uv": [0, 0], "uv_size": [12.5, 0]},
								"down": {"uv": [0, 0], "uv_size": [12.5, 0]}
							}
						},
						{
							"origin": [-29.47666, 33.16295, -1],
							"size": [6.62742, 1, 0.5],
							"pivot": [0, 0, 0],
							"rotation": [0, 0, 45],
							"uv": {
								"north": {"uv": [26, 2], "uv_size": [6.5, 2]},
								"east": {"uv": [29, 28], "uv_size": [0.5, 2]},
								"south": {"uv": [26, 4], "uv_size": [6.5, 2]},
								"west": {"uv": [30, 11], "uv_size": [0.5, 2]},
								"up": {"uv": [8, 28], "uv_size": [6.5, 0.5]},
								"down": {"uv": [28, 8.5], "uv_size": [6.5, -0.5]}
							}
						},
						{
							"origin": [-3.31371, 44, -1],
							"size": [6.62742, 1, 0.5],
							"uv": {
								"north": {"uv": [26, 6], "uv_size": [6.5, 2]},
								"east": {"uv": [30, 13], "uv_size": [0.5, 2]},
								"south": {"uv": [8, 26], "uv_size": [6.5, 2]},
								"west": {"uv": [30, 15], "uv_size": [0.5, 2]},
								"up": {"uv": [28, 9], "uv_size": [6.5, 0.5]},
								"down": {"uv": [28, 10.5], "uv_size": [6.5, -0.5]}
							}
						},
						{
							"origin": [-19.16295, 22.84924, -1],
							"size": [1, 6.62742, 0.5],
							"pivot": [0, 0, 0],
							"rotation": [0, 0, 45],
							"uv": {
								"north": {"uv": [26, 8], "uv_size": [2, 6.5]},
								"east": {"uv": [28, 11], "uv_size": [0.5, 6.5]},
								"south": {"uv": [15, 26], "uv_size": [2, 6.5]},
								"west": {"uv": [27, 28], "uv_size": [0.5, 6.5]},
								"up": {"uv": [30, 17], "uv_size": [2, 0.5]},
								"down": {"uv": [30, 18.5], "uv_size": [2, -0.5]}
							}
						},
						{
							"origin": [7, 33.68629, -1],
							"size": [1, 6.62742, 0.5],
							"uv": {
								"north": {"uv": [26, 15], "uv_size": [2, 6.5]},
								"east": {"uv": [28, 28], "uv_size": [0.5, 6.5]},
								"south": {"uv": [17, 26], "uv_size": [2, 6.5]},
								"west": {"uv": [8, 29], "uv_size": [0.5, 6.5]},
								"up": {"uv": [30, 19], "uv_size": [2, 0.5]},
								"down": {"uv": [30, 20.5], "uv_size": [2, -0.5]}
							}
						},
						{
							"origin": [-34.16295, 22.84924, -1],
							"size": [1, 6.62742, 0.5],
							"pivot": [0, 0, 0],
							"rotation": [0, 0, 45],
							"uv": {
								"north": {"uv": [19, 26], "uv_size": [2, 6.5]},
								"east": {"uv": [9, 29], "uv_size": [0.5, 6.5]},
								"south": {"uv": [21, 26], "uv_size": [2, 6.5]},
								"west": {"uv": [10, 29], "uv_size": [0.5, 6.5]},
								"up": {"uv": [30, 21], "uv_size": [2, 0.5]},
								"down": {"uv": [30, 24.5], "uv_size": [2, -0.5]}
							}
						},
						{
							"origin": [-8, 33.68629, -1],
							"size": [1, 6.62742, 0.5],
							"uv": {
								"north": {"uv": [23, 26], "uv_size": [2, 6.5]},
								"east": {"uv": [11, 29], "uv_size": [0.5, 6.5]},
								"south": {"uv": [25, 26], "uv_size": [2, 6.5]},
								"west": {"uv": [29, 11], "uv_size": [0.5, 6.5]},
								"up": {"uv": [30, 25], "uv_size": [2, 0.5]},
								"down": {"uv": [30, 28.5], "uv_size": [2, -0.5]}
							}
						}
					]
				},
				{
					"name": "bone",
					"parent": "octagon",
					"pivot": [0, 0, 0],
					"cubes": [
						{
							"origin": [-0.75, 0, -0.8],
							"size": [1.5, 39, 1.5],
							"uv": {
								"north": {"uv": [0, 24], "uv_size": [1.5, 39]},
								"east": {"uv": [2, 24], "uv_size": [1.5, 39]},
								"south": {"uv": [4, 24], "uv_size": [1.5, 39]},
								"west": {"uv": [6, 24], "uv_size": [1.5, 39]},
								"up": {"uv": [28, 18], "uv_size": [1.5, 1.5]},
								"down": {"uv": [28, 21.5], "uv_size": [1.5, -1.5]}
							}
						}
					]
				}
			]
		}
	]
}