{
	"format_version": "1.12.0",
	"minecraft:geometry": [
		{
			"description": {
				"identifier": "geometry.stove_1",
				"texture_width": 128,
				"texture_height": 128,
				"visible_bounds_width": 2,
				"visible_bounds_height": 2.5,
				"visible_bounds_offset": [0, 0.75, 0]
			},
			"bones": [
				{
					"name": "bone",
					"pivot": [0, 0, 0],
					"cubes": [
						{
							"origin": [-8, 13.7376, -8],
							"size": [16, 2.2896, 16],
							"uv": {
								"north": {"uv": [16, 34], "uv_size": [16, 2]},
								"east": {"uv": [0, 34], "uv_size": [16, 2]},
								"south": {"uv": [48, 34], "uv_size": [16, 2]},
								"west": {"uv": [32, 34], "uv_size": [16, 2]},
								"up": {"uv": [16, 18], "uv_size": [16, 16]},
								"down": {"uv": [32, 34], "uv_size": [16, -16]}
							}
						},
						{
							"origin": [-8, 0, -8],
							"size": [16, 2.2896, 16],
							"uv": {
								"north": {"uv": [16, 16], "uv_size": [16, 2]},
								"east": {"uv": [0, 16], "uv_size": [16, 2]},
								"south": {"uv": [48, 16], "uv_size": [16, 2]},
								"west": {"uv": [32, 16], "uv_size": [16, 2]},
								"up": {"uv": [16, 0], "uv_size": [16, 16]},
								"down": {"uv": [32, 16], "uv_size": [16, -16]}
							}
						},
						{
							"origin": [-8, 2.2896, -8],
							"size": [1, 11.448, 16],
							"uv": {
								"north": {"uv": [50, 63], "uv_size": [1, 10]},
								"east": {"uv": [34, 63], "uv_size": [16, 10]},
								"south": {"uv": [67, 63], "uv_size": [1, 10]},
								"west": {"uv": [51, 63], "uv_size": [16, 10]},
								"up": {"uv": [50, 47], "uv_size": [1, 16]},
								"down": {"uv": [51, 63], "uv_size": [1, -16]}
							}
						},
						{
							"origin": [7, 2.2896, -8],
							"size": [1, 11.448, 16],
							"uv": {
								"north": {"uv": [16, 63], "uv_size": [1, 10]},
								"east": {"uv": [0, 63], "uv_size": [16, 10]},
								"south": {"uv": [33, 63], "uv_size": [1, 10]},
								"west": {"uv": [17, 63], "uv_size": [16, 10]},
								"up": {"uv": [16, 47], "uv_size": [1, 16]},
								"down": {"uv": [17, 63], "uv_size": [1, -16]}
							}
						},
						{
							"origin": [-7, 2.2896, 7],
							"size": [14, 11.448, 1],
							"uv": {
								"north": {"uv": [19, 48], "uv_size": [14, 10]},
								"east": {"uv": [18, 48], "uv_size": [1, 10]},
								"south": {"uv": [34, 48], "uv_size": [14, 10]},
								"west": {"uv": [33, 48], "uv_size": [1, 10]},
								"up": {"uv": [19, 47], "uv_size": [14, 1]},
								"down": {"uv": [33, 48], "uv_size": [14, -1]}
							}
						},
						{
							"origin": [1.75, 15.4548, -5.5],
							"size": [4, 1.1448, 4],
							"uv": {
								"north": {"uv": [4, 22], "uv_size": [4, 1]},
								"east": {"uv": [0, 22], "uv_size": [4, 1]},
								"south": {"uv": [12, 22], "uv_size": [4, 1]},
								"west": {"uv": [8, 22], "uv_size": [4, 1]},
								"up": {"uv": [4, 18], "uv_size": [4, 4]},
								"down": {"uv": [8, 22], "uv_size": [4, -4]}
							}
						},
						{
							"origin": [1.5, 15.1686, -5.75],
							"size": [4.5, 1.1448, 4.5],
							"uv": {
								"north": {"uv": [4, 4], "uv_size": [4, 1]},
								"east": {"uv": [0, 4], "uv_size": [4, 1]},
								"south": {"uv": [12, 4], "uv_size": [4, 1]},
								"west": {"uv": [8, 4], "uv_size": [4, 1]},
								"up": {"uv": [4, 0], "uv_size": [4, 4]},
								"down": {"uv": [8, 4], "uv_size": [4, -4]}
							}
						},
						{
							"origin": [-5, 1.431, -5],
							"size": [3, 1.1448, 9],
							"uv": {
								"north": {"uv": [57, 27], "uv_size": [3, 1]},
								"east": {"uv": [48, 27], "uv_size": [9, 1]},
								"south": {"uv": [69, 27], "uv_size": [3, 1]},
								"west": {"uv": [60, 27], "uv_size": [9, 1]},
								"up": {"uv": [57, 18], "uv_size": [3, 9]},
								"down": {"uv": [60, 27], "uv_size": [3, -9]}
							}
						},
						{
							"origin": [2, 1.431, -5],
							"size": [3, 1.1448, 9],
							"uv": {
								"north": {"uv": [57, 9], "uv_size": [3, 1]},
								"east": {"uv": [48, 9], "uv_size": [9, 1]},
								"south": {"uv": [69, 9], "uv_size": [3, 1]},
								"west": {"uv": [60, 9], "uv_size": [9, 1]},
								"up": {"uv": [57, 0], "uv_size": [3, 9]},
								"down": {"uv": [60, 9], "uv_size": [3, -9]}
							}
						},
						{
							"origin": [-7, 4.5792, -6],
							"size": [15, 0, 11],
							"uv": {
								"north": {"uv": [41, 47], "uv_size": [15, 0]},
								"east": {"uv": [30, 47], "uv_size": [11, 0]},
								"south": {"uv": [67, 47], "uv_size": [15, 0]},
								"west": {"uv": [56, 47], "uv_size": [11, 0]},
								"up": {"uv": [41, 36], "uv_size": [15, 11]},
								"down": {"uv": [56, 47], "uv_size": [15, -11]}
							}
						},
						{
							"origin": [-7, 9.1584, -6],
							"size": [15, 0, 11],
							"uv": {
								"north": {"uv": [11, 47], "uv_size": [15, 0]},
								"east": {"uv": [0, 47], "uv_size": [11, 0]},
								"south": {"uv": [37, 47], "uv_size": [15, 0]},
								"west": {"uv": [26, 47], "uv_size": [11, 0]},
								"up": {"uv": [11, 36], "uv_size": [15, 11]},
								"down": {"uv": [26, 47], "uv_size": [15, -11]}
							}
						},
						{
							"origin": [2.96703, 4.58995, -4.5],
							"size": [0, 1.1448, 8],
							"pivot": [0, 0, 0],
							"rotation": [0, 0, 32.5],
							"uv": {
								"north": {"uv": [8, 11], "uv_size": [0, 1]},
								"east": {"uv": [0, 11], "uv_size": [8, 1]},
								"south": {"uv": [16, 11], "uv_size": [0, 1]},
								"west": {"uv": [8, 11], "uv_size": [8, 1]},
								"up": {"uv": [8, 3], "uv_size": [0, 8]},
								"down": {"uv": [8, 11], "uv_size": [0, -8]}
							}
						},
						{
							"origin": [-2.93671, 0.28424, -4.5],
							"size": [0, 1.1448, 8],
							"pivot": [0, 0, 0],
							"rotation": [0, 0, 32.5],
							"uv": {
								"north": {"uv": [8, 10], "uv_size": [0, 1]},
								"east": {"uv": [0, 10], "uv_size": [8, 1]},
								"south": {"uv": [16, 10], "uv_size": [0, 1]},
								"west": {"uv": [8, 10], "uv_size": [8, 1]},
								"up": {"uv": [8, 2], "uv_size": [0, 8]},
								"down": {"uv": [8, 10], "uv_size": [0, -8]}
							}
						},
						{
							"origin": [-3.06107, 4.65999, -4.5],
							"size": [0, 1.1448, 8],
							"pivot": [0, 0, 0],
							"rotation": [0, 0, -32.5],
							"uv": {
								"north": {"uv": [8, 9], "uv_size": [0, 1]},
								"east": {"uv": [0, 9], "uv_size": [8, 1]},
								"south": {"uv": [16, 9], "uv_size": [0, 1]},
								"west": {"uv": [8, 9], "uv_size": [8, 1]},
								"up": {"uv": [8, 1], "uv_size": [0, 8]},
								"down": {"uv": [8, 9], "uv_size": [0, -8]}
							}
						},
						{
							"origin": [2.84267, 0.35428, -4.5],
							"size": [0, 1.1448, 8],
							"pivot": [0, 0, 0],
							"rotation": [0, 0, -32.5],
							"uv": {
								"north": {"uv": [8, 8], "uv_size": [0, 1]},
								"east": {"uv": [0, 8], "uv_size": [8, 1]},
								"south": {"uv": [16, 8], "uv_size": [0, 1]},
								"west": {"uv": [8, 8], "uv_size": [8, 1]},
								"up": {"uv": [8, 0], "uv_size": [0, 8]},
								"down": {"uv": [8, 8], "uv_size": [0, -8]}
							}
						},
						{
							"origin": [-6, 14.0238, -8.25],
							"size": [1.5, 1.7172, 1],
							"uv": {
								"north": {"uv": [5, 7], "uv_size": [1, 1]},
								"east": {"uv": [4, 7], "uv_size": [1, 1]},
								"south": {"uv": [7, 7], "uv_size": [1, 1]},
								"west": {"uv": [6, 7], "uv_size": [1, 1]},
								"up": {"uv": [5, 6], "uv_size": [1, 1]},
								"down": {"uv": [6, 7], "uv_size": [1, -1]}
							}
						},
						{
							"origin": [-3, 14.0238, -8.25],
							"size": [1.5, 1.7172, 1],
							"uv": {
								"north": {"uv": [1, 3], "uv_size": [1, 1]},
								"east": {"uv": [0, 3], "uv_size": [1, 1]},
								"south": {"uv": [3, 3], "uv_size": [1, 1]},
								"west": {"uv": [2, 3], "uv_size": [1, 1]},
								"up": {"uv": [1, 2], "uv_size": [1, 1]},
								"down": {"uv": [2, 3], "uv_size": [1, -1]}
							}
						},
						{
							"origin": [1.5, 14.0238, -8.25],
							"size": [1.5, 1.7172, 1],
							"uv": {
								"north": {"uv": [1, 1], "uv_size": [1, 1]},
								"east": {"uv": [0, 1], "uv_size": [1, 1]},
								"south": {"uv": [3, 1], "uv_size": [1, 1]},
								"west": {"uv": [2, 1], "uv_size": [1, 1]},
								"up": {"uv": [1, 0], "uv_size": [1, 1]},
								"down": {"uv": [2, 1], "uv_size": [1, -1]}
							}
						},
						{
							"origin": [4.5, 14.0238, -8.25],
							"size": [1.5, 1.7172, 1],
							"uv": {
								"north": {"uv": [1, 7], "uv_size": [1, 1]},
								"east": {"uv": [0, 7], "uv_size": [1, 1]},
								"south": {"uv": [3, 7], "uv_size": [1, 1]},
								"west": {"uv": [2, 7], "uv_size": [1, 1]},
								"up": {"uv": [1, 6], "uv_size": [1, 1]},
								"down": {"uv": [2, 7], "uv_size": [1, -1]}
							}
						}
					]
				},
				{
					"name": "bone2",
					"parent": "bone",
					"pivot": [0, 3.4344, -10.3032],
					"cubes": [
						{
							"origin": [-6, 3.4344, -8],
							"size": [12, 9.1584, 0],
							"uv": {
								"north": {"uv": [52, 52], "uv_size": [12, 8]},
								"east": {"uv": [52, 52], "uv_size": [0, 8]},
								"south": {"uv": [64, 52], "uv_size": [12, 8]},
								"west": {"uv": [64, 52], "uv_size": [0, 8]},
								"up": {"uv": [52, 52], "uv_size": [12, 0]},
								"down": {"uv": [64, 52], "uv_size": [12, 0]}
							}
						},
						{
							"origin": [-7, 2.2896, -8.5],
							"size": [14, 1.1448, 1],
							"uv": {
								"north": {"uv": [49, 11], "uv_size": [14, 1]},
								"east": {"uv": [48, 11], "uv_size": [1, 1]},
								"south": {"uv": [64, 11], "uv_size": [14, 1]},
								"west": {"uv": [63, 11], "uv_size": [1, 1]},
								"up": {"uv": [49, 10], "uv_size": [14, 1]},
								"down": {"uv": [63, 11], "uv_size": [14, -1]}
							}
						},
						{
							"origin": [6, 3.4344, -8.5],
							"size": [1, 9.1584, 1],
							"uv": {
								"north": {"uv": [13, 24], "uv_size": [1, 8]},
								"east": {"uv": [12, 24], "uv_size": [1, 8]},
								"south": {"uv": [15, 24], "uv_size": [1, 8]},
								"west": {"uv": [14, 24], "uv_size": [1, 8]},
								"up": {"uv": [13, 23], "uv_size": [1, 1]},
								"down": {"uv": [14, 24], "uv_size": [1, -1]}
							}
						},
						{
							"origin": [-7, 12.5928, -8.5],
							"size": [14, 1.1448, 1],
							"uv": {
								"north": {"uv": [49, 13], "uv_size": [14, 1]},
								"east": {"uv": [48, 13], "uv_size": [1, 1]},
								"south": {"uv": [64, 13], "uv_size": [14, 1]},
								"west": {"uv": [63, 13], "uv_size": [1, 1]},
								"up": {"uv": [49, 12], "uv_size": [14, 1]},
								"down": {"uv": [63, 13], "uv_size": [14, -1]}
							}
						},
						{
							"origin": [-7, 3.4344, -8.5],
							"size": [1, 9.1584, 1],
							"uv": {
								"north": {"uv": [13, 48], "uv_size": [1, 8]},
								"east": {"uv": [12, 48], "uv_size": [1, 8]},
								"south": {"uv": [15, 48], "uv_size": [1, 8]},
								"west": {"uv": [14, 48], "uv_size": [1, 8]},
								"up": {"uv": [13, 47], "uv_size": [1, 1]},
								"down": {"uv": [14, 48], "uv_size": [1, -1]}
							}
						},
						{
							"origin": [-2, 15.59736, -4.7166],
							"size": [4, 0, 1],
							"pivot": [0, 0, 0],
							"rotation": [20, 0, 0],
							"uv": {
								"north": {"uv": [1, 6], "uv_size": [4, 0]},
								"east": {"uv": [0, 6], "uv_size": [1, 0]},
								"south": {"uv": [6, 6], "uv_size": [4, 0]},
								"west": {"uv": [5, 6], "uv_size": [1, 0]},
								"up": {"uv": [1, 5], "uv_size": [4, 1]},
								"down": {"uv": [5, 6], "uv_size": [4, -1]}
							}
						}
					]
				},
				{
					"name": "bone6",
					"parent": "bone",
					"pivot": [0, 0, 0],
					"cubes": [
						{
							"origin": [-5, 4.5792, -4],
							"size": [9, 4.5792, 0],
							"uv": {
								"north": {"uv": [52, 47], "uv_size": [9, 4]},
								"east": {"uv": [52, 47], "uv_size": [0, 4]},
								"south": {"uv": [61, 47], "uv_size": [9, 4]},
								"west": {"uv": [61, 47], "uv_size": [0, 4]},
								"up": {"uv": [52, 47], "uv_size": [9, 0]},
								"down": {"uv": [61, 47], "uv_size": [9, 0]}
							}
						},
						{
							"origin": [-5, 9.1584, -3],
							"size": [9, 4.5792, 0],
							"uv": {
								"north": {"uv": [48, 28], "uv_size": [9, 4]},
								"east": {"uv": [48, 28], "uv_size": [0, 4]},
								"south": {"uv": [57, 28], "uv_size": [9, 4]},
								"west": {"uv": [57, 28], "uv_size": [0, 4]},
								"up": {"uv": [48, 28], "uv_size": [9, 0]},
								"down": {"uv": [57, 28], "uv_size": [9, 0]}
							}
						}
					]
				},
				{
					"name": "bone3",
					"parent": "bone",
					"pivot": [0, 0, 0],
					"cubes": [
						{
							"origin": [-5.25, 15.4548, -5],
							"size": [3, 1.1448, 3],
							"uv": {
								"north": {"uv": [3, 55], "uv_size": [3, 1]},
								"east": {"uv": [0, 55], "uv_size": [3, 1]},
								"south": {"uv": [9, 55], "uv_size": [3, 1]},
								"west": {"uv": [6, 55], "uv_size": [3, 1]},
								"up": {"uv": [3, 52], "uv_size": [3, 3]},
								"down": {"uv": [6, 55], "uv_size": [3, -3]}
							}
						},
						{
							"origin": [-5.5, 15.1686, -5.25],
							"size": [3.5, 1.1448, 3.5],
							"uv": {
								"north": {"uv": [3, 30], "uv_size": [3, 1]},
								"east": {"uv": [0, 30], "uv_size": [3, 1]},
								"south": {"uv": [9, 30], "uv_size": [3, 1]},
								"west": {"uv": [6, 30], "uv_size": [3, 1]},
								"up": {"uv": [3, 27], "uv_size": [3, 3]},
								"down": {"uv": [6, 30], "uv_size": [3, -3]}
							}
						},
						{
							"origin": [-2.75, 15.741, -3.5],
							"size": [1, 1.1448, 0],
							"uv": {
								"north": {"uv": [12, 3], "uv_size": [1, 1]},
								"east": {"uv": [12, 3], "uv_size": [0, 1]},
								"south": {"uv": [13, 3], "uv_size": [1, 1]},
								"west": {"uv": [13, 3], "uv_size": [0, 1]},
								"up": {"uv": [12, 3], "uv_size": [1, 0]},
								"down": {"uv": [13, 3], "uv_size": [1, 0]}
							}
						},
						{
							"origin": [-5.75, 15.741, -3.5],
							"size": [1, 1.1448, 0],
							"uv": {
								"north": {"uv": [12, 7], "uv_size": [1, 1]},
								"east": {"uv": [12, 7], "uv_size": [0, 1]},
								"south": {"uv": [13, 7], "uv_size": [1, 1]},
								"west": {"uv": [13, 7], "uv_size": [0, 1]},
								"up": {"uv": [12, 7], "uv_size": [1, 0]},
								"down": {"uv": [13, 7], "uv_size": [1, 0]}
							}
						},
						{
							"origin": [-3.75, 15.741, -2.5],
							"size": [0, 1.1448, 1],
							"uv": {
								"north": {"uv": [1, 12], "uv_size": [0, 1]},
								"east": {"uv": [0, 12], "uv_size": [1, 1]},
								"south": {"uv": [2, 12], "uv_size": [0, 1]},
								"west": {"uv": [1, 12], "uv_size": [1, 1]},
								"up": {"uv": [1, 11], "uv_size": [0, 1]},
								"down": {"uv": [1, 12], "uv_size": [0, -1]}
							}
						},
						{
							"origin": [-3.75, 15.741, -5.5],
							"size": [0, 1.1448, 1],
							"uv": {
								"north": {"uv": [10, 12], "uv_size": [0, 1]},
								"east": {"uv": [9, 12], "uv_size": [1, 1]},
								"south": {"uv": [11, 12], "uv_size": [0, 1]},
								"west": {"uv": [10, 12], "uv_size": [1, 1]},
								"up": {"uv": [10, 11], "uv_size": [0, 1]},
								"down": {"uv": [10, 12], "uv_size": [0, -1]}
							}
						}
					]
				},
				{
					"name": "bone4",
					"parent": "bone",
					"pivot": [0, 0, 0],
					"cubes": [
						{
							"origin": [-5.25, 15.4548, 2],
							"size": [3, 1.1448, 3],
							"uv": {
								"north": {"uv": [3, 51], "uv_size": [3, 1]},
								"east": {"uv": [0, 51], "uv_size": [3, 1]},
								"south": {"uv": [9, 51], "uv_size": [3, 1]},
								"west": {"uv": [6, 51], "uv_size": [3, 1]},
								"up": {"uv": [3, 48], "uv_size": [3, 3]},
								"down": {"uv": [6, 51], "uv_size": [3, -3]}
							}
						},
						{
							"origin": [-2.75, 15.741, 3.5],
							"size": [1, 1.1448, 0],
							"uv": {
								"north": {"uv": [12, 2], "uv_size": [1, 1]},
								"east": {"uv": [12, 2], "uv_size": [0, 1]},
								"south": {"uv": [13, 2], "uv_size": [1, 1]},
								"west": {"uv": [13, 2], "uv_size": [0, 1]},
								"up": {"uv": [12, 2], "uv_size": [1, 0]},
								"down": {"uv": [13, 2], "uv_size": [1, 0]}
							}
						},
						{
							"origin": [-5.75, 15.741, 3.5],
							"size": [1, 1.1448, 0],
							"uv": {
								"north": {"uv": [12, 1], "uv_size": [1, 1]},
								"east": {"uv": [12, 1], "uv_size": [0, 1]},
								"south": {"uv": [13, 1], "uv_size": [1, 1]},
								"west": {"uv": [13, 1], "uv_size": [0, 1]},
								"up": {"uv": [12, 1], "uv_size": [1, 0]},
								"down": {"uv": [13, 1], "uv_size": [1, 0]}
							}
						},
						{
							"origin": [-3.75, 15.741, 1.5],
							"size": [0, 1.1448, 1],
							"uv": {
								"north": {"uv": [11, 7], "uv_size": [0, 1]},
								"east": {"uv": [10, 7], "uv_size": [1, 1]},
								"south": {"uv": [12, 7], "uv_size": [0, 1]},
								"west": {"uv": [11, 7], "uv_size": [1, 1]},
								"up": {"uv": [11, 6], "uv_size": [0, 1]},
								"down": {"uv": [11, 7], "uv_size": [0, -1]}
							}
						},
						{
							"origin": [-3.75, 15.741, 4.5],
							"size": [0, 1.1448, 1],
							"uv": {
								"north": {"uv": [10, 6], "uv_size": [0, 1]},
								"east": {"uv": [9, 6], "uv_size": [1, 1]},
								"south": {"uv": [11, 6], "uv_size": [0, 1]},
								"west": {"uv": [10, 6], "uv_size": [1, 1]},
								"up": {"uv": [10, 5], "uv_size": [0, 1]},
								"down": {"uv": [10, 6], "uv_size": [0, -1]}
							}
						},
						{
							"origin": [-5.5, 15.1686, 1.75],
							"size": [3.5, 1.1448, 3.5],
							"uv": {
								"north": {"uv": [3, 26], "uv_size": [3, 1]},
								"east": {"uv": [0, 26], "uv_size": [3, 1]},
								"south": {"uv": [9, 26], "uv_size": [3, 1]},
								"west": {"uv": [6, 26], "uv_size": [3, 1]},
								"up": {"uv": [3, 23], "uv_size": [3, 3]},
								"down": {"uv": [6, 26], "uv_size": [3, -3]}
							}
						}
					]
				},
				{
					"name": "bone5",
					"parent": "bone",
					"pivot": [0, 0, 0],
					"cubes": [
						{
							"origin": [2.25, 15.4548, 2],
							"size": [3, 1.1448, 3],
							"uv": {
								"north": {"uv": [3, 47], "uv_size": [3, 1]},
								"east": {"uv": [0, 47], "uv_size": [3, 1]},
								"south": {"uv": [9, 47], "uv_size": [3, 1]},
								"west": {"uv": [6, 47], "uv_size": [3, 1]},
								"up": {"uv": [3, 44], "uv_size": [3, 3]},
								"down": {"uv": [6, 47], "uv_size": [3, -3]}
							}
						},
						{
							"origin": [2, 15.1686, 1.75],
							"size": [3.5, 1.1448, 3.5],
							"uv": {
								"north": {"uv": [3, 15], "uv_size": [3, 1]},
								"east": {"uv": [0, 15], "uv_size": [3, 1]},
								"south": {"uv": [9, 15], "uv_size": [3, 1]},
								"west": {"uv": [6, 15], "uv_size": [3, 1]},
								"up": {"uv": [3, 12], "uv_size": [3, 3]},
								"down": {"uv": [6, 15], "uv_size": [3, -3]}
							}
						},
						{
							"origin": [1.75, 15.741, 3.5],
							"size": [1, 1.1448, 0],
							"uv": {
								"north": {"uv": [12, 0], "uv_size": [1, 1]},
								"east": {"uv": [12, 0], "uv_size": [0, 1]},
								"south": {"uv": [13, 0], "uv_size": [1, 1]},
								"west": {"uv": [13, 0], "uv_size": [0, 1]},
								"up": {"uv": [12, 0], "uv_size": [1, 0]},
								"down": {"uv": [13, 0], "uv_size": [1, 0]}
							}
						},
						{
							"origin": [1.25, 15.741, -3.5],
							"size": [1, 1.1448, 0],
							"uv": {
								"north": {"uv": [11, 6], "uv_size": [1, 1]},
								"east": {"uv": [11, 6], "uv_size": [0, 1]},
								"south": {"uv": [12, 6], "uv_size": [1, 1]},
								"west": {"uv": [12, 6], "uv_size": [0, 1]},
								"up": {"uv": [11, 6], "uv_size": [1, 0]},
								"down": {"uv": [12, 6], "uv_size": [1, 0]}
							}
						},
						{
							"origin": [5.25, 15.741, -3.5],
							"size": [1, 1.1448, 0],
							"uv": {
								"north": {"uv": [11, 5], "uv_size": [1, 1]},
								"east": {"uv": [11, 5], "uv_size": [0, 1]},
								"south": {"uv": [12, 5], "uv_size": [1, 1]},
								"west": {"uv": [12, 5], "uv_size": [0, 1]},
								"up": {"uv": [11, 5], "uv_size": [1, 0]},
								"down": {"uv": [12, 5], "uv_size": [1, 0]}
							}
						},
						{
							"origin": [4.75, 15.741, 3.5],
							"size": [1, 1.1448, 0],
							"uv": {
								"north": {"uv": [11, 12], "uv_size": [1, 1]},
								"east": {"uv": [11, 12], "uv_size": [0, 1]},
								"south": {"uv": [12, 12], "uv_size": [1, 1]},
								"west": {"uv": [12, 12], "uv_size": [0, 1]},
								"up": {"uv": [11, 12], "uv_size": [1, 0]},
								"down": {"uv": [12, 12], "uv_size": [1, 0]}
							}
						},
						{
							"origin": [3.75, 15.741, 1.5],
							"size": [0, 1.1448, 1],
							"uv": {
								"north": {"uv": [10, 5], "uv_size": [0, 1]},
								"east": {"uv": [9, 5], "uv_size": [1, 1]},
								"south": {"uv": [11, 5], "uv_size": [0, 1]},
								"west": {"uv": [10, 5], "uv_size": [1, 1]},
								"up": {"uv": [10, 4], "uv_size": [0, 1]},
								"down": {"uv": [10, 5], "uv_size": [0, -1]}
							}
						},
						{
							"origin": [3.75, 15.741, -6],
							"size": [0, 1.1448, 1],
							"uv": {
								"north": {"uv": [8, 6], "uv_size": [0, 1]},
								"east": {"uv": [7, 6], "uv_size": [1, 1]},
								"south": {"uv": [9, 6], "uv_size": [0, 1]},
								"west": {"uv": [8, 6], "uv_size": [1, 1]},
								"up": {"uv": [8, 5], "uv_size": [0, 1]},
								"down": {"uv": [8, 6], "uv_size": [0, -1]}
							}
						},
						{
							"origin": [3.75, 15.741, -2],
							"size": [0, 1.1448, 1],
							"uv": {
								"north": {"uv": [4, 6], "uv_size": [0, 1]},
								"east": {"uv": [3, 6], "uv_size": [1, 1]},
								"south": {"uv": [5, 6], "uv_size": [0, 1]},
								"west": {"uv": [4, 6], "uv_size": [1, 1]},
								"up": {"uv": [4, 5], "uv_size": [0, 1]},
								"down": {"uv": [4, 6], "uv_size": [0, -1]}
							}
						},
						{
							"origin": [3.75, 15.741, 4.5],
							"size": [0, 1.1448, 1],
							"uv": {
								"north": {"uv": [9, 7], "uv_size": [0, 1]},
								"east": {"uv": [8, 7], "uv_size": [1, 1]},
								"south": {"uv": [10, 7], "uv_size": [0, 1]},
								"west": {"uv": [9, 7], "uv_size": [1, 1]},
								"up": {"uv": [9, 6], "uv_size": [0, 1]},
								"down": {"uv": [9, 7], "uv_size": [0, -1]}
							}
						}
					]
				}
			]
		}
	]
}