{
	"format_version": "1.12.0",
	"minecraft:geometry": [
		{
			"description": {
				"identifier": "geometry.stove_0",
				"texture_width": 64,
				"texture_height": 64,
				"visible_bounds_width": 2,
				"visible_bounds_height": 2.5,
				"visible_bounds_offset": [0, 0.75, 0]
			},
			"bones": [
				{
					"name": "bone",
					"pivot": [0, 0, 0],
					"cubes": [
						{"origin": [-8, 0, -8], "size": [16, 16, 16], "uv": [0, 0]},
						{"origin": [-8, 16, 6], "size": [16, 3, 2], "uv": [0, 32]},
						{"origin": [-6, 16, 0], "size": [4, 1, 4], "uv": [0, 37]},
						{"origin": [2, 16, 0], "size": [4, 1, 4], "uv": [0, 10]},
						{"origin": [2, 16, -7], "size": [4, 1, 4], "uv": [0, 5]},
						{"origin": [-6, 16, -7], "size": [4, 1, 4], "uv": [0, 0]},
						{"origin": [-6, 2, -9], "size": [12, 9, 1], "uv": [35, 36]},
						{"origin": [-6, 13, -9], "size": [2, 2, 1], "uv": [29, 39]},
						{"origin": [-3, 13, -9], "size": [2, 2, 1], "uv": [24, 37]},
						{"origin": [1, 13, -9], "size": [2, 2, 1], "uv": [18, 37]},
						{"origin": [4, 13, -9], "size": [2, 2, 1], "uv": [12, 37]},
						{"origin": [-2, 10, -10], "size": [4, 1, 1], "uv": [34, 32]}
					]
				}
			]
		}
	]
}