{
	"format_version": "1.12.0",
	"minecraft:geometry": [
		{
			"description": {
				"identifier": "geometry.tall_lamp_0",
				"texture_width": 64,
				"texture_height": 64,
				"visible_bounds_width": 2,
				"visible_bounds_height": 3.5,
				"visible_bounds_offset": [0, 1.25, 0]
			},
			"bones": [
				{
					"name": "bone",
					"pivot": [0, 0, 0],
					"cubes": [
						{"origin": [-3.5, 0, -3.5], "size": [7, 1, 7], "uv": [0, 0]},
						{"origin": [-1, 29.25, -1], "size": [2, 2, 2], "uv": [13, 8]},
						{"origin": [3.5, 28, -3.5], "size": [1, 8, 7], "uv": [4, 24]},
						{"origin": [2.5, 28, -3.5], "size": [1, 8, 7], "pivot": [-0.5, 28, 0.5], "rotation": [0, -90, 0], "uv": [13, 16]},
						{"origin": [2.5, 28, -11.5], "size": [1, 8, 7], "pivot": [-0.5, 28, -7.5], "rotation": [0, -90, 0], "uv": [4, 8]},
						{"origin": [-4.5, 28, -3.5], "size": [1, 8, 7], "uv": [21, 1]},
						{"origin": [-0.5, 1, -0.5], "size": [1, 28.5, 1], "uv": [0, 8]},
						{"origin": [-3.5, 28, 0], "size": [3, 1, 0], "uv": [0, 0]},
						{"origin": [-0.37868, 28, -2.62132], "size": [4.25, 1, 0], "pivot": [2.62132, 28, -2.62132], "rotation": [0, 45, 0], "uv": [13, 13]},
						{"origin": [-0.37868, 28, 2.62132], "size": [4.25, 1, 0], "pivot": [2.62132, 28, 2.62132], "rotation": [0, -45, 0], "uv": [3, 8]}
					]
				}
			]
		}
	]
}