{
	"format_version": "1.12.0",
	"minecraft:geometry": [
		{
			"description": {
				"identifier": "geometry.toilet_0",
				"texture_width": 128,
				"texture_height": 128,
				"visible_bounds_width": 3,
				"visible_bounds_height": 2.5,
				"visible_bounds_offset": [0, 0.75, 0]
			},
			"bones": [
				{
					"name": "bone",
					"pivot": [0, 1, 0],
					"cubes": [
						{
							"origin": [-4, 0, -1],
							"size": [8, 5, 7],
							"uv": {
								"north": {"uv": [38, 38], "uv_size": [8, 5]},
								"east": {"uv": [31, 38], "uv_size": [7, 5]},
								"south": {"uv": [53, 38], "uv_size": [8, 5]},
								"west": {"uv": [46, 38], "uv_size": [7, 5]},
								"up": {"uv": [38, 31], "uv_size": [8, 7]},
								"down": {"uv": [46, 38], "uv_size": [8, -7]}
							}
						},
						{
							"origin": [-5, 5, -6],
							"size": [10, 1, 11],
							"uv": {
								"north": {"uv": [11, 11], "uv_size": [10, 1]},
								"east": {"uv": [0, 11], "uv_size": [11, 1]},
								"south": {"uv": [32, 11], "uv_size": [10, 1]},
								"west": {"uv": [21, 11], "uv_size": [11, 1]},
								"up": {"uv": [11, 0], "uv_size": [10, 11]},
								"down": {"uv": [21, 11], "uv_size": [10, -11]}
							}
						},
						{
							"origin": [2.96593, 5.04061, -6],
							"size": [3, 1, 11],
							"pivot": [0, 0, 0],
							"rotation": [0, 0, -10],
							"uv": {
								"north": {"uv": [43, 26], "uv_size": [3, 1]},
								"east": {"uv": [32, 26], "uv_size": [11, 1]},
								"south": {"uv": [57, 26], "uv_size": [3, 1]},
								"west": {"uv": [46, 26], "uv_size": [11, 1]},
								"up": {"uv": [43, 15], "uv_size": [3, 11]},
								"down": {"uv": [46, 26], "uv_size": [3, -11]}
							}
						},
						{
							"origin": [-5.96593, 5.04061, -6],
							"size": [3, 1, 11],
							"pivot": [0, 0, 0],
							"rotation": [0, 0, 10],
							"uv": {
								"north": {"uv": [42, 12], "uv_size": [3, 1]},
								"east": {"uv": [31, 12], "uv_size": [11, 1]},
								"south": {"uv": [56, 12], "uv_size": [3, 1]},
								"west": {"uv": [45, 12], "uv_size": [11, 1]},
								"up": {"uv": [42, 1], "uv_size": [3, 11]},
								"down": {"uv": [45, 12], "uv_size": [3, -11]}
							}
						},
						{
							"origin": [-4, 5.45423, -6.5001],
							"size": [8, 1, 6],
							"pivot": [0, 0, 0],
							"rotation": [-5, 0, 0],
							"uv": {
								"north": {"uv": [6, 39], "uv_size": [8, 1]},
								"east": {"uv": [0, 39], "uv_size": [6, 1]},
								"south": {"uv": [20, 39], "uv_size": [8, 1]},
								"west": {"uv": [14, 39], "uv_size": [6, 1]},
								"up": {"uv": [6, 33], "uv_size": [8, 6]},
								"down": {"uv": [14, 39], "uv_size": [8, -6]}
							}
						},
						{
							"origin": [-6, 6, -6],
							"size": [2, 3, 10],
							"uv": {
								"north": {"uv": [10, 50], "uv_size": [2, 3]},
								"east": {"uv": [0, 50], "uv_size": [10, 3]},
								"south": {"uv": [22, 50], "uv_size": [2, 3]},
								"west": {"uv": [12, 50], "uv_size": [10, 3]},
								"up": {"uv": [10, 40], "uv_size": [2, 10]},
								"down": {"uv": [12, 50], "uv_size": [2, -10]}
							}
						},
						{
							"origin": [4, 6, -6],
							"size": [2, 3, 10],
							"uv": {
								"north": {"uv": [28, 43], "uv_size": [2, 3]},
								"east": {"uv": [18, 43], "uv_size": [10, 3]},
								"south": {"uv": [40, 43], "uv_size": [2, 3]},
								"west": {"uv": [30, 43], "uv_size": [10, 3]},
								"up": {"uv": [28, 33], "uv_size": [2, 10]},
								"down": {"uv": [30, 43], "uv_size": [2, -10]}
							}
						},
						{
							"origin": [-5, 6, -7],
							"size": [10, 3, 2],
							"uv": {
								"north": {"uv": [34, 29], "uv_size": [10, 3]},
								"east": {"uv": [32, 29], "uv_size": [2, 3]},
								"south": {"uv": [46, 29], "uv_size": [10, 3]},
								"west": {"uv": [44, 29], "uv_size": [2, 3]},
								"up": {"uv": [34, 27], "uv_size": [10, 2]},
								"down": {"uv": [44, 29], "uv_size": [10, -2]}
							}
						},
						{
							"origin": [-6, 5, 4],
							"size": [12, 9, 5],
							"uv": {
								"north": {"uv": [5, 17], "uv_size": [12, 9]},
								"east": {"uv": [0, 17], "uv_size": [5, 9]},
								"south": {"uv": [22, 17], "uv_size": [12, 9]},
								"west": {"uv": [17, 17], "uv_size": [5, 9]},
								"up": {"uv": [5, 12], "uv_size": [12, 5]},
								"down": {"uv": [17, 17], "uv_size": [12, -5]}
							}
						},
						{
							"origin": [-4, 0.86065, -6.50133],
							"size": [8, 2, 5],
							"pivot": [0, 0, 0],
							"rotation": [-42.5, 0, 0],
							"uv": {
								"north": {"uv": [53, 5], "uv_size": [8, 2]},
								"east": {"uv": [48, 5], "uv_size": [5, 2]},
								"south": {"uv": [66, 5], "uv_size": [8, 2]},
								"west": {"uv": [61, 5], "uv_size": [5, 2]},
								"up": {"uv": [53, 0], "uv_size": [8, 5]},
								"down": {"uv": [61, 5], "uv_size": [8, -5]}
							}
						},
						{
							"origin": [-6.5, 14, 3.5],
							"size": [13, 1, 6],
							"uv": {
								"north": {"uv": [6, 32], "uv_size": [13, 1]},
								"east": {"uv": [0, 32], "uv_size": [6, 1]},
								"south": {"uv": [25, 32], "uv_size": [13, 1]},
								"west": {"uv": [19, 32], "uv_size": [6, 1]},
								"up": {"uv": [6, 26], "uv_size": [13, 6]},
								"down": {"uv": [19, 32], "uv_size": [13, -6]}
							}
						},
						{
							"origin": [-1, 14.5, 5],
							"size": [2, 1, 2],
							"uv": {
								"north": {"uv": [2, 2], "uv_size": [2, 1]},
								"east": {"uv": [0, 2], "uv_size": [2, 1]},
								"south": {"uv": [6, 2], "uv_size": [2, 1]},
								"west": {"uv": [4, 2], "uv_size": [2, 1]},
								"up": {"uv": [2, 0], "uv_size": [2, 2]},
								"down": {"uv": [4, 2], "uv_size": [2, -2]}
							}
						},
						{
							"origin": [-5, -0.70711, -9.19239],
							"size": [10, 1, 1.5],
							"pivot": [0, 0, 0],
							"rotation": [-45, 0, 0],
							"uv": {
								"north": {"uv": [30, 14], "uv_size": [10, 1]},
								"east": {"uv": [29, 14], "uv_size": [1, 1]},
								"south": {"uv": [41, 14], "uv_size": [10, 1]},
								"west": {"uv": [40, 14], "uv_size": [1, 1]},
								"up": {"uv": [30, 13], "uv_size": [10, 1]},
								"down": {"uv": [40, 14], "uv_size": [10, -1]}
							}
						},
						{
							"origin": [-1, 6.98528, -6],
							"size": [1, 1.5, 10],
							"pivot": [0, 0, 0],
							"rotation": [0, 0, 45],
							"uv": {
								"north": {"uv": [52, 54], "uv_size": [1, 1]},
								"east": {"uv": [42, 54], "uv_size": [10, 1]},
								"south": {"uv": [63, 54], "uv_size": [1, 1]},
								"west": {"uv": [53, 54], "uv_size": [10, 1]},
								"up": {"uv": [52, 44], "uv_size": [1, 10]},
								"down": {"uv": [53, 54], "uv_size": [1, -10]}
							}
						},
						{
							"origin": [0, 6.98528, -6],
							"size": [1, 1.5, 10],
							"pivot": [0, 0, 0],
							"rotation": [0, 0, -45],
							"uv": {
								"north": {"uv": [40, 53], "uv_size": [1, 1]},
								"east": {"uv": [30, 53], "uv_size": [10, 1]},
								"south": {"uv": [51, 53], "uv_size": [1, 1]},
								"west": {"uv": [41, 53], "uv_size": [10, 1]},
								"up": {"uv": [40, 43], "uv_size": [1, 10]},
								"down": {"uv": [41, 53], "uv_size": [1, -10]}
							}
						}
					]
				}
			]
		}
	]
}