{
	"format_version": "1.12.0",
	"minecraft:geometry": [
		{
			"description": {
				"identifier": "geometry.towel_rack_0",
				"texture_width": 64,
				"texture_height": 64,
				"visible_bounds_width": 2,
				"visible_bounds_height": 2.5,
				"visible_bounds_offset": [0, 0.75, 0]
			},
			"bones": [
				{
					"name": "bone",
					"pivot": [0, 13, 0],
					"cubes": [
						{
							"origin": [-8, 13, 7],
							"size": [3, 3, 1],
							"uv": {
								"north": {"uv": [23, 2], "uv_size": [3, 3]},
								"east": {"uv": [22, 2], "uv_size": [1, 3]},
								"south": {"uv": [27, 2], "uv_size": [3, 3]},
								"west": {"uv": [26, 2], "uv_size": [1, 3]},
								"up": {"uv": [23, 1], "uv_size": [3, 1]},
								"down": {"uv": [26, 2], "uv_size": [3, -1]}
							}
						},
						{
							"origin": [-7, 14, 5],
							"size": [1, 1, 2],
							"uv": {
								"north": {"uv": [10, 24], "uv_size": [1, 1]},
								"east": {"uv": [8, 24], "uv_size": [2, 1]},
								"south": {"uv": [13, 24], "uv_size": [1, 1]},
								"west": {"uv": [11, 24], "uv_size": [2, 1]},
								"up": {"uv": [10, 22], "uv_size": [1, 2]},
								"down": {"uv": [11, 24], "uv_size": [1, -2]}
							}
						},
						{
							"origin": [-6, 14, 5],
							"size": [12, 1, 1],
							"uv": {
								"north": {"uv": [22, 22], "uv_size": [12, 1]},
								"east": {"uv": [21, 22], "uv_size": [1, 1]},
								"south": {"uv": [35, 22], "uv_size": [12, 1]},
								"west": {"uv": [34, 22], "uv_size": [1, 1]},
								"up": {"uv": [22, 21], "uv_size": [12, 1]},
								"down": {"uv": [34, 22], "uv_size": [12, -1]}
							}
						},
						{
							"origin": [-5.75, 1, 4.925],
							"size": [11.25, 14.05, 0],
							"uv": {
								"north": {"uv": [0, 0], "uv_size": [11, 14]},
								"east": {"uv": [0, 0], "uv_size": [0, 14]},
								"south": {"uv": [11, 0], "uv_size": [11, 14]},
								"west": {"uv": [11, 0], "uv_size": [0, 14]},
								"up": {"uv": [0, 0], "uv_size": [11, 0]},
								"down": {"uv": [11, 0], "uv_size": [11, 0]}
							}
						},
						{
							"origin": [-5.75, 15.05, 4.925],
							"size": [11.25, 0, 1.075],
							"uv": {
								"north": {"uv": [22, 1], "uv_size": [11, 0]},
								"east": {"uv": [21, 1], "uv_size": [1, 0]},
								"south": {"uv": [34, 1], "uv_size": [11, 0]},
								"west": {"uv": [33, 1], "uv_size": [1, 0]},
								"up": {"uv": [22, 0], "uv_size": [11, 1]},
								"down": {"uv": [33, 1], "uv_size": [11, -1]}
							}
						},
						{
							"origin": [-5.75, 7, 6.025],
							"size": [11.25, 8, 0],
							"uv": {
								"north": {"uv": [0, 14], "uv_size": [11, 8]},
								"east": {"uv": [0, 14], "uv_size": [0, 8]},
								"south": {"uv": [11, 14], "uv_size": [11, 8]},
								"west": {"uv": [11, 14], "uv_size": [0, 8]},
								"up": {"uv": [0, 14], "uv_size": [11, 0]},
								"down": {"uv": [11, 14], "uv_size": [11, 0]}
							}
						},
						{
							"origin": [6, 14, 5],
							"size": [1, 1, 2],
							"uv": {
								"north": {"uv": [24, 7], "uv_size": [1, 1]},
								"east": {"uv": [22, 7], "uv_size": [2, 1]},
								"south": {"uv": [27, 7], "uv_size": [1, 1]},
								"west": {"uv": [25, 7], "uv_size": [2, 1]},
								"up": {"uv": [24, 5], "uv_size": [1, 2]},
								"down": {"uv": [25, 7], "uv_size": [1, -2]}
							}
						},
						{
							"origin": [-7.75, 13.25, 6.75],
							"size": [2.5, 2.5, 1],
							"uv": {
								"north": {"uv": [23, 12], "uv_size": [2, 2]},
								"east": {"uv": [22, 12], "uv_size": [1, 2]},
								"south": {"uv": [26, 12], "uv_size": [2, 2]},
								"west": {"uv": [25, 12], "uv_size": [1, 2]},
								"up": {"uv": [23, 11], "uv_size": [2, 1]},
								"down": {"uv": [25, 12], "uv_size": [2, -1]}
							}
						},
						{
							"origin": [5.25, 13.25, 6.75],
							"size": [2.5, 2.5, 1],
							"uv": {
								"north": {"uv": [23, 9], "uv_size": [2, 2]},
								"east": {"uv": [22, 9], "uv_size": [1, 2]},
								"south": {"uv": [26, 9], "uv_size": [2, 2]},
								"west": {"uv": [25, 9], "uv_size": [1, 2]},
								"up": {"uv": [23, 8], "uv_size": [2, 1]},
								"down": {"uv": [25, 9], "uv_size": [2, -1]}
							}
						},
						{
							"origin": [5, 13, 7],
							"size": [3, 3, 1],
							"uv": {
								"north": {"uv": [1, 23], "uv_size": [3, 3]},
								"east": {"uv": [0, 23], "uv_size": [1, 3]},
								"south": {"uv": [5, 23], "uv_size": [3, 3]},
								"west": {"uv": [4, 23], "uv_size": [1, 3]},
								"up": {"uv": [1, 22], "uv_size": [3, 1]},
								"down": {"uv": [4, 23], "uv_size": [3, -1]}
							}
						}
					]
				}
			]
		}
	]
}