{
	"format_version": "1.12.0",
	"minecraft:geometry": [
		{
			"description": {
				"identifier": "geometry.traffic_cone_0",
				"texture_width": 64,
				"texture_height": 64,
				"visible_bounds_width": 2,
				"visible_bounds_height": 2.5,
				"visible_bounds_offset": [0, 0.75, 0]
			},
			"bones": [
				{
					"name": "bone",
					"pivot": [0, 0, 0],
					"cubes": [
						{
							"origin": [-3, 0, -3],
							"size": [6, 1, 6],
							"uv": {
								"north": {"uv": [18, 6], "uv_size": [6, 1]},
								"east": {"uv": [12, 6], "uv_size": [6, 1]},
								"south": {"uv": [30, 6], "uv_size": [6, 1]},
								"west": {"uv": [24, 6], "uv_size": [6, 1]},
								"up": {"uv": [18, 0], "uv_size": [6, 6]},
								"down": {"uv": [24, 6], "uv_size": [6, -6]}
							}
						},
						{
							"origin": [-1.75, 1, -1.75],
							"size": [3.5, 18, 3.5],
							"uv": {
								"north": {"uv": [3, 3], "uv_size": [3, 18]},
								"east": {"uv": [0, 3], "uv_size": [3, 18]},
								"south": {"uv": [9, 3], "uv_size": [3, 18]},
								"west": {"uv": [6, 3], "uv_size": [3, 18]},
								"up": {"uv": [3, 0], "uv_size": [3, 3]},
								"down": {"uv": [6, 3], "uv_size": [3, -3]}
							}
						}
					]
				}
			]
		}
	]
}