{
	"format_version": "1.12.0",
	"minecraft:geometry": [
		{
			"description": {
				"identifier": "geometry.traffic_cone_1",
				"texture_width": 64,
				"texture_height": 64,
				"visible_bounds_width": 2,
				"visible_bounds_height": 2.5,
				"visible_bounds_offset": [0, 0.75, 0]
			},
			"bones": [
				{
					"name": "bone",
					"pivot": [0, 0, 0],
					"cubes": [
						{
							"origin": [-5, 0, -5],
							"size": [10, 1, 10],
							"uv": {
								"north": {"uv": [10, 31], "uv_size": [10, 1]},
								"east": {"uv": [0, 31], "uv_size": [10, 1]},
								"south": {"uv": [30, 31], "uv_size": [10, 1]},
								"west": {"uv": [20, 31], "uv_size": [10, 1]},
								"up": {"uv": [10, 21], "uv_size": [10, 10]},
								"down": {"uv": [20, 31], "uv_size": [10, -10]}
							}
						},
						{
							"origin": [-4, 1, -4],
							"size": [8, 13, 8],
							"uv": {
								"north": {"uv": [8, 8], "uv_size": [8, 13]},
								"east": {"uv": [0, 8], "uv_size": [8, 13]},
								"south": {"uv": [24, 8], "uv_size": [8, 13]},
								"west": {"uv": [16, 8], "uv_size": [8, 13]},
								"up": {"uv": [8, 0], "uv_size": [8, 8]},
								"down": {"uv": [16, 8], "uv_size": [8, -8]}
							}
						},
						{
							"origin": [-3, 14, -1],
							"size": [1, 1, 2],
							"uv": {
								"north": {"uv": [2, 5], "uv_size": [1, 1]},
								"east": {"uv": [0, 5], "uv_size": [2, 1]},
								"south": {"uv": [5, 5], "uv_size": [1, 1]},
								"west": {"uv": [3, 5], "uv_size": [2, 1]},
								"up": {"uv": [2, 3], "uv_size": [1, 2]},
								"down": {"uv": [3, 5], "uv_size": [1, -2]}
							}
						},
						{
							"origin": [2, 14, -1],
							"size": [1, 1, 2],
							"uv": {
								"north": {"uv": [2, 2], "uv_size": [1, 1]},
								"east": {"uv": [0, 2], "uv_size": [2, 1]},
								"south": {"uv": [5, 2], "uv_size": [1, 1]},
								"west": {"uv": [3, 2], "uv_size": [2, 1]},
								"up": {"uv": [2, 0], "uv_size": [1, 2]},
								"down": {"uv": [3, 2], "uv_size": [1, -2]}
							}
						},
						{
							"origin": [-2.5, 15, -1],
							"size": [5, 1, 2],
							"uv": {
								"north": {"uv": [26, 2], "uv_size": [5, 1]},
								"east": {"uv": [24, 2], "uv_size": [2, 1]},
								"south": {"uv": [33, 2], "uv_size": [5, 1]},
								"west": {"uv": [31, 2], "uv_size": [2, 1]},
								"up": {"uv": [26, 0], "uv_size": [5, 2]},
								"down": {"uv": [31, 2], "uv_size": [5, -2]}
							}
						}
					]
				}
			]
		}
	]
}