{
	"format_version": "1.12.0",
	"minecraft:geometry": [
		{
			"description": {
				"identifier": "geometry.traffic_cone_2",
				"texture_width": 32,
				"texture_height": 32,
				"visible_bounds_width": 2,
				"visible_bounds_height": 2.5,
				"visible_bounds_offset": [0, 0.75, 0]
			},
			"bones": [
				{
					"name": "bone",
					"pivot": [0, 0, 0],
					"cubes": [
						{
							"origin": [-4, 0, -4],
							"size": [8, 1, 8],
							"uv": {
								"north": {"uv": [8, 8], "uv_size": [8, 1]},
								"east": {"uv": [0, 8], "uv_size": [8, 1]},
								"south": {"uv": [24, 8], "uv_size": [8, 1]},
								"west": {"uv": [16, 8], "uv_size": [8, 1]},
								"up": {"uv": [8, 0], "uv_size": [8, 8]},
								"down": {"uv": [16, 8], "uv_size": [8, -8]}
							}
						},
						{
							"origin": [-3, 1, -3],
							"size": [6, 2, 6],
							"uv": {
								"north": {"uv": [6, 15], "uv_size": [6, 2]},
								"east": {"uv": [0, 15], "uv_size": [6, 2]},
								"south": {"uv": [18, 15], "uv_size": [6, 2]},
								"west": {"uv": [12, 15], "uv_size": [6, 2]},
								"up": {"uv": [6, 9], "uv_size": [6, 6]},
								"down": {"uv": [12, 15], "uv_size": [6, -6]}
							}
						},
						{
							"origin": [-1.75, 5, -1.75],
							"size": [3.5, 2, 3.5],
							"uv": {
								"north": {"uv": [19, 20], "uv_size": [3, 2]},
								"east": {"uv": [16, 20], "uv_size": [3, 2]},
								"south": {"uv": [25, 20], "uv_size": [3, 2]},
								"west": {"uv": [22, 20], "uv_size": [3, 2]},
								"up": {"uv": [19, 17], "uv_size": [3, 3]},
								"down": {"uv": [22, 20], "uv_size": [3, -3]}
							}
						},
						{
							"origin": [-1.25, 7, -1.25],
							"size": [2.5, 2, 2.5],
							"uv": {
								"north": {"uv": [2, 2], "uv_size": [2, 2]},
								"east": {"uv": [0, 2], "uv_size": [2, 2]},
								"south": {"uv": [6, 2], "uv_size": [2, 2]},
								"west": {"uv": [4, 2], "uv_size": [2, 2]},
								"up": {"uv": [2, 0], "uv_size": [2, 2]},
								"down": {"uv": [4, 2], "uv_size": [2, -2]}
							}
						},
						{
							"origin": [-0.75, 9, -0.75],
							"size": [1.5, 2, 1.5],
							"uv": {
								"north": {"uv": [1, 5], "uv_size": [1, 2]},
								"east": {"uv": [0, 5], "uv_size": [1, 2]},
								"south": {"uv": [3, 5], "uv_size": [1, 2]},
								"west": {"uv": [2, 5], "uv_size": [1, 2]},
								"up": {"uv": [1, 4], "uv_size": [1, 1]},
								"down": {"uv": [2, 5], "uv_size": [1, -1]}
							}
						},
						{
							"origin": [-2.25, 3, -2.25],
							"size": [4.5, 2, 4.5],
							"uv": {
								"north": {"uv": [4, 21], "uv_size": [4, 2]},
								"east": {"uv": [0, 21], "uv_size": [4, 2]},
								"south": {"uv": [12, 21], "uv_size": [4, 2]},
								"west": {"uv": [8, 21], "uv_size": [4, 2]},
								"up": {"uv": [4, 17], "uv_size": [4, 4]},
								"down": {"uv": [8, 21], "uv_size": [4, -4]}
							}
						}
					]
				}
			]
		}
	]
}