{
	"format_version": "1.12.0",
	"minecraft:geometry": [
		{
			"description": {
				"identifier": "geometry.traffic_light_0",
				"texture_width": 64,
				"texture_height": 64,
				"visible_bounds_width": 2,
				"visible_bounds_height": 2.5,
				"visible_bounds_offset": [0, 0.75, 0]
			},
			"bones": [
				{
					"name": "bone",
					"pivot": [0, 0, 6],
					"cubes": [
						{
							"origin": [-3.5, 0, 3],
							"size": [7, 16, 5],
							"uv": {
								"north": {"uv": [5.032, 5.032], "uv_size": [6.936, 15.936]},
								"east": {"uv": [0.032, 5.032], "uv_size": [4.936, 15.936]},
								"south": {"uv": [17.032, 5.032], "uv_size": [6.936, 15.936]},
								"west": {"uv": [12.032, 5.032], "uv_size": [4.936, 15.936]},
								"up": {"uv": [5.032, 0.032], "uv_size": [6.936, 4.936]},
								"down": {"uv": [12.032, 4.968], "uv_size": [6.936, -4.936]}
							}
						}
					]
				},
				{
					"name": "bone2",
					"parent": "bone",
					"pivot": [0, 1, 7],
					"cubes": [
						{
							"origin": [-2, 2, 2.5],
							"size": [4, 2, 1],
							"uv": {
								"north": {"uv": [1.032, 25.032], "uv_size": [3.936, 1.936]},
								"east": {"uv": [0.032, 25.032], "uv_size": [0.936, 1.936]},
								"south": {"uv": [6.032, 25.032], "uv_size": [3.936, 1.936]},
								"west": {"uv": [5.032, 25.032], "uv_size": [0.936, 1.936]},
								"up": {"uv": [1.032, 24.032], "uv_size": [3.936, 0.936]},
								"down": {"uv": [5.032, 24.968], "uv_size": [3.936, -0.936]}
							}
						},
						{
							"origin": [-1, 4, 2.5],
							"size": [2, 1, 1],
							"uv": {
								"north": {"uv": [17.032, 25.032], "uv_size": [1.936, 0.936]},
								"east": {"uv": [16.032, 25.032], "uv_size": [0.936, 0.936]},
								"south": {"uv": [20.032, 25.032], "uv_size": [1.936, 0.936]},
								"west": {"uv": [19.032, 25.032], "uv_size": [0.936, 0.936]},
								"up": {"uv": [17.032, 24.032], "uv_size": [1.936, 0.936]},
								"down": {"uv": [19.032, 24.968], "uv_size": [1.936, -0.936]}
							}
						},
						{
							"origin": [-1, 1, 2.5],
							"size": [2, 1, 1],
							"uv": {
								"north": {"uv": [25.032, 17.032], "uv_size": [1.936, 0.936]},
								"east": {"uv": [24.032, 17.032], "uv_size": [0.936, 0.936]},
								"south": {"uv": [28.032, 17.032], "uv_size": [1.936, 0.936]},
								"west": {"uv": [27.032, 17.032], "uv_size": [0.936, 0.936]},
								"up": {"uv": [25.032, 16.032], "uv_size": [1.936, 0.936]},
								"down": {"uv": [27.032, 16.968], "uv_size": [1.936, -0.936]}
							}
						},
						{
							"origin": [-1.5, 5.25, 0],
							"size": [3, 0, 3],
							"uv": {
								"north": {"uv": [24.032, 6.032], "uv_size": [2.936, 0]},
								"east": {"uv": [21.032, 6.032], "uv_size": [2.936, 0]},
								"south": {"uv": [30.032, 6.032], "uv_size": [2.936, 0]},
								"west": {"uv": [27.032, 6.032], "uv_size": [2.936, 0]},
								"up": {"uv": [24.032, 3.032], "uv_size": [2.936, 2.936]},
								"down": {"uv": [27.032, 5.968], "uv_size": [2.936, -2.936]}
							}
						},
						{
							"origin": [1.50276, 4.38564, 0.75],
							"size": [1.75, 0, 2.25],
							"pivot": [0, 0, 0],
							"rotation": [0, 0, -52.5],
							"uv": {
								"north": {"uv": [24.032, 16.032], "uv_size": [0.936, 0]},
								"east": {"uv": [22.032, 16.032], "uv_size": [1.936, 0]},
								"south": {"uv": [27.032, 16.032], "uv_size": [0.936, 0]},
								"west": {"uv": [25.032, 16.032], "uv_size": [1.936, 0]},
								"up": {"uv": [24.032, 14.032], "uv_size": [0.936, 1.936]},
								"down": {"uv": [25.032, 15.968], "uv_size": [0.936, -1.936]}
							}
						},
						{
							"origin": [-3.25276, 4.38564, 0.75],
							"size": [1.75, 0, 2.25],
							"pivot": [0, 0, 0],
							"rotation": [0, 0, 52.5],
							"uv": {
								"north": {"uv": [24.032, 14.032], "uv_size": [0.936, 0]},
								"east": {"uv": [22.032, 14.032], "uv_size": [1.936, 0]},
								"south": {"uv": [27.032, 14.032], "uv_size": [0.936, 0]},
								"west": {"uv": [25.032, 14.032], "uv_size": [1.936, 0]},
								"up": {"uv": [24.032, 12.032], "uv_size": [0.936, 1.936]},
								"down": {"uv": [25.032, 13.968], "uv_size": [0.936, -1.936]}
							}
						}
					]
				},
				{
					"name": "bone3",
					"parent": "bone",
					"pivot": [0, 6, 7],
					"cubes": [
						{
							"origin": [-2, 7, 2.5],
							"size": [4, 2, 1],
							"uv": {
								"north": {"uv": [20.032, 22.032], "uv_size": [3.936, 1.936]},
								"east": {"uv": [19.032, 22.032], "uv_size": [0.936, 1.936]},
								"south": {"uv": [25.032, 22.032], "uv_size": [3.936, 1.936]},
								"west": {"uv": [24.032, 22.032], "uv_size": [0.936, 1.936]},
								"up": {"uv": [20.032, 21.032], "uv_size": [3.936, 0.936]},
								"down": {"uv": [24.032, 21.968], "uv_size": [3.936, -0.936]}
							}
						},
						{
							"origin": [-1, 9, 2.5],
							"size": [2, 1, 1],
							"uv": {
								"north": {"uv": [25.032, 11.032], "uv_size": [1.936, 0.936]},
								"east": {"uv": [24.032, 11.032], "uv_size": [0.936, 0.936]},
								"south": {"uv": [28.032, 11.032], "uv_size": [1.936, 0.936]},
								"west": {"uv": [27.032, 11.032], "uv_size": [0.936, 0.936]},
								"up": {"uv": [25.032, 10.032], "uv_size": [1.936, 0.936]},
								"down": {"uv": [27.032, 10.968], "uv_size": [1.936, -0.936]}
							}
						},
						{
							"origin": [-1, 6, 2.5],
							"size": [2, 1, 1],
							"uv": {
								"north": {"uv": [11.032, 25.032], "uv_size": [1.936, 0.936]},
								"east": {"uv": [10.032, 25.032], "uv_size": [0.936, 0.936]},
								"south": {"uv": [14.032, 25.032], "uv_size": [1.936, 0.936]},
								"west": {"uv": [13.032, 25.032], "uv_size": [0.936, 0.936]},
								"up": {"uv": [11.032, 24.032], "uv_size": [1.936, 0.936]},
								"down": {"uv": [13.032, 24.968], "uv_size": [1.936, -0.936]}
							}
						},
						{
							"origin": [-1.5, 10.25, 0],
							"size": [3, 0, 3],
							"uv": {
								"north": {"uv": [3.032, 24.032], "uv_size": [2.936, 0]},
								"east": {"uv": [0.032, 24.032], "uv_size": [2.936, 0]},
								"south": {"uv": [9.032, 24.032], "uv_size": [2.936, 0]},
								"west": {"uv": [6.032, 24.032], "uv_size": [2.936, 0]},
								"up": {"uv": [3.032, 21.032], "uv_size": [2.936, 2.936]},
								"down": {"uv": [6.032, 23.968], "uv_size": [2.936, -2.936]}
							}
						},
						{
							"origin": [5.46952, 7.42944, 0.75],
							"size": [1.75, 0, 2.25],
							"pivot": [0, 0, 0],
							"rotation": [0, 0, -52.5],
							"uv": {
								"north": {"uv": [21.032, 5.032], "uv_size": [0.936, 0]},
								"east": {"uv": [19.032, 5.032], "uv_size": [1.936, 0]},
								"south": {"uv": [24.032, 5.032], "uv_size": [0.936, 0]},
								"west": {"uv": [22.032, 5.032], "uv_size": [1.936, 0]},
								"up": {"uv": [21.032, 3.032], "uv_size": [0.936, 1.936]},
								"down": {"uv": [22.032, 4.968], "uv_size": [0.936, -1.936]}
							}
						},
						{
							"origin": [-7.21952, 7.42944, 0.75],
							"size": [1.75, 0, 2.25],
							"pivot": [0, 0, 0],
							"rotation": [0, 0, 52.5],
							"uv": {
								"north": {"uv": [19.032, 5.032], "uv_size": [0.936, 0]},
								"east": {"uv": [17.032, 5.032], "uv_size": [1.936, 0]},
								"south": {"uv": [22.032, 5.032], "uv_size": [0.936, 0]},
								"west": {"uv": [20.032, 5.032], "uv_size": [1.936, 0]},
								"up": {"uv": [19.032, 3.032], "uv_size": [0.936, 1.936]},
								"down": {"uv": [20.032, 4.968], "uv_size": [0.936, -1.936]}
							}
						}
					]
				},
				{
					"name": "bone4",
					"parent": "bone",
					"pivot": [0, 11, 7],
					"cubes": [
						{
							"origin": [-2, 12, 2.5],
							"size": [4, 2, 1],
							"uv": {
								"north": {"uv": [10.032, 22.032], "uv_size": [3.936, 1.936]},
								"east": {"uv": [9.032, 22.032], "uv_size": [0.936, 1.936]},
								"south": {"uv": [15.032, 22.032], "uv_size": [3.936, 1.936]},
								"west": {"uv": [14.032, 22.032], "uv_size": [0.936, 1.936]},
								"up": {"uv": [10.032, 21.032], "uv_size": [3.936, 0.936]},
								"down": {"uv": [14.032, 21.968], "uv_size": [3.936, -0.936]}
							}
						},
						{
							"origin": [-1, 14, 2.5],
							"size": [2, 1, 1],
							"uv": {
								"north": {"uv": [25.032, 9.032], "uv_size": [1.936, 0.936]},
								"east": {"uv": [24.032, 9.032], "uv_size": [0.936, 0.936]},
								"south": {"uv": [28.032, 9.032], "uv_size": [1.936, 0.936]},
								"west": {"uv": [27.032, 9.032], "uv_size": [0.936, 0.936]},
								"up": {"uv": [25.032, 8.032], "uv_size": [1.936, 0.936]},
								"down": {"uv": [27.032, 8.968], "uv_size": [1.936, -0.936]}
							}
						},
						{
							"origin": [-1, 11, 2.5],
							"size": [2, 1, 1],
							"uv": {
								"north": {"uv": [25.032, 7.032], "uv_size": [1.936, 0.936]},
								"east": {"uv": [24.032, 7.032], "uv_size": [0.936, 0.936]},
								"south": {"uv": [28.032, 7.032], "uv_size": [1.936, 0.936]},
								"west": {"uv": [27.032, 7.032], "uv_size": [0.936, 0.936]},
								"up": {"uv": [25.032, 6.032], "uv_size": [1.936, 0.936]},
								"down": {"uv": [27.032, 6.968], "uv_size": [1.936, -0.936]}
							}
						},
						{
							"origin": [-1.5, 15.25, 0],
							"size": [3, 0, 3],
							"uv": {
								"north": {"uv": [19.032, 3.032], "uv_size": [2.936, 0]},
								"east": {"uv": [16.032, 3.032], "uv_size": [2.936, 0]},
								"south": {"uv": [25.032, 3.032], "uv_size": [2.936, 0]},
								"west": {"uv": [22.032, 3.032], "uv_size": [2.936, 0]},
								"up": {"uv": [19.032, 0.032], "uv_size": [2.936, 2.936]},
								"down": {"uv": [22.032, 2.968], "uv_size": [2.936, -2.936]}
							}
						},
						{
							"origin": [9.43629, 10.47325, 0.75],
							"size": [1.75, 0, 2.25],
							"pivot": [0, 0, 0],
							"rotation": [0, 0, -52.5],
							"uv": {
								"north": {"uv": [2.032, 4.032], "uv_size": [0.936, 0]},
								"east": {"uv": [0.032, 4.032], "uv_size": [1.936, 0]},
								"south": {"uv": [5.032, 4.032], "uv_size": [0.936, 0]},
								"west": {"uv": [3.032, 4.032], "uv_size": [1.936, 0]},
								"up": {"uv": [2.032, 2.032], "uv_size": [0.936, 1.936]},
								"down": {"uv": [3.032, 3.968], "uv_size": [0.936, -1.936]}
							}
						},
						{
							"origin": [-11.18629, 10.47325, 0.75],
							"size": [1.75, 0, 2.25],
							"pivot": [0, 0, 0],
							"rotation": [0, 0, 52.5],
							"uv": {
								"north": {"uv": [2.032, 2.032], "uv_size": [0.936, 0]},
								"east": {"uv": [0.032, 2.032], "uv_size": [1.936, 0]},
								"south": {"uv": [5.032, 2.032], "uv_size": [0.936, 0]},
								"west": {"uv": [3.032, 2.032], "uv_size": [1.936, 0]},
								"up": {"uv": [2.032, 0.032], "uv_size": [0.936, 1.936]},
								"down": {"uv": [3.032, 1.968], "uv_size": [0.936, -1.936]}
							}
						}
					]
				}
			]
		}
	]
}