{
	"format_version": "1.12.0",
	"minecraft:geometry": [
		{
			"description": {
				"identifier": "geometry.trash_bin_0",
				"texture_width": 64,
				"texture_height": 64,
				"visible_bounds_width": 2,
				"visible_bounds_height": 2.5,
				"visible_bounds_offset": [0, 0.75, 0]
			},
			"bones": [
				{
					"name": "bone",
					"pivot": [0, 0, 0],
					"cubes": [
						{
							"origin": [-6, 0, -6],
							"size": [12, 1, 12],
							"uv": {
								"north": {"uv": [12, 12], "uv_size": [12, 1]},
								"east": {"uv": [0, 12], "uv_size": [12, 1]},
								"south": {"uv": [36, 12], "uv_size": [12, 1]},
								"west": {"uv": [24, 12], "uv_size": [12, 1]},
								"up": {"uv": [12, 0], "uv_size": [12, 12]},
								"down": {"uv": [24, 12], "uv_size": [12, -12]}
							}
						},
						{
							"origin": [-6, 1, -6],
							"size": [0, 12, 12],
							"uv": {
								"north": {"uv": [12, 25], "uv_size": [0, 12]},
								"east": {"uv": [0, 25], "uv_size": [12, 12]},
								"south": {"uv": [24, 25], "uv_size": [0, 12]},
								"west": {"uv": [12, 25], "uv_size": [12, 12]},
								"up": {"uv": [12, 13], "uv_size": [0, 12]},
								"down": {"uv": [12, 25], "uv_size": [0, -12]}
							}
						},
						{
							"origin": [6, 1, -6],
							"size": [0, 12, 12],
							"uv": {
								"north": {"uv": [12, 13], "uv_size": [0, 12]},
								"east": {"uv": [0, 13], "uv_size": [12, 12]},
								"south": {"uv": [24, 13], "uv_size": [0, 12]},
								"west": {"uv": [12, 13], "uv_size": [12, 12]},
								"up": {"uv": [12, 1], "uv_size": [0, 12]},
								"down": {"uv": [12, 13], "uv_size": [0, -12]}
							}
						},
						{
							"origin": [-6, 1, -6],
							"size": [12, 12, 0],
							"uv": {
								"north": {"uv": [36, 0], "uv_size": [12, 12]},
								"east": {"uv": [36, 0], "uv_size": [0, 12]},
								"south": {"uv": [48, 0], "uv_size": [12, 12]},
								"west": {"uv": [48, 0], "uv_size": [0, 12]},
								"up": {"uv": [36, 0], "uv_size": [12, 0]},
								"down": {"uv": [48, 0], "uv_size": [12, 0]}
							}
						},
						{
							"origin": [-6, 1, 6],
							"size": [12, 12, 0],
							"uv": {
								"north": {"uv": [26, 13], "uv_size": [12, 12]},
								"east": {"uv": [26, 13], "uv_size": [0, 12]},
								"south": {"uv": [38, 13], "uv_size": [12, 12]},
								"west": {"uv": [38, 13], "uv_size": [0, 12]},
								"up": {"uv": [26, 13], "uv_size": [12, 0]},
								"down": {"uv": [38, 13], "uv_size": [12, 0]}
							}
						},
						{
							"origin": [-5.5, 13, 5.75],
							"size": [11, 2, 1.25],
							"uv": {
								"north": {"uv": [1, 43], "uv_size": [11, 2]},
								"east": {"uv": [0, 43], "uv_size": [1, 2]},
								"south": {"uv": [13, 43], "uv_size": [11, 2]},
								"west": {"uv": [12, 43], "uv_size": [1, 2]},
								"up": {"uv": [1, 42], "uv_size": [11, 1]},
								"down": {"uv": [12, 43], "uv_size": [11, -1]}
							}
						},
						{
							"origin": [5.5, 13, -7],
							"size": [1.25, 2, 14],
							"uv": {
								"north": {"uv": [40, 40], "uv_size": [1, 2]},
								"east": {"uv": [26, 40], "uv_size": [14, 2]},
								"south": {"uv": [55, 40], "uv_size": [1, 2]},
								"west": {"uv": [41, 40], "uv_size": [14, 2]},
								"up": {"uv": [40, 26], "uv_size": [1, 14]},
								"down": {"uv": [41, 40], "uv_size": [1, -14]}
							}
						},
						{
							"origin": [-6.75, 13, -7],
							"size": [1.25, 2, 14],
							"uv": {
								"north": {"uv": [24, 37], "uv_size": [1, 2]},
								"east": {"uv": [10, 37], "uv_size": [14, 2]},
								"south": {"uv": [39, 37], "uv_size": [1, 2]},
								"west": {"uv": [25, 37], "uv_size": [14, 2]},
								"up": {"uv": [24, 23], "uv_size": [1, 14]},
								"down": {"uv": [25, 37], "uv_size": [1, -14]}
							}
						},
						{
							"origin": [-5.5, 13, -7],
							"size": [11, 2, 1.25],
							"uv": {
								"north": {"uv": [1, 40], "uv_size": [11, 2]},
								"east": {"uv": [0, 40], "uv_size": [1, 2]},
								"south": {"uv": [13, 40], "uv_size": [11, 2]},
								"west": {"uv": [12, 40], "uv_size": [1, 2]},
								"up": {"uv": [1, 39], "uv_size": [11, 1]},
								"down": {"uv": [12, 40], "uv_size": [11, -1]}
							}
						}
					]
				}
			]
		}
	]
}