{
	"format_version": "1.12.0",
	"minecraft:geometry": [
		{
			"description": {
				"identifier": "geometry.trashcan_0",
				"texture_width": 128,
				"texture_height": 128,
				"visible_bounds_width": 3,
				"visible_bounds_height": 2.5,
				"visible_bounds_offset": [0, 0.75, 0]
			},
			"bones": [
				{
					"name": "bone",
					"pivot": [0, 0, 0]
				},
				{
					"name": "bone2",
					"parent": "bone",
					"pivot": [0, 0, 0],
					"cubes": [
						{
							"origin": [-5, 0, 5],
							"size": [10, 13, 1],
							"uv": {
								"north": {"uv": [45, 39], "uv_size": [10, 13]},
								"east": {"uv": [44, 39], "uv_size": [1, 13]},
								"south": {"uv": [56, 39], "uv_size": [10, 13]},
								"west": {"uv": [55, 39], "uv_size": [1, 13]},
								"up": {"uv": [45, 38], "uv_size": [10, 1]},
								"down": {"uv": [55, 39], "uv_size": [10, -1]}
							}
						},
						{
							"origin": [-5, 0, -5],
							"size": [10, 1, 10],
							"uv": {
								"north": {"uv": [10, 21], "uv_size": [10, 1]},
								"east": {"uv": [0, 21], "uv_size": [10, 1]},
								"south": {"uv": [30, 21], "uv_size": [10, 1]},
								"west": {"uv": [20, 21], "uv_size": [10, 1]},
								"up": {"uv": [10, 11], "uv_size": [10, 10]},
								"down": {"uv": [20, 21], "uv_size": [10, -10]}
							}
						},
						{
							"origin": [-5, 0, -6],
							"size": [10, 13, 1],
							"uv": {
								"north": {"uv": [45, 25], "uv_size": [10, 13]},
								"east": {"uv": [44, 25], "uv_size": [1, 13]},
								"south": {"uv": [56, 25], "uv_size": [10, 13]},
								"west": {"uv": [55, 25], "uv_size": [1, 13]},
								"up": {"uv": [45, 24], "uv_size": [10, 1]},
								"down": {"uv": [55, 25], "uv_size": [10, -1]}
							}
						},
						{
							"origin": [-6, 0, -5],
							"size": [1, 13, 10],
							"uv": {
								"north": {"uv": [32, 32], "uv_size": [1, 13]},
								"east": {"uv": [22, 32], "uv_size": [10, 13]},
								"south": {"uv": [43, 32], "uv_size": [1, 13]},
								"west": {"uv": [33, 32], "uv_size": [10, 13]},
								"up": {"uv": [32, 22], "uv_size": [1, 10]},
								"down": {"uv": [33, 32], "uv_size": [1, -10]}
							}
						},
						{
							"origin": [5, 0, -5],
							"size": [1, 13, 10],
							"uv": {
								"north": {"uv": [10, 32], "uv_size": [1, 13]},
								"east": {"uv": [0, 32], "uv_size": [10, 13]},
								"south": {"uv": [21, 32], "uv_size": [1, 13]},
								"west": {"uv": [11, 32], "uv_size": [10, 13]},
								"up": {"uv": [10, 22], "uv_size": [1, 10]},
								"down": {"uv": [11, 32], "uv_size": [1, -10]}
							}
						}
					]
				},
				{
					"name": "bone3",
					"parent": "bone",
					"pivot": [-1.5, 0, -0.25],
					"rotation": [-4.69658, -20.75842, -7.30532],
					"cubes": [
						{
							"origin": [-6.5, 13, -5.25],
							"size": [10, 1, 10],
							"uv": {
								"north": {"uv": [10, 10], "uv_size": [10, 1]},
								"east": {"uv": [0, 10], "uv_size": [10, 1]},
								"south": {"uv": [30, 10], "uv_size": [10, 1]},
								"west": {"uv": [20, 10], "uv_size": [10, 1]},
								"up": {"uv": [10, 0], "uv_size": [10, 10]},
								"down": {"uv": [20, 10], "uv_size": [10, -10]}
							}
						},
						{
							"origin": [3.5, 13, -5.25],
							"size": [1, 1, 10],
							"uv": {
								"north": {"uv": [10, 55], "uv_size": [1, 1]},
								"east": {"uv": [0, 55], "uv_size": [10, 1]},
								"south": {"uv": [21, 55], "uv_size": [1, 1]},
								"west": {"uv": [11, 55], "uv_size": [10, 1]},
								"up": {"uv": [10, 45], "uv_size": [1, 10]},
								"down": {"uv": [11, 55], "uv_size": [1, -10]}
							}
						},
						{
							"origin": [-7.5, 13, -5.25],
							"size": [1, 1, 10],
							"uv": {
								"north": {"uv": [53, 10], "uv_size": [1, 1]},
								"east": {"uv": [43, 10], "uv_size": [10, 1]},
								"south": {"uv": [64, 10], "uv_size": [1, 1]},
								"west": {"uv": [54, 10], "uv_size": [10, 1]},
								"up": {"uv": [53, 0], "uv_size": [1, 10]},
								"down": {"uv": [54, 10], "uv_size": [1, -10]}
							}
						},
						{
							"origin": [-8, 12.5, -6],
							"size": [1, 1, 11.5],
							"uv": {
								"north": {"uv": [45, 23], "uv_size": [1, 1]},
								"east": {"uv": [34, 23], "uv_size": [11, 1]},
								"south": {"uv": [57, 23], "uv_size": [1, 1]},
								"west": {"uv": [46, 23], "uv_size": [11, 1]},
								"up": {"uv": [45, 12], "uv_size": [1, 11]},
								"down": {"uv": [46, 23], "uv_size": [1, -11]}
							}
						},
						{
							"origin": [4, 12.5, -6],
							"size": [1, 1, 11.5],
							"uv": {
								"north": {"uv": [41, 11], "uv_size": [1, 1]},
								"east": {"uv": [30, 11], "uv_size": [11, 1]},
								"south": {"uv": [53, 11], "uv_size": [1, 1]},
								"west": {"uv": [42, 11], "uv_size": [11, 1]},
								"up": {"uv": [41, 0], "uv_size": [1, 11]},
								"down": {"uv": [42, 11], "uv_size": [1, -11]}
							}
						},
						{
							"origin": [-6.5, 13, -6.25],
							"size": [10, 1, 1],
							"uv": {
								"north": {"uv": [48, 15], "uv_size": [10, 1]},
								"east": {"uv": [47, 15], "uv_size": [1, 1]},
								"south": {"uv": [59, 15], "uv_size": [10, 1]},
								"west": {"uv": [58, 15], "uv_size": [1, 1]},
								"up": {"uv": [48, 14], "uv_size": [10, 1]},
								"down": {"uv": [58, 15], "uv_size": [10, -1]}
							}
						},
						{
							"origin": [-7.25, 12.5, -6.75],
							"size": [11.5, 1, 1.5],
							"uv": {
								"north": {"uv": [13, 48], "uv_size": [11, 1]},
								"east": {"uv": [12, 48], "uv_size": [1, 1]},
								"south": {"uv": [25, 48], "uv_size": [11, 1]},
								"west": {"uv": [24, 48], "uv_size": [1, 1]},
								"up": {"uv": [13, 47], "uv_size": [11, 1]},
								"down": {"uv": [24, 48], "uv_size": [11, -1]}
							}
						},
						{
							"origin": [-7.25, 12.5, 4.75],
							"size": [11.5, 1, 1.5],
							"uv": {
								"north": {"uv": [13, 46], "uv_size": [11, 1]},
								"east": {"uv": [12, 46], "uv_size": [1, 1]},
								"south": {"uv": [25, 46], "uv_size": [11, 1]},
								"west": {"uv": [24, 46], "uv_size": [1, 1]},
								"up": {"uv": [13, 45], "uv_size": [11, 1]},
								"down": {"uv": [24, 46], "uv_size": [11, -1]}
							}
						},
						{
							"origin": [-6.5, 13, 4.75],
							"size": [10, 1, 1],
							"uv": {
								"north": {"uv": [48, 13], "uv_size": [10, 1]},
								"east": {"uv": [47, 13], "uv_size": [1, 1]},
								"south": {"uv": [59, 13], "uv_size": [10, 1]},
								"west": {"uv": [58, 13], "uv_size": [1, 1]},
								"up": {"uv": [48, 12], "uv_size": [10, 1]},
								"down": {"uv": [58, 13], "uv_size": [10, -1]}
							}
						},
						{
							"origin": [0.5, 14, -1.25],
							"size": [1, 1, 2],
							"uv": {
								"north": {"uv": [6, 5], "uv_size": [1, 1]},
								"east": {"uv": [4, 5], "uv_size": [2, 1]},
								"south": {"uv": [9, 5], "uv_size": [1, 1]},
								"west": {"uv": [7, 5], "uv_size": [2, 1]},
								"up": {"uv": [6, 3], "uv_size": [1, 2]},
								"down": {"uv": [7, 5], "uv_size": [1, -2]}
							}
						},
						{
							"origin": [-4.5, 14, -1.25],
							"size": [1, 1, 2],
							"uv": {
								"north": {"uv": [2, 4], "uv_size": [1, 1]},
								"east": {"uv": [0, 4], "uv_size": [2, 1]},
								"south": {"uv": [5, 4], "uv_size": [1, 1]},
								"west": {"uv": [3, 4], "uv_size": [2, 1]},
								"up": {"uv": [2, 2], "uv_size": [1, 2]},
								"down": {"uv": [3, 4], "uv_size": [1, -2]}
							}
						},
						{
							"origin": [-3.5, 15, -1.25],
							"size": [4, 0, 2],
							"uv": {
								"north": {"uv": [2, 2], "uv_size": [4, 0]},
								"east": {"uv": [0, 2], "uv_size": [2, 0]},
								"south": {"uv": [8, 2], "uv_size": [4, 0]},
								"west": {"uv": [6, 2], "uv_size": [2, 0]},
								"up": {"uv": [2, 0], "uv_size": [4, 2]},
								"down": {"uv": [6, 2], "uv_size": [4, -2]}
							}
						}
					]
				}
			]
		}
	]
}