{
	"format_version": "1.12.0",
	"minecraft:geometry": [
		{
			"description": {
				"identifier": "geometry.tv_0",
				"texture_width": 128,
				"texture_height": 128,
				"visible_bounds_width": 3,
				"visible_bounds_height": 2.5,
				"visible_bounds_offset": [0, 0.75, 0]
			},
			"bones": [
				{
					"name": "body",
					"pivot": [0, 0, 0],
					"rotation": [0, -90, 0]
				},
				{
					"name": "back",
					"parent": "body",
					"pivot": [10.52862, -3.76802, -2],
					"cubes": [
						{
							"origin": [2, 3, -6],
							"size": [6, 8, 12],
							"uv": {
								"north": {"uv": [52, 43], "uv_size": [6, 8]},
								"east": {"uv": [40, 43], "uv_size": [12, 8]},
								"south": {"uv": [70, 43], "uv_size": [6, 8]},
								"west": {"uv": [58, 43], "uv_size": [12, 8]},
								"up": {"uv": [52, 31], "uv_size": [6, 12]},
								"down": {"uv": [58, 43], "uv_size": [6, -12]}
							}
						},
						{
							"origin": [-4.48419, 10.3272, -6],
							"size": [7, 3, 12],
							"pivot": [0, 0, 0],
							"rotation": [0, 0, 25.25],
							"uv": {
								"north": {"uv": [54, 66], "uv_size": [7, 3]},
								"east": {"uv": [42, 66], "uv_size": [12, 3]},
								"south": {"uv": [73, 66], "uv_size": [7, 3]},
								"west": {"uv": [61, 66], "uv_size": [12, 3]},
								"up": {"uv": [54, 54], "uv_size": [7, 12]},
								"down": {"uv": [61, 66], "uv_size": [7, -12]}
							}
						},
						{
							"origin": [1.51535, -0.69918, -6],
							"size": [7, 3, 12],
							"pivot": [0, 0, 0],
							"rotation": [0, 0, -25.25],
							"uv": {
								"north": {"uv": [28, 63], "uv_size": [7, 3]},
								"east": {"uv": [16, 63], "uv_size": [12, 3]},
								"south": {"uv": [47, 63], "uv_size": [7, 3]},
								"west": {"uv": [35, 63], "uv_size": [12, 3]},
								"up": {"uv": [28, 51], "uv_size": [7, 12]},
								"down": {"uv": [35, 63], "uv_size": [7, -12]}
							}
						}
					]
				},
				{
					"name": "front",
					"parent": "body",
					"pivot": [0, 0, 0],
					"cubes": [
						{
							"origin": [-8, 13, -8],
							"size": [10, 1, 16],
							"uv": {
								"north": {"uv": [52, 26], "uv_size": [10, 1]},
								"east": {"uv": [36, 26], "uv_size": [16, 1]},
								"south": {"uv": [78, 26], "uv_size": [10, 1]},
								"west": {"uv": [62, 26], "uv_size": [16, 1]},
								"up": {"uv": [52, 10], "uv_size": [10, 16]},
								"down": {"uv": [62, 26], "uv_size": [10, -16]}
							}
						},
						{
							"origin": [-8, 1, -8],
							"size": [10, 12, 1],
							"uv": {
								"north": {"uv": [31, 1], "uv_size": [10, 12]},
								"east": {"uv": [30, 1], "uv_size": [1, 12]},
								"south": {"uv": [42, 1], "uv_size": [10, 12]},
								"west": {"uv": [41, 1], "uv_size": [1, 12]},
								"up": {"uv": [31, 0], "uv_size": [10, 1]},
								"down": {"uv": [41, 1], "uv_size": [10, -1]}
							}
						},
						{
							"origin": [-7, 1, -7],
							"size": [8, 12, 14],
							"uv": {
								"north": {"uv": [14, 14], "uv_size": [8, 12]},
								"east": {"uv": [0, 14], "uv_size": [14, 12]},
								"south": {"uv": [36, 14], "uv_size": [8, 12]},
								"west": {"uv": [22, 14], "uv_size": [14, 12]},
								"up": {"uv": [14, 0], "uv_size": [8, 14]},
								"down": {"uv": [22, 14], "uv_size": [8, -14]}
							}
						},
						{
							"origin": [-8, 1, 7],
							"size": [10, 12, 1],
							"uv": {
								"north": {"uv": [65, 28], "uv_size": [10, 12]},
								"east": {"uv": [64, 28], "uv_size": [1, 12]},
								"south": {"uv": [76, 28], "uv_size": [10, 12]},
								"west": {"uv": [75, 28], "uv_size": [1, 12]},
								"up": {"uv": [65, 27], "uv_size": [10, 1]},
								"down": {"uv": [75, 28], "uv_size": [10, -1]}
							}
						},
						{
							"origin": [2, 1, -7],
							"size": [0, 12, 14],
							"uv": {
								"north": {"uv": [14, 43], "uv_size": [0, 12]},
								"east": {"uv": [0, 43], "uv_size": [14, 12]},
								"south": {"uv": [28, 43], "uv_size": [0, 12]},
								"west": {"uv": [14, 43], "uv_size": [14, 12]},
								"up": {"uv": [14, 29], "uv_size": [0, 14]},
								"down": {"uv": [14, 43], "uv_size": [0, -14]}
							}
						},
						{
							"origin": [-8, 0, -8],
							"size": [10, 1, 16],
							"uv": {
								"north": {"uv": [16, 42], "uv_size": [10, 1]},
								"east": {"uv": [0, 42], "uv_size": [16, 1]},
								"south": {"uv": [42, 42], "uv_size": [10, 1]},
								"west": {"uv": [26, 42], "uv_size": [16, 1]},
								"up": {"uv": [16, 26], "uv_size": [10, 16]},
								"down": {"uv": [26, 42], "uv_size": [10, -16]}
							}
						}
					]
				},
				{
					"name": "left_antena",
					"parent": "front",
					"pivot": [0, 0, 0],
					"cubes": [
						{
							"origin": [-4, 13.99843, -3.2071],
							"size": [1, 8, 1],
							"pivot": [0, 0, 0],
							"rotation": [-25, 0, 0],
							"uv": {
								"north": {"uv": [9, 6], "uv_size": [1, 8]},
								"east": {"uv": [8, 6], "uv_size": [1, 8]},
								"south": {"uv": [11, 6], "uv_size": [1, 8]},
								"west": {"uv": [10, 6], "uv_size": [1, 8]},
								"up": {"uv": [9, 5], "uv_size": [1, 1]},
								"down": {"uv": [10, 6], "uv_size": [1, -1]}
							}
						},
						{
							"origin": [-5, 21.99843, -4.2071],
							"size": [3, 0.5, 3],
							"pivot": [0, 0, 0],
							"rotation": [-25, 0, 0],
							"uv": {
								"north": {"uv": [3, 6], "uv_size": [3, 0]},
								"east": {"uv": [0, 6], "uv_size": [3, 0]},
								"south": {"uv": [9, 6], "uv_size": [3, 0]},
								"west": {"uv": [6, 6], "uv_size": [3, 0]},
								"up": {"uv": [3, 3], "uv_size": [3, 3]},
								"down": {"uv": [6, 6], "uv_size": [3, -3]}
							}
						}
					]
				},
				{
					"name": "left_antena2",
					"parent": "front",
					"pivot": [0, -2, 0],
					"cubes": [
						{
							"origin": [-4, 12.18581, 1.36187],
							"size": [1, 8, 1],
							"pivot": [0, 0, 0],
							"rotation": [25, 0, 0],
							"uv": {
								"north": {"uv": [1, 6], "uv_size": [1, 8]},
								"east": {"uv": [0, 6], "uv_size": [1, 8]},
								"south": {"uv": [3, 6], "uv_size": [1, 8]},
								"west": {"uv": [2, 6], "uv_size": [1, 8]},
								"up": {"uv": [1, 5], "uv_size": [1, 1]},
								"down": {"uv": [2, 6], "uv_size": [1, -1]}
							}
						},
						{
							"origin": [-5, 20.18581, 0.36187],
							"size": [3, 0.5, 3],
							"pivot": [0, 0, 0],
							"rotation": [25, 0, 0],
							"uv": {
								"north": {"uv": [3, 3], "uv_size": [3, 0]},
								"east": {"uv": [0, 3], "uv_size": [3, 0]},
								"south": {"uv": [9, 3], "uv_size": [3, 0]},
								"west": {"uv": [6, 3], "uv_size": [3, 0]},
								"up": {"uv": [3, 0], "uv_size": [3, 3]},
								"down": {"uv": [6, 3], "uv_size": [3, -3]}
							}
						}
					]
				}
			]
		}
	]
}