{
	"format_version": "1.12.0",
	"minecraft:geometry": [
		{
			"description": {
				"identifier": "geometry.tv_1",
				"texture_width": 128,
				"texture_height": 128,
				"visible_bounds_width": 3,
				"visible_bounds_height": 2.5,
				"visible_bounds_offset": [0, 0.75, 0]
			},
			"bones": [
				{
					"name": "root",
					"pivot": [0, 11, 0.5],
					"cubes": [
						{
							"origin": [-15, 3.8, 0.025],
							"size": [30, 14, 0.925],
							"uv": {
								"north": {"uv": [0, 67], "uv_size": [128, 61]},
								"east": {"uv": [0, 0], "uv_size": [2, 32]},
								"south": {"uv": [0, 0], "uv_size": [27, 14]},
								"west": {"uv": [0, 0], "uv_size": [2, 32]},
								"up": {"uv": [0, 13], "uv_size": [64, 2]},
								"down": {"uv": [0, 16], "uv_size": [64, -2]}
							}
						},
						{
							"origin": [-16, 17.8, 0],
							"size": [32, 1, 1.025],
							"uv": {
								"north": {"uv": [0, 0], "uv_size": [32, 1]},
								"east": {"uv": [0, 0], "uv_size": [1.025, 1]},
								"south": {"uv": [0, 0], "uv_size": [32, 1]},
								"west": {"uv": [0, 0], "uv_size": [1.025, 1]},
								"up": {"uv": [32, 1.025], "uv_size": [-32, -1.025]},
								"down": {"uv": [32, 1.025], "uv_size": [-32, -1.025]}
							}
						},
						{
							"origin": [15, 3.8, 0],
							"size": [1, 14, 1.025],
							"uv": {
								"north": {"uv": [0, 0], "uv_size": [1, 14]},
								"east": {"uv": [0, 0], "uv_size": [1.025, 14]},
								"south": {"uv": [0, 0], "uv_size": [1, 14]},
								"west": {"uv": [0, 0], "uv_size": [1.025, 14]},
								"up": {"uv": [1, 1.025], "uv_size": [-1, -1.025]},
								"down": {"uv": [1, 1.025], "uv_size": [-1, -1.025]}
							}
						},
						{
							"origin": [-16, 3.8, 0],
							"size": [1, 14, 1.025],
							"uv": {
								"north": {"uv": [0, 0], "uv_size": [1, 14]},
								"east": {"uv": [0, 0], "uv_size": [1.025, 14]},
								"south": {"uv": [0, 0], "uv_size": [1, 14]},
								"west": {"uv": [0, 0], "uv_size": [1.025, 14]},
								"up": {"uv": [1, 1.025], "uv_size": [-1, -1.025]},
								"down": {"uv": [1, 1.025], "uv_size": [-1, -1.025]}
							}
						},
						{
							"origin": [-16, 2.8, 0],
							"size": [32, 1, 1.025],
							"uv": {
								"north": {"uv": [0, 0], "uv_size": [32, 1]},
								"east": {"uv": [0, 0], "uv_size": [1.025, 1]},
								"south": {"uv": [0, 0], "uv_size": [32, 1]},
								"west": {"uv": [0, 0], "uv_size": [1.025, 1]},
								"up": {"uv": [32, 1.025], "uv_size": [-32, -1.025]},
								"down": {"uv": [32, 1.025], "uv_size": [-32, -1.025]}
							}
						}
					]
				},
				{
					"name": "left_leg",
					"parent": "root",
					"pivot": [-12.5, 3, -0.25],
					"cubes": [
						{
							"origin": [-13, -2.17157, -2.01777],
							"size": [1, 5, 1],
							"pivot": [0, 0, 0],
							"rotation": [-45, 0, 0],
							"uv": {
								"north": {"uv": [8, 0], "uv_size": [-2, 10]},
								"east": {"uv": [2, 4], "uv_size": [-2, 10]},
								"south": {"uv": [2, 0], "uv_size": [-2, 10]},
								"west": {"uv": [8, 0], "uv_size": [-2, 10]},
								"up": {"uv": [2, 0], "uv_size": [-2, 2]},
								"down": {"uv": [2, 2], "uv_size": [-2, -2]}
							}
						},
						{
							"origin": [-13, -2.97868, 1.82487],
							"size": [1, 5, 1],
							"pivot": [0, 0, 0],
							"rotation": [45, 0, 0],
							"uv": {
								"north": {"uv": [11, 1], "uv_size": [-2, 10]},
								"east": {"uv": [2, 0], "uv_size": [-2, 10]},
								"south": {"uv": [2, 3], "uv_size": [-2, 10]},
								"west": {"uv": [2, 0], "uv_size": [-2, 10]},
								"up": {"uv": [2, 0], "uv_size": [-2, 2]},
								"down": {"uv": [14, 12], "uv_size": [-2, -2]}
							}
						}
					]
				},
				{
					"name": "right_leg3",
					"parent": "root",
					"pivot": [12.5, 3, -0.25],
					"cubes": [
						{
							"origin": [12, -2.17157, -2.01777],
							"size": [1, 5, 1],
							"pivot": [0, 0, 0],
							"rotation": [-45, 0, 0],
							"uv": {
								"north": {"uv": [6, 0], "uv_size": [2, 10]},
								"east": {"uv": [6, 0], "uv_size": [2, 10]},
								"south": {"uv": [0, 0], "uv_size": [2, 10]},
								"west": {"uv": [0, 4], "uv_size": [2, 10]},
								"up": {"uv": [0, 0], "uv_size": [2, 2]},
								"down": {"uv": [0, 2], "uv_size": [2, -2]}
							}
						},
						{
							"origin": [12, -2.97868, 1.82487],
							"size": [1, 5, 1],
							"pivot": [0, 0, 0],
							"rotation": [45, 0, 0],
							"uv": {
								"north": {"uv": [9, 1], "uv_size": [2, 10]},
								"east": {"uv": [0, 0], "uv_size": [2, 10]},
								"south": {"uv": [0, 3], "uv_size": [2, 10]},
								"west": {"uv": [0, 0], "uv_size": [2, 10]},
								"up": {"uv": [0, 0], "uv_size": [2, 2]},
								"down": {"uv": [12, 12], "uv_size": [2, -2]}
							}
						}
					]
				},
				{
					"name": "left_leg2",
					"parent": "root",
					"pivot": [-12.5, 3, -0.25]
				}
			]
		}
	]
}