{
	"format_version": "1.12.0",
	"minecraft:geometry": [
		{
			"description": {
				"identifier": "geometry.tv_2",
				"texture_width": 520,
				"texture_height": 520,
				"visible_bounds_width": 3,
				"visible_bounds_height": 2.5,
				"visible_bounds_offset": [0, 0.75, 0]
			},
			"bones": [
				{
					"name": "bb_main",
					"pivot": [0, 0, 0],
					"rotation": [0, -90, 0],
					"cubes": [
						{
							"origin": [7, 1, -15],
							"size": [1, 14, 30],
							"uv": {
								"north": {"uv": [0, 0], "uv_size": [4.0625, 65]},
								"east": {"uv": [0, 268.125], "uv_size": [520, 251.875]},
								"south": {"uv": [0, 0], "uv_size": [4.0625, 65]},
								"west": {"uv": [0, 0], "uv_size": [130, 65]},
								"up": {"uv": [4.0625, 130], "uv_size": [-4.0625, -130]},
								"down": {"uv": [4.0625, 130], "uv_size": [-4.0625, -130]}
							}
						},
						{
							"origin": [6.95, 15, -16],
							"size": [1, 1, 32],
							"uv": {
								"north": {"uv": [0, 0], "uv_size": [1, 1]},
								"east": {"uv": [0, 0], "uv_size": [32, 1]},
								"south": {"uv": [0, 0], "uv_size": [1, 1]},
								"west": {"uv": [0, 0], "uv_size": [32, 1]},
								"up": {"uv": [1, 32], "uv_size": [-1, -32]},
								"down": {"uv": [1, 32], "uv_size": [-1, -32]}
							}
						},
						{
							"origin": [6.95, 1, -16],
							"size": [1, 14, 1],
							"uv": {
								"north": {"uv": [0, 0], "uv_size": [1, 14]},
								"east": {"uv": [0, 0], "uv_size": [1, 14]},
								"south": {"uv": [0, 0], "uv_size": [1, 14]},
								"west": {"uv": [0, 0], "uv_size": [1, 14]},
								"up": {"uv": [1, 1], "uv_size": [-1, -1]},
								"down": {"uv": [1, 1], "uv_size": [-1, -1]}
							}
						},
						{
							"origin": [6.95, 1, 15],
							"size": [1, 14, 1],
							"uv": {
								"north": {"uv": [0, 0], "uv_size": [1, 14]},
								"east": {"uv": [0, 0], "uv_size": [1, 14]},
								"south": {"uv": [0, 0], "uv_size": [1, 14]},
								"west": {"uv": [0, 0], "uv_size": [1, 14]},
								"up": {"uv": [1, 1], "uv_size": [-1, -1]},
								"down": {"uv": [1, 1], "uv_size": [-1, -1]}
							}
						},
						{
							"origin": [6.95, 0, -16],
							"size": [1, 1, 32],
							"uv": {
								"north": {"uv": [0, 0], "uv_size": [1, 1]},
								"east": {"uv": [0, 0], "uv_size": [32, 1]},
								"south": {"uv": [0, 0], "uv_size": [1, 1]},
								"west": {"uv": [0, 0], "uv_size": [32, 1]},
								"up": {"uv": [1, 32], "uv_size": [-1, -32]},
								"down": {"uv": [1, 32], "uv_size": [-1, -32]}
							}
						}
					]
				},
				{
					"name": "buttons",
					"pivot": [4, 0, 0],
					"cubes": [
						{
							"origin": [-1.75, 0.25, 6.875],
							"size": [0.5, 0.5, 0.5],
							"uv": {
								"north": {"uv": [508, 10], "uv_size": [0.5, 0.5]},
								"east": {"uv": [514, 4], "uv_size": [0.5, 0.5]},
								"south": {"uv": [0, 0], "uv_size": [0.5, 0.5]},
								"west": {"uv": [510, 4], "uv_size": [0.5, 0.5]},
								"up": {"uv": [514.5, 4.5], "uv_size": [-0.5, -0.5]},
								"down": {"uv": [512.5, 8.5], "uv_size": [-0.5, -0.5]}
							}
						},
						{
							"origin": [-0.75, 0.25, 6.875],
							"size": [0.5, 0.5, 0.5],
							"uv": {
								"north": {"uv": [508, 10], "uv_size": [0.5, 0.5]},
								"east": {"uv": [514, 4], "uv_size": [0.5, 0.5]},
								"south": {"uv": [0, 0], "uv_size": [0.5, 0.5]},
								"west": {"uv": [510, 4], "uv_size": [0.5, 0.5]},
								"up": {"uv": [514.5, 4.5], "uv_size": [-0.5, -0.5]},
								"down": {"uv": [512.5, 8.5], "uv_size": [-0.5, -0.5]}
							}
						},
						{
							"origin": [0.25, 0.25, 6.875],
							"size": [0.5, 0.5, 0.5],
							"uv": {
								"north": {"uv": [508, 10], "uv_size": [0.5, 0.5]},
								"east": {"uv": [514, 4], "uv_size": [0.5, 0.5]},
								"south": {"uv": [0, 0], "uv_size": [0.5, 0.5]},
								"west": {"uv": [510, 4], "uv_size": [0.5, 0.5]},
								"up": {"uv": [514.5, 4.5], "uv_size": [-0.5, -0.5]},
								"down": {"uv": [512.5, 8.5], "uv_size": [-0.5, -0.5]}
							}
						},
						{
							"origin": [1.25, 0.25, 6.875],
							"size": [0.5, 0.5, 0.5],
							"uv": {
								"north": {"uv": [508, 10], "uv_size": [0.5, 0.5]},
								"east": {"uv": [514, 4], "uv_size": [0.5, 0.5]},
								"south": {"uv": [0, 0], "uv_size": [0.5, 0.5]},
								"west": {"uv": [510, 4], "uv_size": [0.5, 0.5]},
								"up": {"uv": [514.5, 4.5], "uv_size": [-0.5, -0.5]},
								"down": {"uv": [512.5, 8.5], "uv_size": [-0.5, -0.5]}
							}
						}
					]
				}
			]
		}
	]
}