{
	"format_version": "1.12.0",
	"minecraft:geometry": [
		{
			"description": {
				"identifier": "geometry.xbox_series_x",
				"texture_width": 32,
				"texture_height": 32,
				"visible_bounds_width": 2,
				"visible_bounds_height": 2.5,
				"visible_bounds_offset": [0, 0.75, 0]
			},
			"bones": [
				{
					"name": "bb_main",
					"pivot": [0, 0, 0],
					"cubes": [
						{
							"origin": [-2.5, 0, -2.5],
							"size": [5, 10, 5],
							"uv": {
								"north": {"uv": [8, 8], "uv_size": [8, 16]},
								"east": {"uv": [0, 8], "uv_size": [8, 16]},
								"south": {"uv": [24, 8], "uv_size": [8, 16]},
								"west": {"uv": [16, 8], "uv_size": [8, 16]},
								"up": {"uv": [8, 0], "uv_size": [8, 8]},
								"down": {"uv": [16, 8], "uv_size": [8, -8]}
							}
						}
					]
				}
			]
		}
	]
}