{
	"format_version": "1.12.0",
	"minecraft:geometry": [
		{
			"description": {
				"identifier": "geometry.kitchen_drawer_0_closed",
				"texture_width": 128,
				"texture_height": 128,
				"visible_bounds_width": 2,
				"visible_bounds_height": 2.5,
				"visible_bounds_offset": [0, 0.75, 0]
			},
			"bones": [
				{
					"name": "bone",
					"pivot": [0, 0, 0],
					"cubes": [
						{
							"origin": [-6, 0, -8],
							"size": [12, 2, 16],
							"uv": {
								"north": {"uv": [16, 34], "uv_size": [12, 2]},
								"east": {"uv": [0, 34], "uv_size": [16, 2]},
								"south": {"uv": [44, 34], "uv_size": [12, 2]},
								"west": {"uv": [28, 34], "uv_size": [16, 2]},
								"up": {"uv": [16, 18], "uv_size": [12, 16]},
								"down": {"uv": [28, 34], "uv_size": [12, -16]}
							}
						},
						{
							"origin": [-6, 13, -8],
							"size": [12, 1, 1],
							"uv": {
								"north": {"uv": [21, 51], "uv_size": [12, 1]},
								"east": {"uv": [20, 51], "uv_size": [1, 1]},
								"south": {"uv": [34, 51], "uv_size": [12, 1]},
								"west": {"uv": [33, 51], "uv_size": [1, 1]},
								"up": {"uv": [21, 50], "uv_size": [12, 1]},
								"down": {"uv": [33, 51], "uv_size": [12, -1]}
							}
						},
						{
							"origin": [-6, 6.25, -8],
							"size": [12, 2.75, 1],
							"uv": {
								"north": {"uv": [41, 31], "uv_size": [12, 2]},
								"east": {"uv": [40, 31], "uv_size": [1, 2]},
								"south": {"uv": [54, 31], "uv_size": [12, 2]},
								"west": {"uv": [53, 31], "uv_size": [1, 2]},
								"up": {"uv": [41, 30], "uv_size": [12, 1]},
								"down": {"uv": [53, 31], "uv_size": [12, -1]}
							}
						},
						{
							"origin": [-6, 1, 7],
							"size": [12, 13, 1],
							"uv": {
								"north": {"uv": [21, 37], "uv_size": [12, 13]},
								"east": {"uv": [20, 37], "uv_size": [1, 13]},
								"south": {"uv": [34, 37], "uv_size": [12, 13]},
								"west": {"uv": [33, 37], "uv_size": [1, 13]},
								"up": {"uv": [21, 36], "uv_size": [12, 1]},
								"down": {"uv": [33, 37], "uv_size": [12, -1]}
							}
						},
						{
							"origin": [-8, 0, -8],
							"size": [2, 14, 16],
							"uv": {
								"north": {"uv": [16, 52], "uv_size": [2, 14]},
								"east": {"uv": [0, 52], "uv_size": [16, 14]},
								"south": {"uv": [34, 52], "uv_size": [2, 14]},
								"west": {"uv": [18, 52], "uv_size": [16, 14]},
								"up": {"uv": [16, 36], "uv_size": [2, 16]},
								"down": {"uv": [18, 52], "uv_size": [2, -16]}
							}
						},
						{
							"origin": [6, 0, -8],
							"size": [2, 14, 16],
							"uv": {
								"north": {"uv": [52, 52], "uv_size": [2, 14]},
								"east": {"uv": [36, 52], "uv_size": [16, 14]},
								"south": {"uv": [70, 52], "uv_size": [2, 14]},
								"west": {"uv": [54, 52], "uv_size": [16, 14]},
								"up": {"uv": [52, 36], "uv_size": [2, 16]},
								"down": {"uv": [54, 52], "uv_size": [2, -16]}
							}
						},
						{
							"origin": [-8, 14, -8],
							"size": [16, 2, 16],
							"uv": {
								"north": {"uv": [16, 16], "uv_size": [16, 2]},
								"east": {"uv": [0, 16], "uv_size": [16, 2]},
								"south": {"uv": [48, 16], "uv_size": [16, 2]},
								"west": {"uv": [32, 16], "uv_size": [16, 2]},
								"up": {"uv": [16, 0], "uv_size": [16, 16]},
								"down": {"uv": [32, 16], "uv_size": [16, -16]}
							}
						}
					]
				},
				{
					"name": "bone2",
					"parent": "bone",
					"pivot": [0, 0, 6.75],
					"cubes": [
						{
							"origin": [-6.25, 8.5, -8.5],
							"size": [12.5, 5, 1],
							"uv": {
								"north": {"uv": [65, 13], "uv_size": [12, 5]},
								"east": {"uv": [64, 13], "uv_size": [1, 5]},
								"south": {"uv": [78, 13], "uv_size": [12, 5]},
								"west": {"uv": [77, 13], "uv_size": [1, 5]},
								"up": {"uv": [65, 12], "uv_size": [12, 1]},
								"down": {"uv": [77, 13], "uv_size": [12, -1]}
							}
						},
						{
							"origin": [-5.25, 9.75, 3.25],
							"size": [10.5, 3, 1],
							"uv": {
								"north": {"uv": [38, 67], "uv_size": [10, 3]},
								"east": {"uv": [37, 67], "uv_size": [1, 3]},
								"south": {"uv": [49, 67], "uv_size": [10, 3]},
								"west": {"uv": [48, 67], "uv_size": [1, 3]},
								"up": {"uv": [38, 66], "uv_size": [10, 1]},
								"down": {"uv": [48, 67], "uv_size": [10, -1]}
							}
						},
						{
							"origin": [-5.25, 8.75, -7.5],
							"size": [10.5, 1, 11.75],
							"uv": {
								"north": {"uv": [59, 11], "uv_size": [10, 1]},
								"east": {"uv": [48, 11], "uv_size": [11, 1]},
								"south": {"uv": [80, 11], "uv_size": [10, 1]},
								"west": {"uv": [69, 11], "uv_size": [11, 1]},
								"up": {"uv": [59, 0], "uv_size": [10, 11]},
								"down": {"uv": [69, 11], "uv_size": [10, -11]}
							}
						},
						{
							"origin": [-6.25, 8.75, -7.5],
							"size": [1, 4, 11.5],
							"uv": {
								"north": {"uv": [35, 77], "uv_size": [1, 4]},
								"east": {"uv": [24, 77], "uv_size": [11, 4]},
								"south": {"uv": [47, 77], "uv_size": [1, 4]},
								"west": {"uv": [36, 77], "uv_size": [11, 4]},
								"up": {"uv": [35, 66], "uv_size": [1, 11]},
								"down": {"uv": [36, 77], "uv_size": [1, -11]}
							}
						},
						{
							"origin": [5.25, 8.75, -7.5],
							"size": [1, 4, 11.5],
							"uv": {
								"north": {"uv": [11, 77], "uv_size": [1, 4]},
								"east": {"uv": [0, 77], "uv_size": [11, 4]},
								"south": {"uv": [23, 77], "uv_size": [1, 4]},
								"west": {"uv": [12, 77], "uv_size": [11, 4]},
								"up": {"uv": [11, 66], "uv_size": [1, 11]},
								"down": {"uv": [12, 77], "uv_size": [1, -11]}
							}
						},
						{
							"origin": [-1.5, 10.75, -8.75],
							"size": [3, 1, 1],
							"uv": {
								"north": {"uv": [1, 3], "uv_size": [3, 1]},
								"east": {"uv": [0, 3], "uv_size": [1, 1]},
								"south": {"uv": [5, 3], "uv_size": [3, 1]},
								"west": {"uv": [4, 3], "uv_size": [1, 1]},
								"up": {"uv": [1, 2], "uv_size": [3, 1]},
								"down": {"uv": [4, 3], "uv_size": [3, -1]}
							}
						}
					]
				},
				{
					"name": "bone3",
					"parent": "bone",
					"pivot": [0, -7, 6.75],
					"cubes": [
						{
							"origin": [-6.25, 1.5, -8.5],
							"size": [12.5, 5, 1],
							"uv": {
								"north": {"uv": [57, 46], "uv_size": [12, 5]},
								"east": {"uv": [56, 46], "uv_size": [1, 5]},
								"south": {"uv": [70, 46], "uv_size": [12, 5]},
								"west": {"uv": [69, 46], "uv_size": [1, 5]},
								"up": {"uv": [57, 45], "uv_size": [12, 1]},
								"down": {"uv": [69, 46], "uv_size": [12, -1]}
							}
						},
						{
							"origin": [-5.25, 2.75, 3.25],
							"size": [10.5, 3, 1],
							"uv": {
								"north": {"uv": [14, 67], "uv_size": [10, 3]},
								"east": {"uv": [13, 67], "uv_size": [1, 3]},
								"south": {"uv": [25, 67], "uv_size": [10, 3]},
								"west": {"uv": [24, 67], "uv_size": [1, 3]},
								"up": {"uv": [14, 66], "uv_size": [10, 1]},
								"down": {"uv": [24, 67], "uv_size": [10, -1]}
							}
						},
						{
							"origin": [-5.25, 1.75, -7.5],
							"size": [10.5, 1, 11.75],
							"uv": {
								"north": {"uv": [51, 29], "uv_size": [10, 1]},
								"east": {"uv": [40, 29], "uv_size": [11, 1]},
								"south": {"uv": [72, 29], "uv_size": [10, 1]},
								"west": {"uv": [61, 29], "uv_size": [11, 1]},
								"up": {"uv": [51, 18], "uv_size": [10, 11]},
								"down": {"uv": [61, 29], "uv_size": [10, -11]}
							}
						},
						{
							"origin": [-6.25, 1.75, -7.5],
							"size": [1, 4, 11.5],
							"uv": {
								"north": {"uv": [72, 66], "uv_size": [1, 4]},
								"east": {"uv": [61, 66], "uv_size": [11, 4]},
								"south": {"uv": [84, 66], "uv_size": [1, 4]},
								"west": {"uv": [73, 66], "uv_size": [11, 4]},
								"up": {"uv": [72, 55], "uv_size": [1, 11]},
								"down": {"uv": [73, 66], "uv_size": [1, -11]}
							}
						},
						{
							"origin": [5.25, 1.75, -7.5],
							"size": [1, 4, 11.5],
							"uv": {
								"north": {"uv": [67, 41], "uv_size": [1, 4]},
								"east": {"uv": [56, 41], "uv_size": [11, 4]},
								"south": {"uv": [79, 41], "uv_size": [1, 4]},
								"west": {"uv": [68, 41], "uv_size": [11, 4]},
								"up": {"uv": [67, 30], "uv_size": [1, 11]},
								"down": {"uv": [68, 41], "uv_size": [1, -11]}
							}
						},
						{
							"origin": [-1.5, 3.75, -8.75],
							"size": [3, 1, 1],
							"uv": {
								"north": {"uv": [1, 1], "uv_size": [3, 1]},
								"east": {"uv": [0, 1], "uv_size": [1, 1]},
								"south": {"uv": [5, 1], "uv_size": [3, 1]},
								"west": {"uv": [4, 1], "uv_size": [1, 1]},
								"up": {"uv": [1, 0], "uv_size": [3, 1]},
								"down": {"uv": [4, 1], "uv_size": [3, -1]}
							}
						}
					]
				}
			]
		}
	]
}