{
	"format_version": "1.12.0",
	"minecraft:geometry": [
		{
			"description": {
				"identifier": "geometry.clock_0",
				"texture_width": 64,
				"texture_height": 64,
				"visible_bounds_width": 3,
				"visible_bounds_height": 2.5,
				"visible_bounds_offset": [0, 0.75, 0]
			},
			"bones": [
				{
					"name": "bone",
					"pivot": [0, 0, 7],
					"cubes": [
						{"origin": [-7, 0, 6], "size": [14, 2, 2], "uv": [0, 23]},
						{"origin": [-7, 2, 7], "size": [14, 18, 1], "uv": [0, 0]},
						{"origin": [-7, 20, 6], "size": [14, 2, 2], "uv": [0, 19]},
						{"origin": [9, 4, 6], "size": [2, 14, 2], "uv": [8, 27]},
						{"origin": [-11, 4, 6], "size": [2, 14, 2], "uv": [0, 27]},
						{"origin": [-9, 4, 7], "size": [2, 14, 1], "uv": [22, 27]},
						{"origin": [7, 4, 7], "size": [2, 14, 1], "uv": [16, 27]},
						{"origin": [7, 2, 6], "size": [2, 2, 2], "uv": [30, 8]},
						{"origin": [-1, 10, 6.5], "size": [2, 2, 1], "uv": [31, 22]},
						{"origin": [-9, 2, 6], "size": [2, 2, 2], "uv": [30, 0]},
						{"origin": [7, 18, 6], "size": [2, 2, 2], "uv": [30, 4]},
						{"origin": [-9, 18, 6], "size": [2, 2, 2], "uv": [28, 27]}
					]
				}
			]
		}
	]
}