{
	"format_version": "1.12.0",
	"minecraft:geometry": [
		{
			"description": {
				"identifier": "geometry.clock_0_face",
				"texture_width": 64,
				"texture_height": 64,
				"visible_bounds_width": 3,
				"visible_bounds_height": 2.5,
				"visible_bounds_offset": [0, 0.75, 0]
			},
			"bones": [
				{
					"name": "bone",
					"pivot": [0, 0, 7],
					"cubes": [
						{"origin": [-1, 10, 6.5], "size": [2, 2, 1], "uv": [31, 22]}
					]
				},
				{
					"name": "bone2",
					"parent": "bone",
					"pivot": [0, 11, 7.5],
					"cubes": [
						{"origin": [-8, 10.5, 6.5], "size": [1, 1, 1], "pivot": [0, 11, 7.5], "rotation": [0, 0, 30], "uv": [33, 18]},
						{"origin": [7, 10.5, 6.5], "size": [1, 1, 1], "pivot": [0, 11, 7.5], "rotation": [0, 0, -30], "uv": [32, 33]},
						{"origin": [-8, 10.5, 6.5], "size": [1, 1, 1], "pivot": [0, 11, 7.5], "rotation": [0, 0, 57.5], "uv": [33, 20]},
						{"origin": [7, 10.5, 6.5], "size": [1, 1, 1], "pivot": [0, 11, 7.5], "rotation": [0, 0, -57.5], "uv": [34, 12]},
						{"origin": [-8, 10.5, 6.5], "size": [1, 1, 1], "pivot": [0, 11, 7.5], "rotation": [0, 0, -30], "uv": [32, 25]},
						{"origin": [-8, 10.5, 6.5], "size": [1, 1, 1], "pivot": [0, 11, 7.5], "rotation": [0, 0, -57.5], "uv": [6, 27]},
						{"origin": [7, 10.5, 6.5], "size": [1, 1, 1], "pivot": [0, 11, 7.5], "rotation": [0, 0, 57.5], "uv": [30, 19]},
						{"origin": [7, 10.5, 6.5], "size": [1, 1, 1], "pivot": [0, 11, 7.5], "rotation": [0, 0, 30], "uv": [32, 31]},
						{"origin": [7, 10.5, 6.5], "size": [1, 1, 1], "uv": [34, 14]},
						{"origin": [-8, 10.5, 6.5], "size": [1, 1, 1], "uv": [34, 16]},
						{"origin": [-0.5, 3, 6.5], "size": [1, 1, 1], "uv": [34, 27]},
						{"origin": [-0.5, 18, 6.5], "size": [1, 1, 1], "uv": [35, 30]}
					]
				},
				{
					"name": "bone4",
					"parent": "bone",
					"pivot": [0, 11, 7.25],
					"cubes": [
						{"origin": [-0.5, 11, 6.75], "size": [1, 4, 1], "pivot": [0, 11, 7.75], "rotation": [0, 0, 70], "uv": [28, 31]}
					]
				},
				{
					"name": "bone3",
					"parent": "bone",
					"pivot": [0, 11, 7.25],
					"cubes": [
						{"origin": [-0.5, 11, 6.75], "size": [1, 6, 1], "uv": [30, 12]}
					]
				}
			]
		}
	]
}