{
	"format_version": "1.12.0",
	"minecraft:geometry": [
		{
			"description": {
				"identifier": "geometry.couch_0",
				"texture_width": 128,
				"texture_height": 128,
				"visible_bounds_width": 5,
				"visible_bounds_height": 2.5,
				"visible_bounds_offset": [0, 0.75, 0]
			},
			"bones": [
				{
					"name": "bone",
					"pivot": [0, 0, 0],
					"cubes": [
						{"origin": [-24, 2, -8], "size": [48, 5, 16], "uv": [0, 0]},
						{"origin": [-24, 7, 5], "size": [48, 10, 3], "uv": [0, 21]},
						{"origin": [-23, 17, 5], "size": [46, 1, 3], "uv": [0, 34]},
						{"origin": [-22, 18, 5], "size": [44, 1, 3], "uv": [0, 38]},
						{"origin": [-24, 7, -8], "size": [3, 5, 13], "uv": [19, 76]},
						{"origin": [-25.75, 9, -8.075], "size": [4, 4, 16.175], "uv": [58, 60]},
						{"origin": [21.75, 9, -8.075], "size": [4, 4, 16.175], "uv": [34, 56]},
						{"origin": [21, 7, -8], "size": [3, 5, 13], "uv": [0, 68]},
						{"origin": [-23.75, 0.5, 4.75], "size": [3, 2, 3], "uv": [40, 47]},
						{"origin": [-23.75, 0.5, -7.75], "size": [3, 2, 3], "uv": [40, 42]},
						{"origin": [20.75, 0.5, 4.75], "size": [3, 2, 3], "uv": [0, 47]},
						{"origin": [20.75, 0.5, -7.75], "size": [3, 2, 3], "uv": [0, 42]},
						{"origin": [-21, 6.25, -7.5], "size": [13, 1, 12.5], "uv": [0, 55]},
						{"origin": [-7, 6.25, -7.5], "size": [14, 1, 12.5], "uv": [0, 42]},
						{"origin": [8, 6.25, -7.5], "size": [13, 1, 12.5], "uv": [40, 43]}
					]
				},
				{
					"name": "bone2",
					"parent": "bone",
					"pivot": [17, 7, 2],
					"rotation": [-22.5, 50, 0],
					"cubes": [
						{"origin": [15, 7, 1], "size": [7, 5, 2], "uv": [78, 42]},
						{"origin": [15.25, 7.25, 0.75], "size": [6.5, 4.5, 2], "uv": [0, 6]}
					]
				},
				{
					"name": "bone3",
					"parent": "bone",
					"pivot": [-17, 7, 2],
					"rotation": [-22.5, -50, 0],
					"cubes": [
						{"origin": [-22, 7, 1], "size": [7, 5, 2], "uv": [38, 76]},
						{"origin": [-21.75, 7.25, 0.75], "size": [6.5, 4.5, 2], "uv": [0, 0]}
					]
				}
			]
		}
	]
}