{
	"format_version": "1.12.0",
	"minecraft:geometry": [
		{
			"description": {
				"identifier": "geometry.couch_1",
				"texture_width": 128,
				"texture_height": 128,
				"visible_bounds_width": 4,
				"visible_bounds_height": 2.5,
				"visible_bounds_offset": [0, 0.75, 0]
			},
			"bones": [
				{
					"name": "bone",
					"pivot": [8, 0, 0],
					"cubes": [
						{"origin": [-16, 2, -8], "size": [32, 5, 16], "uv": [0, 0]},
						{"origin": [-16, 7, 5], "size": [32, 10, 3], "uv": [0, 21]},
						{"origin": [-15, 17, 5], "size": [30, 1, 3], "uv": [0, 34]},
						{"origin": [-14, 18, 5], "size": [28, 1, 3], "uv": [0, 38]},
						{"origin": [-16, 7, -8], "size": [3, 5, 13], "uv": [67, 63]},
						{"origin": [-17.75, 9, -8.075], "size": [4, 4, 16.175], "uv": [40, 56]},
						{"origin": [13.75, 9, -8.075], "size": [4, 4, 16.175], "uv": [0, 55]},
						{"origin": [13, 7, -8], "size": [3, 5, 13], "uv": [62, 25]},
						{"origin": [-15.75, 0.5, 4.75], "size": [3, 2, 3], "uv": [36, 47]},
						{"origin": [-15.75, 0.5, -7.75], "size": [3, 2, 3], "uv": [36, 42]},
						{"origin": [12.75, 0.5, 4.75], "size": [3, 2, 3], "uv": [0, 47]},
						{"origin": [12.75, 0.5, -7.75], "size": [3, 2, 3], "uv": [0, 42]},
						{"origin": [-13, 6.25, -7.5], "size": [12.5, 1, 12.5], "uv": [36, 43]},
						{"origin": [0.5, 6.25, -7.5], "size": [12.5, 1, 12.5], "uv": [0, 42]}
					]
				},
				{
					"name": "bone2",
					"parent": "bone",
					"pivot": [9, 7, 2],
					"rotation": [-22.5, 50, 0],
					"cubes": [
						{"origin": [7, 7, 1], "size": [7, 5, 2], "uv": [24, 63]},
						{"origin": [7.25, 7.25, 0.75], "size": [6.5, 4.5, 2], "uv": [0, 6]}
					]
				},
				{
					"name": "bone3",
					"parent": "bone",
					"pivot": [-9, 7, 2],
					"rotation": [-22.5, -50, 0],
					"cubes": [
						{"origin": [-14, 7, 1], "size": [7, 5, 2], "uv": [24, 56]},
						{"origin": [-13.75, 7.25, 0.75], "size": [6.5, 4.5, 2], "uv": [0, 0]}
					]
				}
			]
		}
	]
}