{
	"format_version": "1.12.0",
	"minecraft:geometry": [
		{
			"description": {
				"identifier": "geometry.gaming_chair_0",
				"texture_width": 128,
				"texture_height": 128,
				"visible_bounds_width": 3,
				"visible_bounds_height": 3.5,
				"visible_bounds_offset": [0, 1.25, 0]
			},
			"bones": [
				{
					"name": "bone",
					"pivot": [0, 0, 0]
				},
				{
					"name": "bone2",
					"parent": "bone",
					"pivot": [0, -1, 0],
					"cubes": [
						{"origin": [-1, 1, -7], "size": [2, 1, 14], "uv": [0, 26]},
						{"origin": [1, 1, -1], "size": [6, 1, 2], "uv": [26, 50]},
						{"origin": [-7, 1, -1], "size": [6, 1, 2], "uv": [38, 28]},
						{"origin": [-1.25, 0, -7.75], "size": [2.5, 1.5, 1.75], "uv": [34, 15]},
						{"origin": [-1.25, 0, 6], "size": [2.5, 1.5, 1.75], "uv": [18, 26]},
						{"origin": [6, 0, -1.25], "size": [1.75, 1.5, 2.5], "uv": [8, 34]},
						{"origin": [-7.75, 0, -1.25], "size": [1.75, 1.5, 2.5], "uv": [33, 18]},
						{"origin": [-1.5, 0.75, -1.5], "size": [3, 2, 3], "uv": [18, 32]},
						{"origin": [-1, 2, -1], "size": [2, 8, 2], "uv": [0, 15]}
					]
				},
				{
					"name": "bone3",
					"parent": "bone",
					"pivot": [0, 0, 0],
					"cubes": [
						{"origin": [-6, 10, -7], "size": [12, 1.25, 14], "uv": [0, 0]},
						{"origin": [-5, 9.5, -5], "size": [10, 1, 10], "uv": [0, 15]},
						{"origin": [-6.03407, 10.25882, -6], "size": [1, 2.5, 11], "pivot": [-5.03407, 10.25882, 0], "rotation": [0, 0, -15], "uv": [13, 43]},
						{"origin": [5.03407, 10.25882, -6], "size": [1, 2.5, 11], "pivot": [5.03407, 10.25882, 0], "rotation": [0, 0, 15], "uv": [0, 41]},
						{"origin": [6, 10, 0], "size": [2, 1, 1], "uv": [6, 12]},
						{"origin": [-8, 10, 0], "size": [2, 1, 1], "uv": [0, 12]},
						{"origin": [7, 11, 0], "size": [1, 4, 1], "uv": [30, 20]},
						{"origin": [-8, 11, 0], "size": [1, 4, 1], "uv": [30, 15]},
						{"origin": [6.75, 14.5, -6], "size": [2, 1, 12], "pivot": [8, 14.5, 0], "rotation": [5, 0, 0], "uv": [38, 0]},
						{"origin": [-8.75, 14.5, -6], "size": [2, 1, 12], "pivot": [-8, 14.5, 0], "rotation": [5, 0, 0], "uv": [28, 15]},
						{"origin": [-8.5, 16.75, 8], "size": [3, 11.5, 1.5], "pivot": [0.5, 10.75, 8.5], "rotation": [-5, -17.5, 0], "uv": [0, 26]},
						{"origin": [5.5, 16.75, 8], "size": [3, 11.5, 1.5], "pivot": [-0.5, 10.75, 8.5], "rotation": [-5, 17.5, 0], "uv": [0, 0]},
						{"origin": [-4.25, 31.39418, 7.57641], "size": [8.75, 4, 1.5], "pivot": [0, 28.75, 8.5], "rotation": [-5, 0, 0], "uv": [44, 21]},
						{"origin": [-1.25, 28.51522, 5.65138], "size": [2.5, 3, 1.5], "pivot": [0, 6.76522, 6.15138], "rotation": [-5, 0, 0], "uv": [8, 8]},
						{"origin": [-4.75, 26.51522, 6.15138], "size": [9.75, 3, 1.5], "uv": [18, 28]},
						{"origin": [-7.49999, 28.37437, 5.65138], "size": [2, 7.25, 1.5], "pivot": [-7.24999, 6.87437, 6.15138], "rotation": [-5, 0, 5], "uv": [8, 26]},
						{"origin": [5.74999, 28.37437, 5.65138], "size": [2, 7.25, 1.5], "pivot": [7.49999, 6.87437, 6.15138], "rotation": [-5, 0, -5], "uv": [8, 0]},
						{"origin": [-6, 10.75, 6], "size": [12, 17.75, 1.5], "pivot": [0, 10.75, 6.5], "rotation": [-5, 0, 0], "uv": [32, 32]},
						{"origin": [-4.75, 11, 3.5], "size": [9.5, 3.25, 3], "uv": [44, 15]}
					]
				}
			]
		}
	]
}