{
	"format_version": "1.12.0",
	"minecraft:geometry": [
		{
			"description": {
				"identifier": "geometry.chalkboard_0",
				"texture_width": 128,
				"texture_height": 128,
				"visible_bounds_width": 4,
				"visible_bounds_height": 3.5,
				"visible_bounds_offset": [0, 1.25, 0]
			},
			"bones": [
				{
					"name": "bone",
					"pivot": [0, 0, 0],
					"cubes": [
						{
							"origin": [-24, 0, 5],
							"size": [48, 0.25, 2],
							"uv": {
								"north": {"uv": [50, 12], "uv_size": [48, 0.5]},
								"east": {"uv": [51, 28], "uv_size": [2, 0.5]},
								"south": {"uv": [50, 13], "uv_size": [48, 0.5]},
								"west": {"uv": [51, 29], "uv_size": [2, 0.5]},
								"up": {"uv": [46, 0], "uv_size": [48, 2]},
								"down": {"uv": [46, 4], "uv_size": [48, -2]}
							}
						},
						{
							"origin": [-24, 0, 7],
							"size": [48, 1, 1],
							"uv": {
								"north": {"uv": [46, 8], "uv_size": [48, 1]},
								"east": {"uv": [51, 36], "uv_size": [1, 1]},
								"south": {"uv": [46, 9], "uv_size": [48, 1]},
								"west": {"uv": [51, 37], "uv_size": [1, 1]},
								"up": {"uv": [46, 10], "uv_size": [48, 1]},
								"down": {"uv": [46, 12], "uv_size": [48, -1]}
							}
						},
						{
							"origin": [-24, 31, 7],
							"size": [48, 1, 1],
							"uv": {
								"north": {"uv": [46, 4], "uv_size": [48, 1]},
								"east": {"uv": [51, 34], "uv_size": [1, 1]},
								"south": {"uv": [46, 5], "uv_size": [48, 1]},
								"west": {"uv": [51, 35], "uv_size": [1, 1]},
								"up": {"uv": [46, 6], "uv_size": [48, 1]},
								"down": {"uv": [46, 8], "uv_size": [48, -1]}
							}
						},
						{
							"origin": [-24, 1, 7],
							"size": [1, 30, 1],
							"uv": {
								"north": {"uv": [46, 12], "uv_size": [1, 30]},
								"east": {"uv": [46, 42], "uv_size": [1, 30]},
								"south": {"uv": [47, 12], "uv_size": [1, 30]},
								"west": {"uv": [47, 42], "uv_size": [1, 30]},
								"up": {"uv": [51, 30], "uv_size": [1, 1]},
								"down": {"uv": [51, 32], "uv_size": [1, -1]}
							}
						},
						{
							"origin": [-23, 1, 7.75],
							"size": [46, 30, 0.25],
							"uv": {
								"north": {"uv": [0, 0], "uv_size": [46, 30]},
								"east": {"uv": [50, 16], "uv_size": [0.5, 30]},
								"south": {"uv": [0, 30], "uv_size": [46, 30]},
								"west": {"uv": [50, 46], "uv_size": [0.5, 30]},
								"up": {"uv": [50, 14], "uv_size": [46, 0.5]},
								"down": {"uv": [50, 15.5], "uv_size": [46, -0.5]}
							}
						},
						{
							"origin": [23, 1, 7],
							"size": [1, 30, 1],
							"uv": {
								"north": {"uv": [48, 12], "uv_size": [1, 30]},
								"east": {"uv": [48, 42], "uv_size": [1, 30]},
								"south": {"uv": [49, 12], "uv_size": [1, 30]},
								"west": {"uv": [49, 42], "uv_size": [1, 30]},
								"up": {"uv": [51, 32], "uv_size": [1, 1]},
								"down": {"uv": [51, 34], "uv_size": [1, -1]}
							}
						},
						{
							"origin": [18, 0.25, 5.25],
							"size": [4, 0.75, 1.75],
							"uv": {
								"north": {"uv": [51, 20], "uv_size": [4, 1]},
								"east": {"uv": [51, 22], "uv_size": [2, 1]},
								"south": {"uv": [51, 21], "uv_size": [4, 1]},
								"west": {"uv": [51, 23], "uv_size": [2, 1]},
								"up": {"uv": [51, 16], "uv_size": [4, 2]},
								"down": {"uv": [51, 20], "uv_size": [4, -2]}
							}
						},
						{
							"origin": [14.5, 0.25, 5.4],
							"size": [2.5, 0.3, 0.35],
							"uv": {
								"north": {"uv": [51, 24], "uv_size": [2.5, 0.5]},
								"east": {"uv": [51, 42], "uv_size": [0.5, 0.5]},
								"south": {"uv": [51, 25], "uv_size": [2.5, 0.5]},
								"west": {"uv": [51, 43], "uv_size": [0.5, 0.5]},
								"up": {"uv": [51, 26], "uv_size": [2.5, 0.5]},
								"down": {"uv": [51, 27.5], "uv_size": [2.5, -0.5]}
							}
						},
						{
							"origin": [14, 0.25, 6.4],
							"size": [1.4, 0.3, 0.35],
							"pivot": [15.25, 0.4, 6.275],
							"rotation": [0, -12.5, 0],
							"uv": {
								"north": {"uv": [51, 38], "uv_size": [1.5, 0.5]},
								"east": {"uv": [51, 44], "uv_size": [0.5, 0.5]},
								"south": {"uv": [51, 39], "uv_size": [1.5, 0.5]},
								"west": {"uv": [51, 45], "uv_size": [0.5, 0.5]},
								"up": {"uv": [51, 40], "uv_size": [1.5, 0.5]},
								"down": {"uv": [51, 41.5], "uv_size": [1.5, -0.5]}
							}
						}
					]
				}
			]
		}
	]
}