{
	"format_version": "1.16.100",
	"minecraft:entity": {
		"description": {
			"identifier": "bony:beach_ball_0",
			"is_spawnable": true,
			"is_summonable": true,
			"is_experimental": false
		},
		"components": {
			"minecraft:physics": {
				"has_gravity": true,
				"has_collision": true
			},
			"minecraft:pushable": {
				"is_pushable": false
			},
			"minecraft:collision_box": {
				"width": 1,
				"height": 0.2
			},
			"minecraft:buoyant": {
				"apply_gravity": true,
				"base_buoyancy": 1,
				"simulate_waves": true,
				"big_wave_probability": 0.3,
				"big_wave_speed": 10,
				"drag_down_on_buoyancy_removed": 0,
				"liquid_blocks": [
					"minecraft:water"
				]
			},
			"minecraft:input_ground_controlled": {},
			"minecraft:health": {
				"value": 10,
				"max": 10
			},
			"minecraft:movement": {
				"value": 0
			},
			"minecraft:movement.basic": {},
			"minecraft:loot": {
				"table": "loot_tables/beach_ball_0.json"
			}
		},
		"component_groups": {},
		"events": {}
	}
}