{
	"format_version": "1.17.0",
	"minecraft:entity": {
		"description": {
			"identifier": "bony:clock_0_face",
			"runtime_identifier": {},
			"is_summonable": true,
			"is_spawnable": false
		},
		"component_groups": {
			"remove": {
				"minecraft:instant_despawn": {}
			}
		},
		"components": {
			"minecraft:physics": {
				"has_collision": false,
				"has_gravity": false
			},
			"minecraft:damage_sensor": {
				"triggers": [
					{
						"cause": "all",
						"deals_damage": false
					}
				]
			},
			"minecraft:collision_box": {
				"width": 0.01,
				"height": 0.01
			},
			"minecraft:type_family": {
				"family": [
					"furniture",
					"temp"
				]
			}
		},
		"events": {
			"remove": {
				"add": {
					"component_groups": [
						"remove"
					]
				}
			}
		}
	}
}