{
	"format_version": "1.17.0",
	"minecraft:entity": {
		"description": {
			"identifier": "bony:couch_1",
			"runtime_identifier": {},
			"is_summonable": true,
			"is_spawnable": true
		},
		"component_groups": {
			"remove": {
				"minecraft:instant_despawn": {},
				"minecraft:spawn_entity": {
					"entities": [
						{
							"num_to_spawn": 1,
							"min_wait_time": 0,
							"max_wait_time": 0,
							"spawn_item": "bony:couch_1_spawn_egg",
							"single_use": true
						}
					]
				}
			}
		},
		"components": {
			"minecraft:physics": {},
			"minecraft:is_dyeable": {
				"interact_text": "action.interact.dye"
			},
			"minecraft:rideable": {
				"seat_count": 2,
				"interact_text": "SIT",
				"pull_in_entities": true,
				"seats": [
					{
						"position": [
							-0.4,
							0.5,
							0
						],
						"min_rider_count": 0,
						"max_rider_count": 1,
						"rotate_rider_by": 0,
						"lock_rider_rotation": 0
					},
					{
						"min_rider_count": 2,
						"max_rider_count": 2,
						"position": [
							-0.4,
							0.5,
							0
						]
					},
					{
						"min_rider_count": 2,
						"max_rider_count": 2,
						"position": [
							0.4,
							0.5,
							0
						]
					}
				]
			},
			"minecraft:damage_sensor": {
				"triggers": [
					{
						"on_damage": {
							"event": "remove"
						},
						"cause": "entity_attack"
					}
				]
			},
			"minecraft:is_stackable": {},
			"minecraft:collision_box": {
				"height": 0.8,
				"width": 1
			}
		},
		"events": {
			"remove": {
				"add": {
					"component_groups": [
						"remove"
					]
				}
			}
		}
	}
}