{
	"format_version": "1.17.0",
	"minecraft:entity": {
		"description": {
			"identifier": "bony:gaming_chair_0",
			"runtime_identifier": {},
			"is_summonable": true,
			"is_spawnable": true
		},
		"components": {
			"minecraft:type_family": {
				"family": [
					"furniture",
					"chair"
				]
			},
			"minecraft:scale": {
				"value": 0.75
			},
			"minecraft:breathable": {
				"totalSupply": 15,
				"suffocateTime": 0
			},
			"minecraft:collision_box": {
				"width": 0.85,
				"height": 1.3
			},
			"minecraft:movement": {
				"value": 0.3
			},
			"minecraft:navigation.walk": {
				"can_float": false,
				"avoid_water": true,
				"avoid_damage_blocks": true
			},
			"minecraft:movement.basic": {},
			"minecraft:jump.static": {},
			"minecraft:nameable": {},
			"minecraft:rideable": {
				"seat_count": 1,
				"interact_text": "Sit",
				"family_types": [
					"player"
				],
				"seats": [
					{
						"position": [
							0,
							0.5,
							0
						]
					}
				]
			},
			"minecraft:input_ground_controlled": {},
			"minecraft:can_power_jump": {},
			"minecraft:physics": {},
			"minecraft:damage_sensor": {
				"triggers": [
					{
						"on_damage": {
							"event": "remove"
						},
						"cause": "entity_attack"
					}
				]
			}
		},
		"component_groups": {
			"remove": {
				"minecraft:instant_despawn": {},
				"minecraft:spawn_entity": {
					"entities": [
						{
							"num_to_spawn": 1,
							"min_wait_time": 0,
							"max_wait_time": 0,
							"spawn_item": "bony:gaming_chair_0_spawn_egg",
							"single_use": true
						}
					]
				}
			}
		},
		"events": {
			"remove": {
				"add": {
					"component_groups": [
						"remove"
					]
				}
			}
		}
	}
}