{
	"format_version": "1.17.0",
	"minecraft:entity": {
		"description": {
			"identifier": "bony:inventory",
			"is_summonable": true,
			"is_spawnable": false
		},
		"component_groups": {
			"size_1": {
				"minecraft:scale": {
					"value": 0.7
				},
				"minecraft:collision_box": {
					"width": 1,
					"height": 0.5
				}
			},
			"size_2": {
				"minecraft:scale": {
					"value": 2
				}
			},
			"remove": {
				"minecraft:instant_despawn": {}
			}
		},
		"components": {
			"minecraft:inventory": {
				"inventory_size": 27,
				"container_type": "container"
			},
			"minecraft:pushable": {
				"is_pushable": false,
				"is_pushable_by_piston": true
			},
			"minecraft:breathable": {
				"breathes_solids": true
			},
			"minecraft:damage_sensor": {
				"triggers": [
					{
						"cause": "all",
						"deals_damage": false
					}
				]
			},
			"minecraft:physics": {
				"has_gravity": false,
				"has_collision": false
			},
			"minecraft:loot": {
				"table": "loot_tables/empty.json"
			},
			"minecraft:type_family": {
				"family": [
					"furniture",
					"temp"
				]
			}
		},
		"events": {
			"size_1": {
				"add": {
					"component_groups": [
						"size_1"
					]
				}
			},
			"size_2": {
				"add": {
					"component_groups": [
						"size_2"
					]
				}
			},
			"remove": {
				"add": {
					"component_groups": [
						"remove"
					]
				}
			}
		}
	}
}