{
	"format_version": "1.17.0",
	"minecraft:entity": {
		"description": {
			"identifier": "bony:picnic_0",
			"runtime_identifier": {},
			"is_summonable": true,
			"is_spawnable": true
		},
		"component_groups": {
			"remove": {
				"minecraft:instant_despawn": {},
				"minecraft:spawn_entity": {
					"entities": [
						{
							"num_to_spawn": 1,
							"min_wait_time": 0,
							"max_wait_time": 0,
							"spawn_item": "bony:picnic_0_spawn_egg",
							"single_use": true
						}
					]
				}
			}
		},
		"components": {
			"minecraft:physics": {},
			"minecraft:damage_sensor": {
				"triggers": [
					{
						"on_damage": {
							"event": "remove"
						},
						"cause": "entity_attack"
					}
				]
			},
			"minecraft:is_stackable": {},
			"minecraft:collision_box": {
				"width": 3,
				"height": 0.3
			},
			"minecraft:rideable": {
				"seat_count": 2,
				"interact_text": "SIT",
				"pull_in_entities": true,
				"seats": [
					{
						"position": [
							-2,
							0,
							0
						],
						"min_rider_count": 0,
						"max_rider_count": 1,
						"rotate_rider_by": -90,
						"lock_rider_rotation": 90
					},
					{
						"position": [
							-2,
							0,
							0
						],
						"min_rider_count": 2,
						"max_rider_count": 2,
						"rotate_rider_by": "query.has_any_family('blaze', 'creeper', 'enderman', 'illager', 'magmacube', 'piglin', 'player', 'skeleton', 'slime', 'villager', 'wandering_trader', 'witch', 'zombie', 'zombie_pigman') ? -90 : 0",
						"lock_rider_rotation": 90
					},
					{
						"position": [
							2,
							0,
							0
						],
						"min_rider_count": 2,
						"max_rider_count": 2,
						"rotate_rider_by": "query.has_any_family('blaze', 'creeper', 'enderman', 'illager', 'magmacube', 'piglin', 'player', 'skeleton', 'slime', 'villager', 'wandering_trader', 'witch', 'zombie', 'zombie_pigman') ? -90 : 0"
					}
				]
			}
		},
		"events": {
			"remove": {
				"add": {
					"component_groups": [
						"remove"
					]
				}
			}
		}
	}
}