{
	"format_version": "1.12.0",
	"minecraft:geometry": [
		{
			"description": {
				"identifier": "geometry.refrigerator_1_open",
				"texture_width": 256,
				"texture_height": 256,
				"visible_bounds_width": 3,
				"visible_bounds_height": 3.5,
				"visible_bounds_offset": [0, 1.25, 0]
			},
			"bones": [
				{
					"name": "bone4",
					"pivot": [0, 0, 4]
				},
				{
					"name": "bone3",
					"parent": "bone4",
					"pivot": [7.3, 15, -0.375],
					"rotation": [-180, -65, 180],
					"cubes": [
						{
							"origin": [0.624, 0.31949, -1.4912],
							"size": [6.864, 13.09901, 0.9984],
							"uv": {
								"north": {"uv": [98, 74], "uv_size": [13, 20]},
								"east": {"uv": [96, 74], "uv_size": [2, 20]},
								"south": {"uv": [113, 74], "uv_size": [13, 20]},
								"west": {"uv": [111, 74], "uv_size": [2, 20]},
								"up": {"uv": [98, 72], "uv_size": [13, 2]},
								"down": {"uv": [111, 74], "uv_size": [13, -2]}
							}
						},
						{
							"origin": [0.624, 13.73798, -1.4912],
							"size": [6.864, 17.73158, 0.9984],
							"uv": {
								"north": {"uv": [100, 2], "uv_size": [13, 27]},
								"east": {"uv": [98, 2], "uv_size": [2, 27]},
								"south": {"uv": [115, 2], "uv_size": [13, 27]},
								"west": {"uv": [113, 2], "uv_size": [2, 27]},
								"up": {"uv": [100, 0], "uv_size": [13, 2]},
								"down": {"uv": [113, 2], "uv_size": [13, -2]}
							}
						},
						{
							"origin": [0.1248, 13.73798, -1.4912],
							"size": [0.4992, 1.75718, 0.9984],
							"uv": {
								"north": {"uv": [68, 42], "uv_size": [1, 2]},
								"east": {"uv": [66, 42], "uv_size": [2, 2]},
								"south": {"uv": [71, 42], "uv_size": [1, 2]},
								"west": {"uv": [69, 42], "uv_size": [2, 2]},
								"up": {"uv": [68, 40], "uv_size": [1, 2]},
								"down": {"uv": [69, 42], "uv_size": [1, -2]}
							}
						},
						{
							"origin": [0.1248, 11.66131, -1.4912],
							"size": [0.4992, 1.75718, 0.9984],
							"uv": {
								"north": {"uv": [66, 47], "uv_size": [1, 2]},
								"east": {"uv": [64, 47], "uv_size": [2, 2]},
								"south": {"uv": [69, 47], "uv_size": [1, 2]},
								"west": {"uv": [67, 47], "uv_size": [2, 2]},
								"up": {"uv": [66, 45], "uv_size": [1, 2]},
								"down": {"uv": [67, 47], "uv_size": [1, -2]}
							}
						},
						{
							"origin": [0.1248, 0.31949, -1.4912],
							"size": [0.4992, 1.75718, 0.9984],
							"uv": {
								"north": {"uv": [64, 64], "uv_size": [1, 2]},
								"east": {"uv": [62, 64], "uv_size": [2, 2]},
								"south": {"uv": [67, 64], "uv_size": [1, 2]},
								"west": {"uv": [65, 64], "uv_size": [2, 2]},
								"up": {"uv": [64, 62], "uv_size": [1, 2]},
								"down": {"uv": [65, 64], "uv_size": [1, -2]}
							}
						},
						{
							"origin": [0.1248, 15.49517, -0.992],
							"size": [0.4992, 14.21722, 0.4992],
							"uv": {
								"north": {"uv": [39, 102], "uv_size": [1, 22]},
								"east": {"uv": [38, 102], "uv_size": [1, 22]},
								"south": {"uv": [41, 102], "uv_size": [1, 22]},
								"west": {"uv": [40, 102], "uv_size": [1, 22]},
								"up": {"uv": [39, 101], "uv_size": [1, 1]},
								"down": {"uv": [40, 102], "uv_size": [1, -1]}
							}
						},
						{
							"origin": [0.1248, 2.07667, -0.992],
							"size": [0.4992, 9.58464, 0.4992],
							"uv": {
								"north": {"uv": [59, 59], "uv_size": [1, 15]},
								"east": {"uv": [58, 59], "uv_size": [1, 15]},
								"south": {"uv": [61, 59], "uv_size": [1, 15]},
								"west": {"uv": [60, 59], "uv_size": [1, 15]},
								"up": {"uv": [59, 58], "uv_size": [1, 1]},
								"down": {"uv": [60, 59], "uv_size": [1, -1]}
							}
						},
						{
							"origin": [0.2496, 15.49517, -1.47872],
							"size": [0.4992, 14.21722, 0],
							"uv": {
								"north": {"uv": [55, 85], "uv_size": [1, 22]},
								"east": {"uv": [55, 85], "uv_size": [0, 22]},
								"south": {"uv": [56, 85], "uv_size": [1, 22]},
								"west": {"uv": [56, 85], "uv_size": [0, 22]},
								"up": {"uv": [55, 85], "uv_size": [1, 0]},
								"down": {"uv": [56, 85], "uv_size": [1, 0]}
							}
						},
						{
							"origin": [0.2496, 2.07667, -1.47872],
							"size": [0.4992, 9.58464, 0],
							"uv": {
								"north": {"uv": [14, 0], "uv_size": [1, 15]},
								"east": {"uv": [14, 0], "uv_size": [0, 15]},
								"south": {"uv": [15, 0], "uv_size": [1, 15]},
								"west": {"uv": [15, 0], "uv_size": [0, 15]},
								"up": {"uv": [14, 0], "uv_size": [1, 0]},
								"down": {"uv": [15, 0], "uv_size": [1, 0]}
							}
						},
						{
							"origin": [0.1248, 29.71238, -1.4912],
							"size": [0.4992, 1.75718, 0.9984],
							"uv": {
								"north": {"uv": [68, 38], "uv_size": [1, 2]},
								"east": {"uv": [66, 38], "uv_size": [2, 2]},
								"south": {"uv": [71, 38], "uv_size": [1, 2]},
								"west": {"uv": [69, 38], "uv_size": [2, 2]},
								"up": {"uv": [68, 36], "uv_size": [1, 2]},
								"down": {"uv": [69, 38], "uv_size": [1, -2]}
							}
						}
					]
				},
				{
					"name": "bone2",
					"parent": "bone4",
					"pivot": [-7.19174, 12.77952, -1],
					"rotation": [-180, 50, 180],
					"cubes": [
						{
							"origin": [-7.488, 0.31949, -1.4912],
							"size": [6.864, 13.09901, 0.9984],
							"uv": {
								"north": {"uv": [102, 31], "uv_size": [13, 20]},
								"east": {"uv": [100, 31], "uv_size": [2, 20]},
								"south": {"uv": [117, 31], "uv_size": [13, 20]},
								"west": {"uv": [115, 31], "uv_size": [2, 20]},
								"up": {"uv": [102, 29], "uv_size": [13, 2]},
								"down": {"uv": [115, 31], "uv_size": [13, -2]}
							}
						},
						{
							"origin": [-7.488, 13.73798, -1.4912],
							"size": [6.864, 2.39616, 0.9984],
							"uv": {
								"north": {"uv": [118, 96], "uv_size": [13, 3]},
								"east": {"uv": [116, 96], "uv_size": [2, 3]},
								"south": {"uv": [133, 96], "uv_size": [13, 3]},
								"west": {"uv": [131, 96], "uv_size": [2, 3]},
								"up": {"uv": [118, 94], "uv_size": [13, 2]},
								"down": {"uv": [131, 96], "uv_size": [13, -2]}
							}
						},
						{
							"origin": [-7.488, 16.13414, -1.4912],
							"size": [1.872, 5.91053, 0.9984],
							"uv": {
								"north": {"uv": [2, 20], "uv_size": [3, 9]},
								"east": {"uv": [0, 20], "uv_size": [2, 9]},
								"south": {"uv": [7, 20], "uv_size": [3, 9]},
								"west": {"uv": [5, 20], "uv_size": [2, 9]},
								"up": {"uv": [2, 18], "uv_size": [3, 2]},
								"down": {"uv": [5, 20], "uv_size": [3, -2]}
							}
						},
						{
							"origin": [-1.9968, 16.13414, -1.4912],
							"size": [1.3728, 5.91053, 0.9984],
							"uv": {
								"north": {"uv": [60, 38], "uv_size": [2, 9]},
								"east": {"uv": [58, 38], "uv_size": [2, 9]},
								"south": {"uv": [64, 38], "uv_size": [2, 9]},
								"west": {"uv": [62, 38], "uv_size": [2, 9]},
								"up": {"uv": [60, 36], "uv_size": [2, 2]},
								"down": {"uv": [62, 38], "uv_size": [2, -2]}
							}
						},
						{
							"origin": [-5.616, 16.13414, -0.4928],
							"size": [3.6192, 5.91053, 0],
							"uv": {
								"north": {"uv": [0, 0], "uv_size": [7, 9]},
								"east": {"uv": [0, 0], "uv_size": [0, 9]},
								"south": {"uv": [7, 0], "uv_size": [7, 9]},
								"west": {"uv": [7, 0], "uv_size": [0, 9]},
								"up": {"uv": [0, 0], "uv_size": [7, 0]},
								"down": {"uv": [7, 0], "uv_size": [7, 0]}
							}
						},
						{
							"origin": [-7.488, 22.04467, -1.4912],
							"size": [6.864, 9.4249, 0.9984],
							"uv": {
								"north": {"uv": [23, 87], "uv_size": [13, 14]},
								"east": {"uv": [21, 87], "uv_size": [2, 14]},
								"south": {"uv": [38, 87], "uv_size": [13, 14]},
								"west": {"uv": [36, 87], "uv_size": [2, 14]},
								"up": {"uv": [23, 85], "uv_size": [13, 2]},
								"down": {"uv": [36, 87], "uv_size": [13, -2]}
							}
						},
						{
							"origin": [-4.4928, 21.4057, -1.4912],
							"size": [1.3728, 0.63898, 0.9984],
							"uv": {
								"north": {"uv": [10, 15], "uv_size": [2, 1]},
								"east": {"uv": [8, 15], "uv_size": [2, 1]},
								"south": {"uv": [14, 15], "uv_size": [2, 1]},
								"west": {"uv": [12, 15], "uv_size": [2, 1]},
								"up": {"uv": [10, 13], "uv_size": [2, 2]},
								"down": {"uv": [12, 15], "uv_size": [2, -2]}
							}
						},
						{
							"origin": [-5.4912, 15.65491, -1.3664],
							"size": [3.3696, 0.63898, 0.8736],
							"uv": {
								"north": {"uv": [1, 10], "uv_size": [6, 1]},
								"east": {"uv": [0, 10], "uv_size": [1, 1]},
								"south": {"uv": [8, 10], "uv_size": [6, 1]},
								"west": {"uv": [7, 10], "uv_size": [1, 1]},
								"up": {"uv": [1, 9], "uv_size": [6, 1]},
								"down": {"uv": [7, 10], "uv_size": [6, -1]}
							}
						},
						{
							"origin": [-4.06848, 20.76672, -1.3664],
							"size": [0, 0.63898, 0.4992],
							"uv": {
								"north": {"uv": [1, 12], "uv_size": [0, 1]},
								"east": {"uv": [0, 12], "uv_size": [1, 1]},
								"south": {"uv": [2, 12], "uv_size": [0, 1]},
								"west": {"uv": [1, 12], "uv_size": [1, 1]},
								"up": {"uv": [1, 11], "uv_size": [0, 1]},
								"down": {"uv": [1, 12], "uv_size": [0, -1]}
							}
						},
						{
							"origin": [-3.56928, 20.76672, -1.3664],
							"size": [0, 0.63898, 0.4992],
							"uv": {
								"north": {"uv": [1, 11], "uv_size": [0, 1]},
								"east": {"uv": [0, 11], "uv_size": [1, 1]},
								"south": {"uv": [2, 11], "uv_size": [0, 1]},
								"west": {"uv": [1, 11], "uv_size": [1, 1]},
								"up": {"uv": [1, 10], "uv_size": [0, 1]},
								"down": {"uv": [1, 11], "uv_size": [0, -1]}
							}
						},
						{
							"origin": [-4.06848, 20.76672, -0.8672],
							"size": [0.4992, 0.63898, 0],
							"uv": {
								"north": {"uv": [12, 12], "uv_size": [1, 1]},
								"east": {"uv": [12, 12], "uv_size": [0, 1]},
								"south": {"uv": [13, 12], "uv_size": [1, 1]},
								"west": {"uv": [13, 12], "uv_size": [0, 1]},
								"up": {"uv": [12, 12], "uv_size": [1, 0]},
								"down": {"uv": [13, 12], "uv_size": [1, 0]}
							}
						},
						{
							"origin": [-4.31808, 17.86007, -4.15668],
							"size": [0.9984, 1.75718, 0],
							"pivot": [0, 0, 4],
							"rotation": [-12.5, 0, 0],
							"uv": {
								"north": {"uv": [8, 11], "uv_size": [2, 2]},
								"east": {"uv": [8, 11], "uv_size": [0, 2]},
								"south": {"uv": [10, 11], "uv_size": [2, 2]},
								"west": {"uv": [10, 11], "uv_size": [0, 2]},
								"up": {"uv": [8, 11], "uv_size": [2, 0]},
								"down": {"uv": [10, 11], "uv_size": [2, 0]}
							}
						},
						{
							"origin": [-4.06848, 20.76672, -1.3664],
							"size": [0.4992, 0.63898, 0],
							"uv": {
								"north": {"uv": [12, 11], "uv_size": [1, 1]},
								"east": {"uv": [12, 11], "uv_size": [0, 1]},
								"south": {"uv": [13, 11], "uv_size": [1, 1]},
								"west": {"uv": [13, 11], "uv_size": [0, 1]},
								"up": {"uv": [12, 11], "uv_size": [1, 0]},
								"down": {"uv": [13, 11], "uv_size": [1, 0]}
							}
						},
						{
							"origin": [-0.624, 13.73798, -1.4912],
							"size": [0.4992, 1.75718, 0.9984],
							"uv": {
								"north": {"uv": [60, 56], "uv_size": [1, 2]},
								"east": {"uv": [58, 56], "uv_size": [2, 2]},
								"south": {"uv": [63, 56], "uv_size": [1, 2]},
								"west": {"uv": [61, 56], "uv_size": [2, 2]},
								"up": {"uv": [60, 54], "uv_size": [1, 2]},
								"down": {"uv": [61, 56], "uv_size": [1, -2]}
							}
						},
						{
							"origin": [-0.624, 29.71238, -1.4912],
							"size": [0.4992, 1.75718, 0.9984],
							"uv": {
								"north": {"uv": [60, 49], "uv_size": [1, 2]},
								"east": {"uv": [58, 49], "uv_size": [2, 2]},
								"south": {"uv": [63, 49], "uv_size": [1, 2]},
								"west": {"uv": [61, 49], "uv_size": [2, 2]},
								"up": {"uv": [60, 47], "uv_size": [1, 2]},
								"down": {"uv": [61, 49], "uv_size": [1, -2]}
							}
						},
						{
							"origin": [-0.624, 0.31949, -1.4912],
							"size": [0.4992, 1.75718, 0.9984],
							"uv": {
								"north": {"uv": [64, 68], "uv_size": [1, 2]},
								"east": {"uv": [62, 68], "uv_size": [2, 2]},
								"south": {"uv": [67, 68], "uv_size": [1, 2]},
								"west": {"uv": [65, 68], "uv_size": [2, 2]},
								"up": {"uv": [64, 66], "uv_size": [1, 2]},
								"down": {"uv": [65, 68], "uv_size": [1, -2]}
							}
						},
						{
							"origin": [-0.624, 2.07667, -0.992],
							"size": [0.4992, 9.58464, 0.4992],
							"uv": {
								"north": {"uv": [11, 19], "uv_size": [1, 15]},
								"east": {"uv": [10, 19], "uv_size": [1, 15]},
								"south": {"uv": [13, 19], "uv_size": [1, 15]},
								"west": {"uv": [12, 19], "uv_size": [1, 15]},
								"up": {"uv": [11, 18], "uv_size": [1, 1]},
								"down": {"uv": [12, 19], "uv_size": [1, -1]}
							}
						},
						{
							"origin": [-0.624, 15.49517, -0.992],
							"size": [0.4992, 14.21722, 0.4992],
							"uv": {
								"north": {"uv": [52, 86], "uv_size": [1, 22]},
								"east": {"uv": [51, 86], "uv_size": [1, 22]},
								"south": {"uv": [54, 86], "uv_size": [1, 22]},
								"west": {"uv": [53, 86], "uv_size": [1, 22]},
								"up": {"uv": [52, 85], "uv_size": [1, 1]},
								"down": {"uv": [53, 86], "uv_size": [1, -1]}
							}
						},
						{
							"origin": [-0.624, 11.66131, -1.4912],
							"size": [0.4992, 1.75718, 0.9984],
							"uv": {
								"north": {"uv": [64, 58], "uv_size": [1, 2]},
								"east": {"uv": [62, 58], "uv_size": [2, 2]},
								"south": {"uv": [67, 58], "uv_size": [1, 2]},
								"west": {"uv": [65, 58], "uv_size": [2, 2]},
								"up": {"uv": [64, 56], "uv_size": [1, 2]},
								"down": {"uv": [65, 58], "uv_size": [1, -2]}
							}
						}
					]
				},
				{
					"name": "bone",
					"parent": "bone4",
					"pivot": [0, 0, 2],
					"cubes": [
						{
							"origin": [-7.9872, 0, -0.4928],
							"size": [15.9744, 0.63898, 8.4864],
							"uv": {
								"north": {"uv": [17, 35], "uv_size": [32, 1]},
								"east": {"uv": [0, 35], "uv_size": [17, 1]},
								"south": {"uv": [66, 35], "uv_size": [32, 1]},
								"west": {"uv": [49, 35], "uv_size": [17, 1]},
								"up": {"uv": [17, 18], "uv_size": [32, 17]},
								"down": {"uv": [49, 35], "uv_size": [32, -17]}
							}
						},
						{
							"origin": [-7.9872, 31.30982, -0.4928],
							"size": [15.9744, 0.63898, 8.4864],
							"uv": {
								"north": {"uv": [17, 17], "uv_size": [32, 1]},
								"east": {"uv": [0, 17], "uv_size": [17, 1]},
								"south": {"uv": [66, 17], "uv_size": [32, 1]},
								"west": {"uv": [49, 17], "uv_size": [17, 1]},
								"up": {"uv": [17, 0], "uv_size": [32, 17]},
								"down": {"uv": [49, 17], "uv_size": [32, -17]}
							}
						},
						{
							"origin": [-6.9888, 12.77952, -0.4928],
							"size": [6.4896, 1.27795, 7.9872],
							"uv": {
								"north": {"uv": [95, 70], "uv_size": [13, 2]},
								"east": {"uv": [79, 70], "uv_size": [16, 2]},
								"south": {"uv": [124, 70], "uv_size": [13, 2]},
								"west": {"uv": [108, 70], "uv_size": [16, 2]},
								"up": {"uv": [95, 54], "uv_size": [13, 16]},
								"down": {"uv": [108, 70], "uv_size": [13, -16]}
							}
						},
						{
							"origin": [0.4992, 12.77952, -0.4928],
							"size": [6.4896, 1.27795, 7.9872],
							"uv": {
								"north": {"uv": [74, 52], "uv_size": [13, 2]},
								"east": {"uv": [58, 52], "uv_size": [16, 2]},
								"south": {"uv": [103, 52], "uv_size": [13, 2]},
								"west": {"uv": [87, 52], "uv_size": [16, 2]},
								"up": {"uv": [74, 36], "uv_size": [13, 16]},
								"down": {"uv": [87, 52], "uv_size": [13, -16]}
							}
						},
						{
							"origin": [-7.9872, 0.63898, -0.4928],
							"size": [0.9984, 30.67085, 8.4864],
							"uv": {
								"north": {"uv": [17, 102], "uv_size": [2, 48]},
								"east": {"uv": [0, 102], "uv_size": [17, 48]},
								"south": {"uv": [36, 102], "uv_size": [2, 48]},
								"west": {"uv": [19, 102], "uv_size": [17, 48]},
								"up": {"uv": [17, 85], "uv_size": [2, 17]},
								"down": {"uv": [19, 102], "uv_size": [2, -17]}
							}
						},
						{
							"origin": [6.9888, 0.63898, -0.4928],
							"size": [0.9984, 30.67085, 8.4864],
							"uv": {
								"north": {"uv": [75, 75], "uv_size": [2, 48]},
								"east": {"uv": [58, 75], "uv_size": [17, 48]},
								"south": {"uv": [94, 75], "uv_size": [2, 48]},
								"west": {"uv": [77, 75], "uv_size": [17, 48]},
								"up": {"uv": [75, 58], "uv_size": [2, 17]},
								"down": {"uv": [77, 75], "uv_size": [2, -17]}
							}
						},
						{
							"origin": [-0.4992, 0.63898, -0.4928],
							"size": [0.9984, 30.67085, 7.9872],
							"uv": {
								"north": {"uv": [112, 112], "uv_size": [2, 48]},
								"east": {"uv": [96, 112], "uv_size": [16, 48]},
								"south": {"uv": [130, 112], "uv_size": [2, 48]},
								"west": {"uv": [114, 112], "uv_size": [16, 48]},
								"up": {"uv": [112, 96], "uv_size": [2, 16]},
								"down": {"uv": [114, 112], "uv_size": [2, -16]}
							}
						},
						{
							"origin": [5.9904, -0.63898, 0.0064],
							"size": [1.4976, 0.63898, 0.9984],
							"uv": {
								"north": {"uv": [2, 34], "uv_size": [3, 1]},
								"east": {"uv": [0, 34], "uv_size": [2, 1]},
								"south": {"uv": [7, 34], "uv_size": [3, 1]},
								"west": {"uv": [5, 34], "uv_size": [2, 1]},
								"up": {"uv": [2, 32], "uv_size": [3, 2]},
								"down": {"uv": [5, 34], "uv_size": [3, -2]}
							}
						},
						{
							"origin": [-7.488, -0.63898, 0.0064],
							"size": [1.4976, 0.63898, 0.9984],
							"uv": {
								"north": {"uv": [2, 13], "uv_size": [3, 1]},
								"east": {"uv": [0, 13], "uv_size": [2, 1]},
								"south": {"uv": [7, 13], "uv_size": [3, 1]},
								"west": {"uv": [5, 13], "uv_size": [2, 1]},
								"up": {"uv": [2, 11], "uv_size": [3, 2]},
								"down": {"uv": [5, 13], "uv_size": [3, -2]}
							}
						},
						{
							"origin": [5.9904, -0.63898, 6.496],
							"size": [1.4976, 0.63898, 0.9984],
							"uv": {
								"north": {"uv": [2, 31], "uv_size": [3, 1]},
								"east": {"uv": [0, 31], "uv_size": [2, 1]},
								"south": {"uv": [7, 31], "uv_size": [3, 1]},
								"west": {"uv": [5, 31], "uv_size": [2, 1]},
								"up": {"uv": [2, 29], "uv_size": [3, 2]},
								"down": {"uv": [5, 31], "uv_size": [3, -2]}
							}
						},
						{
							"origin": [-7.488, -0.63898, 6.496],
							"size": [1.4976, 0.63898, 0.9984],
							"uv": {
								"north": {"uv": [2, 16], "uv_size": [3, 1]},
								"east": {"uv": [0, 16], "uv_size": [2, 1]},
								"south": {"uv": [7, 16], "uv_size": [3, 1]},
								"west": {"uv": [5, 16], "uv_size": [2, 1]},
								"up": {"uv": [2, 14], "uv_size": [3, 2]},
								"down": {"uv": [5, 16], "uv_size": [3, -2]}
							}
						},
						{
							"origin": [-6.9888, 0.63898, 7.4944],
							"size": [13.9776, 30.67085, 0.4992],
							"uv": {
								"north": {"uv": [1, 37], "uv_size": [28, 48]},
								"east": {"uv": [0, 37], "uv_size": [1, 48]},
								"south": {"uv": [30, 37], "uv_size": [28, 48]},
								"west": {"uv": [29, 37], "uv_size": [1, 48]},
								"up": {"uv": [1, 36], "uv_size": [28, 1]},
								"down": {"uv": [29, 37], "uv_size": [28, -1]}
							}
						}
					]
				}
			]
		}
	]
}