{
	"format_version": "1.12.0",
	"minecraft:geometry": [
		{
			"description": {
				"identifier": "geometry.gamerdesk_1_c",
				"texture_width": 128,
				"texture_height": 128,
				"visible_bounds_width": 3,
				"visible_bounds_height": 2.5,
				"visible_bounds_offset": [0, 0.75, 0]
			},
			"bones": [
				{
					"name": "bone2",
					"pivot": [0, 0, 0]
				},
				{
					"name": "bone",
					"parent": "bone2",
					"pivot": [-16, 0, 0]
				},
				{
					"name": "bone6",
					"parent": "bone",
					"pivot": [-16, 0, 3]
				},
				{
					"name": "bone3",
					"parent": "bone2",
					"pivot": [-16, 0, 0],
					"cubes": [
						{
							"origin": [7, 1, -8],
							"size": [1, 14, 1],
							"uv": {
								"north": {"uv": [5, 1], "uv_size": [1, 14]},
								"east": {"uv": [4, 1], "uv_size": [1, 14]},
								"south": {"uv": [7, 1], "uv_size": [1, 14]},
								"west": {"uv": [6, 1], "uv_size": [1, 14]},
								"up": {"uv": [5, 0], "uv_size": [1, 1]},
								"down": {"uv": [6, 1], "uv_size": [1, -1]}
							}
						},
						{
							"origin": [7, 1, 7],
							"size": [1, 14, 1],
							"uv": {
								"north": {"uv": [1, 1], "uv_size": [1, 14]},
								"east": {"uv": [0, 1], "uv_size": [1, 14]},
								"south": {"uv": [3, 1], "uv_size": [1, 14]},
								"west": {"uv": [2, 1], "uv_size": [1, 14]},
								"up": {"uv": [1, 0], "uv_size": [1, 1]},
								"down": {"uv": [2, 1], "uv_size": [1, -1]}
							}
						},
						{
							"origin": [7, 0, -8],
							"size": [1, 1, 16],
							"uv": {
								"north": {"uv": [34, 82], "uv_size": [1, 1]},
								"east": {"uv": [18, 82], "uv_size": [16, 1]},
								"south": {"uv": [51, 82], "uv_size": [1, 1]},
								"west": {"uv": [35, 82], "uv_size": [16, 1]},
								"up": {"uv": [34, 66], "uv_size": [1, 16]},
								"down": {"uv": [35, 82], "uv_size": [1, -16]}
							}
						},
						{
							"origin": [-8, 15, -8.25],
							"size": [16.25, 1, 16.5],
							"uv": {
								"north": {"uv": [16, 33], "uv_size": [16, 1]},
								"east": {"uv": [0, 33], "uv_size": [16, 1]},
								"south": {"uv": [48, 33], "uv_size": [16, 1]},
								"west": {"uv": [32, 33], "uv_size": [16, 1]},
								"up": {"uv": [16, 17], "uv_size": [16, 16]},
								"down": {"uv": [32, 33], "uv_size": [16, -16]}
							}
						}
					]
				},
				{
					"name": "bone8",
					"parent": "bone2",
					"pivot": [0, 0, 0]
				}
			]
		}
	]
}