{
	"format_version": "1.12.0",
	"minecraft:geometry": [
		{
			"description": {
				"identifier": "geometry.gamerdesk_1_a_open",
				"texture_width": 128,
				"texture_height": 128,
				"visible_bounds_width": 3,
				"visible_bounds_height": 2.5,
				"visible_bounds_offset": [0, 0.75, 0]
			},
			"bones": [
				{
					"name": "bone2",
					"pivot": [16, 0, 0]
				},
				{
					"name": "bone",
					"parent": "bone2",
					"pivot": [0, 0, 0],
					"cubes": [
						{
							"origin": [-8, 0, -8],
							"size": [1, 15, 16],
							"uv": {
								"north": {"uv": [16, 67], "uv_size": [1, 15]},
								"east": {"uv": [0, 67], "uv_size": [16, 15]},
								"south": {"uv": [33, 67], "uv_size": [1, 15]},
								"west": {"uv": [17, 67], "uv_size": [16, 15]},
								"up": {"uv": [16, 51], "uv_size": [1, 16]},
								"down": {"uv": [17, 67], "uv_size": [1, -16]}
							}
						},
						{
							"origin": [7, 0, -8],
							"size": [1, 15, 16],
							"uv": {
								"north": {"uv": [64, 66], "uv_size": [1, 15]},
								"east": {"uv": [48, 66], "uv_size": [16, 15]},
								"south": {"uv": [81, 66], "uv_size": [1, 15]},
								"west": {"uv": [65, 66], "uv_size": [16, 15]},
								"up": {"uv": [64, 50], "uv_size": [1, 16]},
								"down": {"uv": [65, 66], "uv_size": [1, -16]}
							}
						},
						{
							"origin": [-8.25, 15, -8.25],
							"size": [16.25, 1, 16.5],
							"uv": {
								"north": {"uv": [16, 50], "uv_size": [16, 1]},
								"east": {"uv": [0, 50], "uv_size": [16, 1]},
								"south": {"uv": [48, 50], "uv_size": [16, 1]},
								"west": {"uv": [32, 50], "uv_size": [16, 1]},
								"up": {"uv": [16, 34], "uv_size": [16, 16]},
								"down": {"uv": [32, 50], "uv_size": [16, -16]}
							}
						},
						{
							"origin": [-7, 10, -8],
							"size": [14, 1, 15],
							"uv": {
								"north": {"uv": [63, 49], "uv_size": [14, 1]},
								"east": {"uv": [48, 49], "uv_size": [15, 1]},
								"south": {"uv": [92, 49], "uv_size": [14, 1]},
								"west": {"uv": [77, 49], "uv_size": [15, 1]},
								"up": {"uv": [63, 34], "uv_size": [14, 15]},
								"down": {"uv": [77, 49], "uv_size": [14, -15]}
							}
						},
						{
							"origin": [-7, 1, -8],
							"size": [14, 1, 16],
							"uv": {
								"north": {"uv": [64, 17], "uv_size": [14, 1]},
								"east": {"uv": [48, 17], "uv_size": [16, 1]},
								"south": {"uv": [94, 17], "uv_size": [14, 1]},
								"west": {"uv": [78, 17], "uv_size": [16, 1]},
								"up": {"uv": [64, 1], "uv_size": [14, 16]},
								"down": {"uv": [78, 17], "uv_size": [14, -16]}
							}
						},
						{
							"origin": [-7, 2, 7],
							"size": [14, 13, 1],
							"uv": {
								"north": {"uv": [67, 51], "uv_size": [14, 13]},
								"east": {"uv": [66, 51], "uv_size": [1, 13]},
								"south": {"uv": [82, 51], "uv_size": [14, 13]},
								"west": {"uv": [81, 51], "uv_size": [1, 13]},
								"up": {"uv": [67, 50], "uv_size": [14, 1]},
								"down": {"uv": [81, 51], "uv_size": [14, -1]}
							}
						}
					]
				},
				{
					"name": "bone6",
					"parent": "bone",
					"pivot": [0, 0, 3]
				},
				{
					"name": "bone4",
					"parent": "bone6",
					"pivot": [0, 0, 3.05],
					"cubes": [
						{
							"origin": [-7, 2, -13.45],
							"size": [14, 8, 1],
							"uv": {
								"north": {"uv": [83, 19], "uv_size": [14, 8]},
								"east": {"uv": [82, 19], "uv_size": [1, 8]},
								"south": {"uv": [98, 19], "uv_size": [14, 8]},
								"west": {"uv": [97, 19], "uv_size": [1, 8]},
								"up": {"uv": [83, 18], "uv_size": [14, 1]},
								"down": {"uv": [97, 19], "uv_size": [14, -1]}
							}
						},
						{
							"origin": [-2, 8, -13.7],
							"size": [4, 1, 1],
							"uv": {
								"north": {"uv": [1, 20], "uv_size": [4, 1]},
								"east": {"uv": [0, 20], "uv_size": [1, 1]},
								"south": {"uv": [6, 20], "uv_size": [4, 1]},
								"west": {"uv": [5, 20], "uv_size": [1, 1]},
								"up": {"uv": [1, 19], "uv_size": [4, 1]},
								"down": {"uv": [5, 20], "uv_size": [4, -1]}
							}
						},
						{
							"origin": [-5.5, 3, -3.45],
							"size": [11, 6.5, 1],
							"uv": {
								"north": {"uv": [13, 84], "uv_size": [11, 6]},
								"east": {"uv": [12, 84], "uv_size": [1, 6]},
								"south": {"uv": [25, 84], "uv_size": [11, 6]},
								"west": {"uv": [24, 84], "uv_size": [1, 6]},
								"up": {"uv": [13, 83], "uv_size": [11, 1]},
								"down": {"uv": [24, 84], "uv_size": [11, -1]}
							}
						},
						{
							"origin": [-6.5, 2.5, -12.45],
							"size": [1, 7, 10],
							"uv": {
								"north": {"uv": [52, 91], "uv_size": [1, 7]},
								"east": {"uv": [42, 91], "uv_size": [10, 7]},
								"south": {"uv": [63, 91], "uv_size": [1, 7]},
								"west": {"uv": [53, 91], "uv_size": [10, 7]},
								"up": {"uv": [52, 81], "uv_size": [1, 10]},
								"down": {"uv": [53, 91], "uv_size": [1, -10]}
							}
						},
						{
							"origin": [5.5, 2.5, -12.45],
							"size": [1, 7, 10],
							"uv": {
								"north": {"uv": [82, 81], "uv_size": [1, 7]},
								"east": {"uv": [72, 81], "uv_size": [10, 7]},
								"south": {"uv": [93, 81], "uv_size": [1, 7]},
								"west": {"uv": [83, 81], "uv_size": [10, 7]},
								"up": {"uv": [82, 71], "uv_size": [1, 10]},
								"down": {"uv": [83, 81], "uv_size": [1, -10]}
							}
						},
						{
							"origin": [-6, 2, -12.45],
							"size": [12, 1, 10],
							"uv": {
								"north": {"uv": [28, 61], "uv_size": [12, 1]},
								"east": {"uv": [18, 61], "uv_size": [10, 1]},
								"south": {"uv": [50, 61], "uv_size": [12, 1]},
								"west": {"uv": [40, 61], "uv_size": [10, 1]},
								"up": {"uv": [28, 51], "uv_size": [12, 10]},
								"down": {"uv": [40, 61], "uv_size": [12, -10]}
							}
						}
					]
				},
				{
					"name": "bone5",
					"parent": "bone6",
					"pivot": [0, 0, 14.7],
					"cubes": [
						{
							"origin": [-7, 11, -13.55],
							"size": [14, 4, 1],
							"uv": {
								"north": {"uv": [65, 30], "uv_size": [14, 4]},
								"east": {"uv": [64, 30], "uv_size": [1, 4]},
								"south": {"uv": [80, 30], "uv_size": [14, 4]},
								"west": {"uv": [79, 30], "uv_size": [1, 4]},
								"up": {"uv": [65, 29], "uv_size": [14, 1]},
								"down": {"uv": [79, 30], "uv_size": [14, -1]}
							}
						},
						{
							"origin": [-6, 11, -12.55],
							"size": [12, 1, 10],
							"uv": {
								"north": {"uv": [58, 28], "uv_size": [12, 1]},
								"east": {"uv": [48, 28], "uv_size": [10, 1]},
								"south": {"uv": [80, 28], "uv_size": [12, 1]},
								"west": {"uv": [70, 28], "uv_size": [10, 1]},
								"up": {"uv": [58, 18], "uv_size": [12, 10]},
								"down": {"uv": [70, 28], "uv_size": [12, -10]}
							}
						},
						{
							"origin": [5.5, 11.5, -12.55],
							"size": [1, 3, 10],
							"uv": {
								"north": {"uv": [94, 74], "uv_size": [1, 3]},
								"east": {"uv": [84, 74], "uv_size": [10, 3]},
								"south": {"uv": [105, 74], "uv_size": [1, 3]},
								"west": {"uv": [95, 74], "uv_size": [10, 3]},
								"up": {"uv": [94, 64], "uv_size": [1, 10]},
								"down": {"uv": [95, 74], "uv_size": [1, -10]}
							}
						},
						{
							"origin": [-6.5, 11.5, -12.55],
							"size": [1, 3, 10],
							"uv": {
								"north": {"uv": [10, 92], "uv_size": [1, 3]},
								"east": {"uv": [0, 92], "uv_size": [10, 3]},
								"south": {"uv": [21, 92], "uv_size": [1, 3]},
								"west": {"uv": [11, 92], "uv_size": [10, 3]},
								"up": {"uv": [10, 82], "uv_size": [1, 10]},
								"down": {"uv": [11, 92], "uv_size": [1, -10]}
							}
						},
						{
							"origin": [-5.5, 12, -3.55],
							"size": [11, 2.5, 1],
							"uv": {
								"north": {"uv": [19, 63], "uv_size": [11, 2]},
								"east": {"uv": [18, 63], "uv_size": [1, 2]},
								"south": {"uv": [31, 63], "uv_size": [11, 2]},
								"west": {"uv": [30, 63], "uv_size": [1, 2]},
								"up": {"uv": [19, 62], "uv_size": [11, 1]},
								"down": {"uv": [30, 63], "uv_size": [11, -1]}
							}
						},
						{
							"origin": [-2, 13, -13.8],
							"size": [4, 1, 1],
							"uv": {
								"north": {"uv": [1, 18], "uv_size": [4, 1]},
								"east": {"uv": [0, 18], "uv_size": [1, 1]},
								"south": {"uv": [6, 18], "uv_size": [4, 1]},
								"west": {"uv": [5, 18], "uv_size": [1, 1]},
								"up": {"uv": [1, 17], "uv_size": [4, 1]},
								"down": {"uv": [5, 18], "uv_size": [4, -1]}
							}
						}
					]
				},
				{
					"name": "bone8",
					"parent": "bone2",
					"pivot": [16, 0, 0]
				}
			]
		}
	]
}