{
	"format_version": "1.12.0",
	"minecraft:geometry": [
		{
			"description": {
				"identifier": "geometry.gamerdesk_1_b",
				"texture_width": 128,
				"texture_height": 128,
				"visible_bounds_width": 3,
				"visible_bounds_height": 2.5,
				"visible_bounds_offset": [0, 0.75, 0]
			},
			"bones": [
				{
					"name": "bone2",
					"pivot": [0, 0, 0]
				},
				{
					"name": "bone",
					"parent": "bone2",
					"pivot": [-16, 0, 0]
				},
				{
					"name": "bone6",
					"parent": "bone",
					"pivot": [-16, 0, 3]
				},
				{
					"name": "bone8",
					"parent": "bone2",
					"pivot": [0, 0, 0],
					"cubes": [
						{
							"origin": [-8, 15, -8.25],
							"size": [16, 1, 16.5],
							"uv": {
								"north": {"uv": [16, 16], "uv_size": [16, 1]},
								"east": {"uv": [0, 16], "uv_size": [16, 1]},
								"south": {"uv": [48, 16], "uv_size": [16, 1]},
								"west": {"uv": [32, 16], "uv_size": [16, 1]},
								"up": {"uv": [16, 0], "uv_size": [16, 16]},
								"down": {"uv": [32, 16], "uv_size": [16, -16]}
							}
						}
					]
				}
			]
		}
	]
}