{
	"format_version": "1.12.0",
	"minecraft:geometry": [
		{
			"description": {
				"identifier": "geometry.books_0_c",
				"texture_width": 64,
				"texture_height": 64,
				"visible_bounds_width": 3,
				"visible_bounds_height": 2.5,
				"visible_bounds_offset": [0, 0.75, 0]
			},
			"bones": [
				{
					"name": "root",
					"pivot": [0, 0, 0]
				},
				{
					"name": "book",
					"parent": "root",
					"pivot": [0, 0, 0],
					"cubes": [
						{
							"origin": [-4, 0, -5],
							"size": [7, 0.25, 10],
							"uv": {
								"north": {"uv": [46, 12], "uv_size": [7, 0.5]},
								"east": {"uv": [42, 4], "uv_size": [10, 0.5]},
								"south": {"uv": [46, 13], "uv_size": [7, 0.5]},
								"west": {"uv": [42, 5], "uv_size": [10, 0.5]},
								"up": {"uv": [0, 0], "uv_size": [7, 10]},
								"down": {"uv": [7, 10], "uv_size": [7, -10]}
							}
						},
						{
							"origin": [-3.8, 0.325, -4.85],
							"size": [6.725, 0.7, 9.775],
							"uv": {
								"north": {"uv": [21, 51], "uv_size": [6.5, 0.5]},
								"east": {"uv": [42, 30], "uv_size": [10, 0.5]},
								"south": {"uv": [28, 51], "uv_size": [6.5, 0.5]},
								"west": {"uv": [42, 31], "uv_size": [10, 0.5]},
								"up": {"uv": [35, 0], "uv_size": [6.5, 10]},
								"down": {"uv": [35, 20], "uv_size": [6.5, -10]}
							}
						},
						{
							"origin": [-4, 1, -5],
							"size": [7, 0.25, 10],
							"uv": {
								"north": {"uv": [46, 14], "uv_size": [7, 0.5]},
								"east": {"uv": [42, 28], "uv_size": [10, 0.5]},
								"south": {"uv": [46, 15], "uv_size": [7, 0.5]},
								"west": {"uv": [42, 29], "uv_size": [10, 0.5]},
								"up": {"uv": [0, 10], "uv_size": [7, 10]},
								"down": {"uv": [7, 20], "uv_size": [7, -10]}
							}
						},
						{
							"origin": [-4, 0.25, -5],
							"size": [0.2, 0.75, 10],
							"uv": {
								"north": {"uv": [42, 50], "uv_size": [0.5, 0.5]},
								"east": {"uv": [42, 6], "uv_size": [10, 0.5]},
								"south": {"uv": [43, 50], "uv_size": [0.5, 0.5]},
								"west": {"uv": [42, 7], "uv_size": [10, 0.5]},
								"up": {"uv": [42, 8], "uv_size": [0.5, 10]},
								"down": {"uv": [42, 28], "uv_size": [0.5, -10]}
							}
						}
					]
				},
				{
					"name": "book2",
					"parent": "root",
					"pivot": [0, 1, 0],
					"rotation": [0, -7.5, 0],
					"cubes": [
						{
							"origin": [-4, 1.3, -5],
							"size": [7, 0.25, 10],
							"uv": {
								"north": {"uv": [46, 16], "uv_size": [7, 0.5]},
								"east": {"uv": [42, 32], "uv_size": [10, 0.5]},
								"south": {"uv": [46, 17], "uv_size": [7, 0.5]},
								"west": {"uv": [42, 33], "uv_size": [10, 0.5]},
								"up": {"uv": [14, 0], "uv_size": [7, 10]},
								"down": {"uv": [14, 20], "uv_size": [7, -10]}
							}
						},
						{
							"origin": [-3.8, 1.625, -4.85],
							"size": [6.725, 0.7, 9.775],
							"uv": {
								"north": {"uv": [35, 51], "uv_size": [6.5, 0.5]},
								"east": {"uv": [42, 34], "uv_size": [10, 0.5]},
								"south": {"uv": [47, 51], "uv_size": [6.5, 0.5]},
								"west": {"uv": [42, 35], "uv_size": [10, 0.5]},
								"up": {"uv": [35, 20], "uv_size": [6.5, 10]},
								"down": {"uv": [35, 40], "uv_size": [6.5, -10]}
							}
						},
						{
							"origin": [-4, 2.3, -5],
							"size": [7, 0.25, 10],
							"uv": {
								"north": {"uv": [47, 46], "uv_size": [7, 0.5]},
								"east": {"uv": [42, 36], "uv_size": [10, 0.5]},
								"south": {"uv": [47, 47], "uv_size": [7, 0.5]},
								"west": {"uv": [42, 37], "uv_size": [10, 0.5]},
								"up": {"uv": [0, 20], "uv_size": [7, 10]},
								"down": {"uv": [7, 30], "uv_size": [7, -10]}
							}
						},
						{
							"origin": [-4, 1.55, -5],
							"size": [0.2, 0.75, 10],
							"uv": {
								"north": {"uv": [42, 48], "uv_size": [0.5, 1]},
								"east": {"uv": [42, 0], "uv_size": [10, 1]},
								"south": {"uv": [43, 48], "uv_size": [0.5, 1]},
								"west": {"uv": [42, 1], "uv_size": [10, 1]},
								"up": {"uv": [42, 38], "uv_size": [0.5, 10]},
								"down": {"uv": [43, 18], "uv_size": [0.5, -10]}
							}
						}
					]
				},
				{
					"name": "book3",
					"parent": "root",
					"pivot": [0, 2, 0],
					"rotation": [0, 5, 0],
					"cubes": [
						{
							"origin": [-4, 2.6, -5],
							"size": [7, 0.25, 10],
							"uv": {
								"north": {"uv": [47, 48], "uv_size": [7, 0.5]},
								"east": {"uv": [43, 18], "uv_size": [10, 0.5]},
								"south": {"uv": [47, 49], "uv_size": [7, 0.5]},
								"west": {"uv": [43, 19], "uv_size": [10, 0.5]},
								"up": {"uv": [14, 20], "uv_size": [7, 10]},
								"down": {"uv": [21, 10], "uv_size": [7, -10]}
							}
						},
						{
							"origin": [-3.8, 2.925, -4.85],
							"size": [6.725, 0.7, 9.775],
							"uv": {
								"north": {"uv": [0, 52], "uv_size": [6.5, 0.5]},
								"east": {"uv": [43, 20], "uv_size": [10, 0.5]},
								"south": {"uv": [52, 0], "uv_size": [6.5, 0.5]},
								"west": {"uv": [43, 21], "uv_size": [10, 0.5]},
								"up": {"uv": [0, 40], "uv_size": [6.5, 10]},
								"down": {"uv": [7, 50], "uv_size": [6.5, -10]}
							}
						},
						{
							"origin": [-4, 3.6, -5],
							"size": [7, 0.25, 10],
							"uv": {
								"north": {"uv": [0, 50], "uv_size": [7, 0.5]},
								"east": {"uv": [43, 22], "uv_size": [10, 0.5]},
								"south": {"uv": [7, 50], "uv_size": [7, 0.5]},
								"west": {"uv": [43, 23], "uv_size": [10, 0.5]},
								"up": {"uv": [21, 10], "uv_size": [7, 10]},
								"down": {"uv": [21, 30], "uv_size": [7, -10]}
							}
						},
						{
							"origin": [-4, 2.85, -5],
							"size": [0.2, 0.75, 10],
							"uv": {
								"north": {"uv": [42, 49], "uv_size": [0.5, 1]},
								"east": {"uv": [42, 2], "uv_size": [10, 1]},
								"south": {"uv": [43, 49], "uv_size": [0.5, 1]},
								"west": {"uv": [42, 3], "uv_size": [10, 1]},
								"up": {"uv": [43, 38], "uv_size": [0.5, 10]},
								"down": {"uv": [44, 18], "uv_size": [0.5, -10]}
							}
						}
					]
				}
			]
		}
	]
}