{
	"format_version": "1.12.0",
	"minecraft:geometry": [
		{
			"description": {
				"identifier": "geometry.table_0_d",
				"texture_width": 128,
				"texture_height": 128,
				"visible_bounds_width": 2,
				"visible_bounds_height": 2.5,
				"visible_bounds_offset": [0, 0.75, 0]
			},
			"bones": [
				{
					"name": "bone",
					"pivot": [16, 0, 8]
				},
				{
					"name": "4",
					"parent": "bone",
					"pivot": [16, 0, -8],
					"cubes": [
						{
							"origin": [-8, 11.6, -8],
							"size": [2, 2.32, 16],
							"uv": {
								"north": {"uv": [64.06, 60.06], "uv_size": [1.88, 1.88]},
								"east": {"uv": [46.06, 24.06], "uv_size": [15.88, 1.88]},
								"south": {"uv": [62.06, 64.06], "uv_size": [1.88, 1.88]},
								"west": {"uv": [46.06, 26.06], "uv_size": [15.88, 1.88]},
								"up": {"uv": [48.06, 4.06], "uv_size": [1.88, 15.88]},
								"down": {"uv": [48.06, 47.94], "uv_size": [1.88, -15.88]}
							}
						},
						{
							"origin": [-8, 0, -8],
							"size": [2, 2.32, 16],
							"uv": {
								"north": {"uv": [64.06, 62.06], "uv_size": [1.88, 1.88]},
								"east": {"uv": [42.06, 48.06], "uv_size": [15.88, 1.88]},
								"south": {"uv": [64.06, 64.06], "uv_size": [1.88, 1.88]},
								"west": {"uv": [50.06, 4.06], "uv_size": [15.88, 1.88]},
								"up": {"uv": [50.06, 32.06], "uv_size": [1.88, 15.88]},
								"down": {"uv": [42.06, 65.94], "uv_size": [1.88, -15.88]}
							}
						},
						{
							"origin": [-8, 14.79, 6],
							"size": [16, 1.16, 2],
							"uv": {
								"north": {"uv": [58.06, 30.06], "uv_size": [15.88, 0.88]},
								"east": {"uv": [14.06, 67.06], "uv_size": [1.88, 0.88]},
								"south": {"uv": [58.06, 31.06], "uv_size": [15.88, 0.88]},
								"west": {"uv": [16.06, 67.06], "uv_size": [1.88, 0.88]},
								"up": {"uv": [50.06, 6.06], "uv_size": [15.88, 1.88]},
								"down": {"uv": [50.06, 9.94], "uv_size": [15.88, -1.88]}
							}
						},
						{
							"origin": [-8, 14.79, -8],
							"size": [2, 1.16, 14],
							"uv": {
								"north": {"uv": [18.06, 67.06], "uv_size": [1.88, 0.88]},
								"east": {"uv": [62.06, 24.06], "uv_size": [13.88, 0.88]},
								"south": {"uv": [20.06, 67.06], "uv_size": [1.88, 0.88]},
								"west": {"uv": [62.06, 25.06], "uv_size": [13.88, 0.88]},
								"up": {"uv": [40.06, 56.06], "uv_size": [1.88, 13.88]},
								"down": {"uv": [56.06, 65.94], "uv_size": [1.88, -13.88]}
							}
						},
						{
							"origin": [-8, 2.32, 6],
							"size": [2, 9.28, 2],
							"uv": {
								"north": {"uv": [20.06, 58.06], "uv_size": [1.88, 8.88]},
								"east": {"uv": [22.06, 58.06], "uv_size": [1.88, 8.88]},
								"south": {"uv": [24.06, 58.06], "uv_size": [1.88, 8.88]},
								"west": {"uv": [26.06, 58.06], "uv_size": [1.88, 8.88]},
								"up": {"uv": [66.06, 4.06], "uv_size": [1.88, 1.88]},
								"down": {"uv": [66.06, 7.94], "uv_size": [1.88, -1.88]}
							}
						},
						{
							"origin": [-7.75, 13.63, 6.25],
							"size": [1.5, 1.16, 1.5],
							"uv": {
								"north": {"uv": [22.06, 67.06], "uv_size": [1.88, 0.88]},
								"east": {"uv": [24.06, 67.06], "uv_size": [1.88, 0.88]},
								"south": {"uv": [26.06, 67.06], "uv_size": [1.88, 0.88]},
								"west": {"uv": [28.06, 67.06], "uv_size": [1.88, 0.88]},
								"up": {"uv": [66.06, 8.06], "uv_size": [1.88, 1.88]},
								"down": {"uv": [66.06, 11.94], "uv_size": [1.88, -1.88]}
							}
						},
						{
							"origin": [-6, 15.95, -8],
							"size": [14, 0, 14],
							"uv": {
								"north": {"uv": [0.06, 0.06], "uv_size": [13.88, 0]},
								"east": {"uv": [0.06, 0.06], "uv_size": [13.88, 0]},
								"south": {"uv": [0.06, 0.06], "uv_size": [13.88, 0]},
								"west": {"uv": [0.06, 0.06], "uv_size": [13.88, 0]},
								"up": {"uv": [28.06, 28.06], "uv_size": [13.88, 13.88]},
								"down": {"uv": [32.06, 13.94], "uv_size": [13.88, -13.88]}
							}
						}
					]
				}
			]
		}
	]
}