{
	"format_version": "1.12.0",
	"minecraft:geometry": [
		{
			"description": {
				"identifier": "geometry.table_0_c",
				"texture_width": 128,
				"texture_height": 128,
				"visible_bounds_width": 2,
				"visible_bounds_height": 2.5,
				"visible_bounds_offset": [0, 0.75, 0]
			},
			"bones": [
				{
					"name": "bone",
					"pivot": [16, 0, 8]
				},
				{
					"name": "3",
					"parent": "bone",
					"pivot": [-16, 0, 8],
					"cubes": [
						{
							"origin": [6, 11.6, -8],
							"size": [2, 2.32, 16],
							"uv": {
								"north": {"uv": [66.06, 12.06], "uv_size": [1.88, 1.88]},
								"east": {"uv": [50.06, 10.06], "uv_size": [15.88, 1.88]},
								"south": {"uv": [66.06, 14.06], "uv_size": [1.88, 1.88]},
								"west": {"uv": [50.06, 12.06], "uv_size": [15.88, 1.88]},
								"up": {"uv": [44.06, 50.06], "uv_size": [1.88, 15.88]},
								"down": {"uv": [46.06, 65.94], "uv_size": [1.88, -15.88]}
							}
						},
						{
							"origin": [6, 0, -8],
							"size": [2, 2.32, 16],
							"uv": {
								"north": {"uv": [66.06, 16.06], "uv_size": [1.88, 1.88]},
								"east": {"uv": [50.06, 14.06], "uv_size": [15.88, 1.88]},
								"south": {"uv": [66.06, 18.06], "uv_size": [1.88, 1.88]},
								"west": {"uv": [50.06, 16.06], "uv_size": [15.88, 1.88]},
								"up": {"uv": [48.06, 50.06], "uv_size": [1.88, 15.88]},
								"down": {"uv": [50.06, 65.94], "uv_size": [1.88, -15.88]}
							}
						},
						{
							"origin": [-8, 14.79, -8],
							"size": [16, 1.16, 2],
							"uv": {
								"north": {"uv": [58.06, 48.06], "uv_size": [15.88, 0.88]},
								"east": {"uv": [30.06, 67.06], "uv_size": [1.88, 0.88]},
								"south": {"uv": [58.06, 49.06], "uv_size": [15.88, 0.88]},
								"west": {"uv": [32.06, 67.06], "uv_size": [1.88, 0.88]},
								"up": {"uv": [50.06, 18.06], "uv_size": [15.88, 1.88]},
								"down": {"uv": [52.06, 33.94], "uv_size": [15.88, -1.88]}
							}
						},
						{
							"origin": [6, 14.79, -6],
							"size": [2, 1.16, 14],
							"uv": {
								"north": {"uv": [34.06, 67.06], "uv_size": [1.88, 0.88]},
								"east": {"uv": [62.06, 26.06], "uv_size": [13.88, 0.88]},
								"south": {"uv": [62.06, 67.06], "uv_size": [1.88, 0.88]},
								"west": {"uv": [62.06, 27.06], "uv_size": [13.88, 0.88]},
								"up": {"uv": [4.06, 58.06], "uv_size": [1.88, 13.88]},
								"down": {"uv": [6.06, 71.94], "uv_size": [1.88, -13.88]}
							}
						},
						{
							"origin": [6, 2.32, -8],
							"size": [2, 9.28, 2],
							"uv": {
								"north": {"uv": [28.06, 58.06], "uv_size": [1.88, 8.88]},
								"east": {"uv": [30.06, 58.06], "uv_size": [1.88, 8.88]},
								"south": {"uv": [32.06, 58.06], "uv_size": [1.88, 8.88]},
								"west": {"uv": [34.06, 58.06], "uv_size": [1.88, 8.88]},
								"up": {"uv": [42.06, 66.06], "uv_size": [1.88, 1.88]},
								"down": {"uv": [44.06, 67.94], "uv_size": [1.88, -1.88]}
							}
						},
						{
							"origin": [6.25, 13.63, -7.75],
							"size": [1.5, 1.16, 1.5],
							"uv": {
								"north": {"uv": [64.06, 67.06], "uv_size": [1.88, 0.88]},
								"east": {"uv": [66.06, 67.06], "uv_size": [1.88, 0.88]},
								"south": {"uv": [68.06, 4.06], "uv_size": [1.88, 0.88]},
								"west": {"uv": [68.06, 5.06], "uv_size": [1.88, 0.88]},
								"up": {"uv": [46.06, 66.06], "uv_size": [1.88, 1.88]},
								"down": {"uv": [48.06, 67.94], "uv_size": [1.88, -1.88]}
							}
						},
						{
							"origin": [-8, 15.95, -6],
							"size": [14, 0, 14],
							"uv": {
								"north": {"uv": [0.06, 0.06], "uv_size": [13.88, 0]},
								"east": {"uv": [0.06, 0.06], "uv_size": [13.88, 0]},
								"south": {"uv": [0.06, 0.06], "uv_size": [13.88, 0]},
								"west": {"uv": [0.06, 0.06], "uv_size": [13.88, 0]},
								"up": {"uv": [32.06, 14.06], "uv_size": [13.88, 13.88]},
								"down": {"uv": [0.06, 55.94], "uv_size": [13.88, -13.88]}
							}
						}
					]
				}
			]
		}
	]
}