{
	"format_version": "1.12.0",
	"minecraft:geometry": [
		{
			"description": {
				"identifier": "geometry.table_0_e",
				"texture_width": 128,
				"texture_height": 128,
				"visible_bounds_width": 2,
				"visible_bounds_height": 2.5,
				"visible_bounds_offset": [0, 0.75, 0]
			},
			"bones": [
				{
					"name": "bone",
					"pivot": [16, 0, 8]
				},
				{
					"name": "5",
					"parent": "bone",
					"pivot": [16, 0, -8],
					"cubes": [
						{
							"origin": [-8, 14.79, 6],
							"size": [16, 1.16, 2],
							"uv": {
								"north": {"uv": [62.06, 2.06], "uv_size": [15.88, 0.88]},
								"east": {"uv": [68.06, 13.06], "uv_size": [1.88, 0.88]},
								"south": {"uv": [62.06, 3.06], "uv_size": [15.88, 0.88]},
								"west": {"uv": [14.06, 68.06], "uv_size": [1.88, 0.88]},
								"up": {"uv": [52.06, 46.06], "uv_size": [15.88, 1.88]},
								"down": {"uv": [4.06, 57.94], "uv_size": [15.88, -1.88]}
							}
						},
						{
							"origin": [-8, 15.95, -8],
							"size": [16, 0, 14],
							"uv": {
								"north": {"uv": [0.06, 0.06], "uv_size": [15.88, 0]},
								"east": {"uv": [0.06, 0.06], "uv_size": [13.88, 0]},
								"south": {"uv": [0.06, 0.06], "uv_size": [15.88, 0]},
								"west": {"uv": [0.06, 0.06], "uv_size": [13.88, 0]},
								"up": {"uv": [0.06, 0.06], "uv_size": [15.88, 13.88]},
								"down": {"uv": [0.06, 27.94], "uv_size": [15.88, -13.88]}
							}
						}
					]
				}
			]
		}
	]
}