{
	"format_version": "1.12.0",
	"minecraft:geometry": [
		{
			"description": {
				"identifier": "geometry.table_0_a",
				"texture_width": 128,
				"texture_height": 128,
				"visible_bounds_width": 2,
				"visible_bounds_height": 2.5,
				"visible_bounds_offset": [0, 0.75, 0]
			},
			"bones": [
				{
					"name": "bone",
					"pivot": [16, 0, 8]
				},
				{
					"name": "1",
					"parent": "bone",
					"pivot": [16, 0, 8],
					"cubes": [
						{
							"origin": [-8, 11.6, -8],
							"size": [2, 2.32, 16],
							"uv": {
								"north": {"uv": [50.06, 66.06], "uv_size": [1.88, 1.88]},
								"east": {"uv": [52.06, 34.06], "uv_size": [15.88, 1.88]},
								"south": {"uv": [52.06, 66.06], "uv_size": [1.88, 1.88]},
								"west": {"uv": [52.06, 36.06], "uv_size": [15.88, 1.88]},
								"up": {"uv": [52.06, 50.06], "uv_size": [1.88, 15.88]},
								"down": {"uv": [54.06, 65.94], "uv_size": [1.88, -15.88]}
							}
						},
						{
							"origin": [-8, 0, -8],
							"size": [2, 2.32, 16],
							"uv": {
								"north": {"uv": [54.06, 66.06], "uv_size": [1.88, 1.88]},
								"east": {"uv": [52.06, 38.06], "uv_size": [15.88, 1.88]},
								"south": {"uv": [66.06, 54.06], "uv_size": [1.88, 1.88]},
								"west": {"uv": [52.06, 40.06], "uv_size": [15.88, 1.88]},
								"up": {"uv": [0.06, 56.06], "uv_size": [1.88, 15.88]},
								"down": {"uv": [2.06, 71.94], "uv_size": [1.88, -15.88]}
							}
						},
						{
							"origin": [-8, 14.79, -8],
							"size": [16, 1.16, 2],
							"uv": {
								"north": {"uv": [62.06, 0.06], "uv_size": [15.88, 0.88]},
								"east": {"uv": [68.06, 6.06], "uv_size": [1.88, 0.88]},
								"south": {"uv": [62.06, 1.06], "uv_size": [15.88, 0.88]},
								"west": {"uv": [68.06, 7.06], "uv_size": [1.88, 0.88]},
								"up": {"uv": [52.06, 42.06], "uv_size": [15.88, 1.88]},
								"down": {"uv": [52.06, 45.94], "uv_size": [15.88, -1.88]}
							}
						},
						{
							"origin": [-8, 14.79, -6],
							"size": [2, 1.16, 14],
							"uv": {
								"north": {"uv": [68.06, 8.06], "uv_size": [1.88, 0.88]},
								"east": {"uv": [62.06, 52.06], "uv_size": [13.88, 0.88]},
								"south": {"uv": [68.06, 9.06], "uv_size": [1.88, 0.88]},
								"west": {"uv": [62.06, 53.06], "uv_size": [13.88, 0.88]},
								"up": {"uv": [8.06, 58.06], "uv_size": [1.88, 13.88]},
								"down": {"uv": [10.06, 71.94], "uv_size": [1.88, -13.88]}
							}
						},
						{
							"origin": [-8, 2.32, -8],
							"size": [2, 9.28, 2],
							"uv": {
								"north": {"uv": [58.06, 52.06], "uv_size": [1.88, 8.88]},
								"east": {"uv": [60.06, 52.06], "uv_size": [1.88, 8.88]},
								"south": {"uv": [58.06, 61.06], "uv_size": [1.88, 8.88]},
								"west": {"uv": [60.06, 61.06], "uv_size": [1.88, 8.88]},
								"up": {"uv": [56.06, 66.06], "uv_size": [1.88, 1.88]},
								"down": {"uv": [66.06, 57.94], "uv_size": [1.88, -1.88]}
							}
						},
						{
							"origin": [-7.75, 13.63, -7.75],
							"size": [1.5, 1.16, 1.5],
							"uv": {
								"north": {"uv": [68.06, 10.06], "uv_size": [1.88, 0.88]},
								"east": {"uv": [68.06, 11.06], "uv_size": [1.88, 0.88]},
								"south": {"uv": [12.06, 68.06], "uv_size": [1.88, 0.88]},
								"west": {"uv": [68.06, 12.06], "uv_size": [1.88, 0.88]},
								"up": {"uv": [66.06, 58.06], "uv_size": [1.88, 1.88]},
								"down": {"uv": [66.06, 61.94], "uv_size": [1.88, -1.88]}
							}
						},
						{
							"origin": [-6, 15.95, -6],
							"size": [14, 0, 14],
							"uv": {
								"north": {"uv": [0.06, 0.06], "uv_size": [13.88, 0]},
								"east": {"uv": [0.06, 0.06], "uv_size": [13.88, 0]},
								"south": {"uv": [0.06, 0.06], "uv_size": [13.88, 0]},
								"west": {"uv": [0.06, 0.06], "uv_size": [13.88, 0]},
								"up": {"uv": [14.06, 42.06], "uv_size": [13.88, 13.88]},
								"down": {"uv": [28.06, 55.94], "uv_size": [13.88, -13.88]}
							}
						}
					]
				}
			]
		}
	]
}