{
	"format_version": "1.12.0",
	"minecraft:geometry": [
		{
			"description": {
				"identifier": "geometry.table_0_f",
				"texture_width": 128,
				"texture_height": 128,
				"visible_bounds_width": 2,
				"visible_bounds_height": 2.5,
				"visible_bounds_offset": [0, 0.75, 0]
			},
			"bones": [
				{
					"name": "bone",
					"pivot": [16, 0, 8]
				},
				{
					"name": "6",
					"parent": "bone",
					"pivot": [-16, 0, -8],
					"cubes": [
						{
							"origin": [6, 11.6, -8],
							"size": [2, 2.32, 16],
							"uv": {
								"north": {"uv": [62.06, 58.06], "uv_size": [1.88, 1.88]},
								"east": {"uv": [42.06, 28.06], "uv_size": [15.88, 1.88]},
								"south": {"uv": [62.06, 60.06], "uv_size": [1.88, 1.88]},
								"west": {"uv": [42.06, 30.06], "uv_size": [15.88, 1.88]},
								"up": {"uv": [42.06, 32.06], "uv_size": [1.88, 15.88]},
								"down": {"uv": [44.06, 47.94], "uv_size": [1.88, -15.88]}
							}
						},
						{
							"origin": [6, 0, -8],
							"size": [2, 2.32, 16],
							"uv": {
								"north": {"uv": [62.06, 62.06], "uv_size": [1.88, 1.88]},
								"east": {"uv": [46.06, 0.06], "uv_size": [15.88, 1.88]},
								"south": {"uv": [64.06, 54.06], "uv_size": [1.88, 1.88]},
								"west": {"uv": [46.06, 2.06], "uv_size": [15.88, 1.88]},
								"up": {"uv": [46.06, 4.06], "uv_size": [1.88, 15.88]},
								"down": {"uv": [46.06, 47.94], "uv_size": [1.88, -15.88]}
							}
						},
						{
							"origin": [-8, 14.79, 6],
							"size": [16, 1.16, 2],
							"uv": {
								"north": {"uv": [58.06, 28.06], "uv_size": [15.88, 0.88]},
								"east": {"uv": [66.06, 66.06], "uv_size": [1.88, 0.88]},
								"south": {"uv": [58.06, 29.06], "uv_size": [15.88, 0.88]},
								"west": {"uv": [12.06, 67.06], "uv_size": [1.88, 0.88]},
								"up": {"uv": [46.06, 20.06], "uv_size": [15.88, 1.88]},
								"down": {"uv": [46.06, 23.94], "uv_size": [15.88, -1.88]}
							}
						},
						{
							"origin": [6, 14.79, -8],
							"size": [2, 1.16, 14],
							"uv": {
								"north": {"uv": [66.06, 64.06], "uv_size": [1.88, 0.88]},
								"east": {"uv": [62.06, 22.06], "uv_size": [13.88, 0.88]},
								"south": {"uv": [66.06, 65.06], "uv_size": [1.88, 0.88]},
								"west": {"uv": [62.06, 23.06], "uv_size": [13.88, 0.88]},
								"up": {"uv": [36.06, 56.06], "uv_size": [1.88, 13.88]},
								"down": {"uv": [38.06, 69.94], "uv_size": [1.88, -13.88]}
							}
						},
						{
							"origin": [6, 2.32, 6],
							"size": [2, 9.28, 2],
							"uv": {
								"north": {"uv": [12.06, 58.06], "uv_size": [1.88, 8.88]},
								"east": {"uv": [14.06, 58.06], "uv_size": [1.88, 8.88]},
								"south": {"uv": [16.06, 58.06], "uv_size": [1.88, 8.88]},
								"west": {"uv": [18.06, 58.06], "uv_size": [1.88, 8.88]},
								"up": {"uv": [64.06, 56.06], "uv_size": [1.88, 1.88]},
								"down": {"uv": [64.06, 59.94], "uv_size": [1.88, -1.88]}
							}
						},
						{
							"origin": [6.25, 13.63, 6.25],
							"size": [1.5, 1.16, 1.5],
							"uv": {
								"north": {"uv": [62.06, 66.06], "uv_size": [1.88, 0.88]},
								"east": {"uv": [66.06, 62.06], "uv_size": [1.88, 0.88]},
								"south": {"uv": [66.06, 63.06], "uv_size": [1.88, 0.88]},
								"west": {"uv": [64.06, 66.06], "uv_size": [1.88, 0.88]},
								"up": {"uv": [62.06, 54.06], "uv_size": [1.88, 1.88]},
								"down": {"uv": [62.06, 57.94], "uv_size": [1.88, -1.88]}
							}
						},
						{
							"origin": [-8, 15.95, -8],
							"size": [14, 0, 14],
							"uv": {
								"north": {"uv": [0.06, 0.06], "uv_size": [13.88, 0]},
								"east": {"uv": [0.06, 0.06], "uv_size": [13.88, 0]},
								"south": {"uv": [0.06, 0.06], "uv_size": [13.88, 0]},
								"west": {"uv": [0.06, 0.06], "uv_size": [13.88, 0]},
								"up": {"uv": [0.06, 28.06], "uv_size": [13.88, 13.88]},
								"down": {"uv": [14.06, 41.94], "uv_size": [13.88, -13.88]}
							}
						}
					]
				}
			]
		}
	]
}