{
	"format_version": "1.12.0",
	"minecraft:geometry": [
		{
			"description": {
				"identifier": "geometry.ceiling_fan_0",
				"texture_width": 32,
				"texture_height": 32,
				"visible_bounds_width": 3,
				"visible_bounds_height": 2.5,
				"visible_bounds_offset": [0, 0.75, 0]
			},
			"bones": [
				{
					"name": "bone",
					"pivot": [0, -10, 0],
					"cubes": [
						{"origin": [-2.25, 15, -1.25], "size": [3.5, 1, 3.5], "uv": [0, 21]},
						{"origin": [-2.5, 9, -1.5], "size": [4, 1, 4], "uv": [0, 12]},
						{"origin": [-2.25, 8.5, -1.25], "size": [3.5, 1, 3.5], "uv": [13, 16]},
						{"origin": [-2, 8, -1], "size": [3, 1, 3], "uv": [12, 12]},
						{"origin": [-2, 11, -1], "size": [3, 1, 3], "uv": [9, 20]},
						{"origin": [-1.25, 12, -0.25], "size": [1.5, 3, 1.5], "uv": [0, 12]}
					]
				}
			]
		}
	]
}