{
	"format_version": "1.12.0",
	"minecraft:geometry": [
		{
			"description": {
				"identifier": "geometry.ceiling_fan_0_blades",
				"texture_width": 32,
				"texture_height": 32,
				"visible_bounds_width": 4,
				"visible_bounds_height": 2.5,
				"visible_bounds_offset": [0, 0.75, 0]
			},
			"bones": [
				{
					"name": "bone",
					"pivot": [0.5, 11, -0.4]
				},
				{
					"name": "bone2",
					"parent": "bone",
					"pivot": [0.5, 10, -0.5],
					"cubes": [
						{"origin": [-0.25, 10, -3.5], "size": [1.5, 1, 1.5], "uv": [21, 12]},
						{"origin": [-0.25, 10, 1], "size": [1.5, 1, 1.5], "uv": [21, 21]},
						{"origin": [-2.5, 10, -1.25], "size": [1.5, 1, 1.5], "uv": [18, 20]},
						{"origin": [-14, 9.75, -1.75], "size": [11.5, 1, 2.5], "pivot": [-2.75, 9.75, -1.75], "rotation": [10, 0, 0], "uv": [0, 9]},
						{"origin": [-7.5, 9.75, 0.57674], "size": [11.5, 1, 2.5], "pivot": [3.75, 9.75, 0.57674], "rotation": [10, 180, 0], "uv": [0, 6]},
						{"origin": [-11.82674, 9.75, 2.75], "size": [11.5, 1, 2.5], "pivot": [-0.57674, 9.75, 2.75], "rotation": [10, 90, 0], "uv": [0, 0]},
						{"origin": [-9.5, 9.75, -3.75], "size": [11.5, 1, 2.5], "pivot": [1.75, 9.75, -3.75], "rotation": [10, -90, 0], "uv": [0, 3]},
						{"origin": [2, 10, -1.25], "size": [1.5, 1, 1.5], "uv": [9, 17]},
						{"origin": [-1, 10, -2], "size": [3, 1, 3], "uv": [0, 17]}
					]
				}
			]
		}
	]
}