{
	"format_version": "1.12.0",
	"minecraft:geometry": [
		{
			"description": {
				"identifier": "geometry.couch_0_a",
				"texture_width": 128,
				"texture_height": 128,
				"visible_bounds_width": 3,
				"visible_bounds_height": 2.5,
				"visible_bounds_offset": [0, 0.75, 0]
			},
			"bones": [
				{
					"name": "bone",
					"pivot": [16, 0, 0],
					"cubes": [
						{
							"origin": [-8, 2, -8],
							"size": [16, 5, 16],
							"uv": {
								"north": {"uv": [16, 16], "uv_size": [48, 5]},
								"east": {"uv": [0, 16], "uv_size": [16, 5]},
								"south": {"uv": [80, 16], "uv_size": [48, 5]},
								"west": {"uv": [64, 16], "uv_size": [16, 5]},
								"up": {"uv": [16, 0], "uv_size": [48, 16]},
								"down": {"uv": [64, 16], "uv_size": [48, -16]}
							}
						},
						{
							"origin": [-8, 7, 5],
							"size": [16, 10, 3],
							"uv": {
								"north": {"uv": [3, 24], "uv_size": [48, 10]},
								"east": {"uv": [0, 24], "uv_size": [3, 10]},
								"south": {"uv": [54, 24], "uv_size": [48, 10]},
								"west": {"uv": [51, 24], "uv_size": [3, 10]},
								"up": {"uv": [3, 21], "uv_size": [48, 3]},
								"down": {"uv": [51, 24], "uv_size": [48, -3]}
							}
						},
						{
							"origin": [-7, 17, 5],
							"size": [15, 1, 3],
							"uv": {
								"north": {"uv": [3, 36], "uv_size": [46, 1]},
								"east": {"uv": [0, 36], "uv_size": [3, 1]},
								"south": {"uv": [52, 36], "uv_size": [46, 1]},
								"west": {"uv": [49, 36], "uv_size": [3, 1]},
								"up": {"uv": [3, 33], "uv_size": [46, 3]},
								"down": {"uv": [49, 36], "uv_size": [46, -3]}
							}
						},
						{
							"origin": [-6, 18, 5],
							"size": [14, 1, 3],
							"uv": {
								"north": {"uv": [3, 40], "uv_size": [44, 1]},
								"east": {"uv": [0, 40], "uv_size": [3, 1]},
								"south": {"uv": [50, 40], "uv_size": [44, 1]},
								"west": {"uv": [47, 40], "uv_size": [3, 1]},
								"up": {"uv": [3, 37], "uv_size": [44, 3]},
								"down": {"uv": [47, 40], "uv_size": [44, -3]}
							}
						},
						{
							"origin": [-8, 7, -8],
							"size": [3, 5, 13],
							"uv": {
								"north": {"uv": [35, 88], "uv_size": [3, 5]},
								"east": {"uv": [22, 88], "uv_size": [13, 5]},
								"south": {"uv": [51, 88], "uv_size": [3, 5]},
								"west": {"uv": [38, 88], "uv_size": [13, 5]},
								"up": {"uv": [35, 75], "uv_size": [3, 13]},
								"down": {"uv": [38, 88], "uv_size": [3, -13]}
							}
						},
						{
							"origin": [-9.75, 9, -8.075],
							"size": [4, 4, 16.175],
							"uv": {
								"north": {"uv": [74, 75], "uv_size": [4, 4]},
								"east": {"uv": [58, 75], "uv_size": [16, 4]},
								"south": {"uv": [94, 75], "uv_size": [4, 4]},
								"west": {"uv": [78, 75], "uv_size": [16, 4]},
								"up": {"uv": [74, 59], "uv_size": [4, 16]},
								"down": {"uv": [78, 75], "uv_size": [4, -16]}
							}
						},
						{
							"origin": [-7.75, 0.5, 4.75],
							"size": [3, 2, 3],
							"uv": {
								"north": {"uv": [43, 49], "uv_size": [3, 2]},
								"east": {"uv": [40, 49], "uv_size": [3, 2]},
								"south": {"uv": [49, 49], "uv_size": [3, 2]},
								"west": {"uv": [46, 49], "uv_size": [3, 2]},
								"up": {"uv": [43, 46], "uv_size": [3, 3]},
								"down": {"uv": [46, 49], "uv_size": [3, -3]}
							}
						},
						{
							"origin": [-7.75, 0.5, -7.75],
							"size": [3, 2, 3],
							"uv": {
								"north": {"uv": [43, 44], "uv_size": [3, 2]},
								"east": {"uv": [40, 44], "uv_size": [3, 2]},
								"south": {"uv": [49, 44], "uv_size": [3, 2]},
								"west": {"uv": [46, 44], "uv_size": [3, 2]},
								"up": {"uv": [43, 41], "uv_size": [3, 3]},
								"down": {"uv": [46, 44], "uv_size": [3, -3]}
							}
						},
						{
							"origin": [-5, 6.25, -7.5],
							"size": [13, 1, 12.5],
							"uv": {
								"north": {"uv": [12, 66], "uv_size": [13, 1]},
								"east": {"uv": [0, 66], "uv_size": [12, 1]},
								"south": {"uv": [37, 66], "uv_size": [13, 1]},
								"west": {"uv": [25, 66], "uv_size": [12, 1]},
								"up": {"uv": [12, 54], "uv_size": [13, 12]},
								"down": {"uv": [25, 66], "uv_size": [13, -12]}
							}
						}
					]
				},
				{
					"name": "bone2",
					"parent": "bone",
					"pivot": [33, 7, 2],
					"rotation": [-22.5, 50, 0]
				},
				{
					"name": "bone3",
					"parent": "bone",
					"pivot": [-1, 7, 2],
					"rotation": [-22.5, -50, 0],
					"cubes": [
						{
							"origin": [-6, 7, 1],
							"size": [7, 5, 2],
							"uv": {
								"north": {"uv": [80, 43], "uv_size": [7, 5]},
								"east": {"uv": [78, 43], "uv_size": [2, 5]},
								"south": {"uv": [89, 43], "uv_size": [7, 5]},
								"west": {"uv": [87, 43], "uv_size": [2, 5]},
								"up": {"uv": [80, 41], "uv_size": [7, 2]},
								"down": {"uv": [87, 43], "uv_size": [7, -2]}
							}
						},
						{
							"origin": [-5.75, 7.25, 0.75],
							"size": [6.5, 4.5, 2],
							"uv": {
								"north": {"uv": [2, 2], "uv_size": [6, 4]},
								"east": {"uv": [0, 2], "uv_size": [2, 4]},
								"south": {"uv": [10, 2], "uv_size": [6, 4]},
								"west": {"uv": [8, 2], "uv_size": [2, 4]},
								"up": {"uv": [2, 0], "uv_size": [6, 2]},
								"down": {"uv": [8, 2], "uv_size": [6, -2]}
							}
						}
					]
				}
			]
		}
	]
}