{
	"format_version": "1.12.0",
	"minecraft:geometry": [
		{
			"description": {
				"identifier": "geometry.couch_0_c",
				"texture_width": 128,
				"texture_height": 128,
				"visible_bounds_width": 6,
				"visible_bounds_height": 2.5,
				"visible_bounds_offset": [0, 0.75, 0]
			},
			"bones": [
				{
					"name": "bone",
					"pivot": [-16, 0, 0],
					"cubes": [
						{
							"origin": [-8, 2, -8],
							"size": [16, 5, 16],
							"uv": {
								"north": {"uv": [16, 16], "uv_size": [48, 5]},
								"east": {"uv": [0, 16], "uv_size": [16, 5]},
								"south": {"uv": [80, 16], "uv_size": [48, 5]},
								"west": {"uv": [64, 16], "uv_size": [16, 5]},
								"up": {"uv": [16, 0], "uv_size": [48, 16]},
								"down": {"uv": [64, 16], "uv_size": [48, -16]}
							}
						},
						{
							"origin": [-8, 7, 5],
							"size": [16, 10, 3],
							"uv": {
								"north": {"uv": [3, 24], "uv_size": [48, 10]},
								"east": {"uv": [0, 24], "uv_size": [3, 10]},
								"south": {"uv": [54, 24], "uv_size": [48, 10]},
								"west": {"uv": [51, 24], "uv_size": [3, 10]},
								"up": {"uv": [3, 21], "uv_size": [48, 3]},
								"down": {"uv": [51, 24], "uv_size": [48, -3]}
							}
						},
						{
							"origin": [-8, 17, 5],
							"size": [15, 1, 3],
							"uv": {
								"north": {"uv": [3, 36], "uv_size": [46, 1]},
								"east": {"uv": [0, 36], "uv_size": [3, 1]},
								"south": {"uv": [52, 36], "uv_size": [46, 1]},
								"west": {"uv": [49, 36], "uv_size": [3, 1]},
								"up": {"uv": [3, 33], "uv_size": [46, 3]},
								"down": {"uv": [49, 36], "uv_size": [46, -3]}
							}
						},
						{
							"origin": [-8, 18, 5],
							"size": [14, 1, 3],
							"uv": {
								"north": {"uv": [3, 40], "uv_size": [44, 1]},
								"east": {"uv": [0, 40], "uv_size": [3, 1]},
								"south": {"uv": [50, 40], "uv_size": [44, 1]},
								"west": {"uv": [47, 40], "uv_size": [3, 1]},
								"up": {"uv": [3, 37], "uv_size": [44, 3]},
								"down": {"uv": [47, 40], "uv_size": [44, -3]}
							}
						},
						{
							"origin": [5.75, 9, -8.075],
							"size": [4, 4, 16.175],
							"uv": {
								"north": {"uv": [50, 71], "uv_size": [4, 4]},
								"east": {"uv": [34, 71], "uv_size": [16, 4]},
								"south": {"uv": [70, 71], "uv_size": [4, 4]},
								"west": {"uv": [54, 71], "uv_size": [16, 4]},
								"up": {"uv": [50, 55], "uv_size": [4, 16]},
								"down": {"uv": [54, 71], "uv_size": [4, -16]}
							}
						},
						{
							"origin": [5, 7, -8],
							"size": [3, 5, 13],
							"uv": {
								"north": {"uv": [13, 80], "uv_size": [3, 5]},
								"east": {"uv": [0, 80], "uv_size": [13, 5]},
								"south": {"uv": [29, 80], "uv_size": [3, 5]},
								"west": {"uv": [16, 80], "uv_size": [13, 5]},
								"up": {"uv": [13, 67], "uv_size": [3, 13]},
								"down": {"uv": [16, 80], "uv_size": [3, -13]}
							}
						},
						{
							"origin": [4.75, 0.5, 4.75],
							"size": [3, 2, 3],
							"uv": {
								"north": {"uv": [3, 49], "uv_size": [3, 2]},
								"east": {"uv": [0, 49], "uv_size": [3, 2]},
								"south": {"uv": [9, 49], "uv_size": [3, 2]},
								"west": {"uv": [6, 49], "uv_size": [3, 2]},
								"up": {"uv": [3, 46], "uv_size": [3, 3]},
								"down": {"uv": [6, 49], "uv_size": [3, -3]}
							}
						},
						{
							"origin": [4.75, 0.5, -7.75],
							"size": [3, 2, 3],
							"uv": {
								"north": {"uv": [3, 44], "uv_size": [3, 2]},
								"east": {"uv": [0, 44], "uv_size": [3, 2]},
								"south": {"uv": [9, 44], "uv_size": [3, 2]},
								"west": {"uv": [6, 44], "uv_size": [3, 2]},
								"up": {"uv": [3, 41], "uv_size": [3, 3]},
								"down": {"uv": [6, 44], "uv_size": [3, -3]}
							}
						},
						{
							"origin": [-8, 6.25, -7.5],
							"size": [13, 1, 12.5],
							"uv": {
								"north": {"uv": [52, 54], "uv_size": [13, 1]},
								"east": {"uv": [40, 54], "uv_size": [12, 1]},
								"south": {"uv": [77, 54], "uv_size": [13, 1]},
								"west": {"uv": [65, 54], "uv_size": [12, 1]},
								"up": {"uv": [52, 42], "uv_size": [13, 12]},
								"down": {"uv": [65, 54], "uv_size": [13, -12]}
							}
						}
					]
				},
				{
					"name": "bone2",
					"parent": "bone",
					"pivot": [1, 7, 2],
					"rotation": [-22.5, 50, 0],
					"cubes": [
						{
							"origin": [-1, 7, 1],
							"size": [7, 5, 2],
							"uv": {
								"north": {"uv": [46, 81], "uv_size": [7, 5]},
								"east": {"uv": [44, 81], "uv_size": [2, 5]},
								"south": {"uv": [55, 81], "uv_size": [7, 5]},
								"west": {"uv": [53, 81], "uv_size": [2, 5]},
								"up": {"uv": [46, 79], "uv_size": [7, 2]},
								"down": {"uv": [53, 81], "uv_size": [7, -2]}
							}
						},
						{
							"origin": [-0.75, 7.25, 0.75],
							"size": [6.5, 4.5, 2],
							"uv": {
								"north": {"uv": [2, 8], "uv_size": [6, 4]},
								"east": {"uv": [0, 8], "uv_size": [2, 4]},
								"south": {"uv": [10, 8], "uv_size": [6, 4]},
								"west": {"uv": [8, 8], "uv_size": [2, 4]},
								"up": {"uv": [2, 6], "uv_size": [6, 2]},
								"down": {"uv": [8, 8], "uv_size": [6, -2]}
							}
						}
					]
				},
				{
					"name": "bone3",
					"parent": "bone",
					"pivot": [-33, 7, 2],
					"rotation": [-22.5, -50, 0]
				}
			]
		}
	]
}