{
	"format_version": "1.12.0",
	"minecraft:geometry": [
		{
			"description": {
				"identifier": "geometry.couch_0_b",
				"texture_width": 128,
				"texture_height": 128,
				"visible_bounds_width": 4,
				"visible_bounds_height": 2.5,
				"visible_bounds_offset": [0, 0.75, 0]
			},
			"bones": [
				{
					"name": "bone",
					"pivot": [0, 0, 0],
					"cubes": [
						{
							"origin": [-8, 2, -8],
							"size": [16, 5, 16],
							"uv": {
								"north": {"uv": [16, 16], "uv_size": [48, 5]},
								"east": {"uv": [0, 16], "uv_size": [16, 5]},
								"south": {"uv": [80, 16], "uv_size": [48, 5]},
								"west": {"uv": [64, 16], "uv_size": [16, 5]},
								"up": {"uv": [16, 0], "uv_size": [48, 16]},
								"down": {"uv": [64, 16], "uv_size": [48, -16]}
							}
						},
						{
							"origin": [-8, 7, 5],
							"size": [16, 10, 3],
							"uv": {
								"north": {"uv": [3, 24], "uv_size": [48, 10]},
								"east": {"uv": [0, 24], "uv_size": [3, 10]},
								"south": {"uv": [54, 24], "uv_size": [48, 10]},
								"west": {"uv": [51, 24], "uv_size": [3, 10]},
								"up": {"uv": [3, 21], "uv_size": [48, 3]},
								"down": {"uv": [51, 24], "uv_size": [48, -3]}
							}
						},
						{
							"origin": [-8, 17, 5],
							"size": [16, 1, 3],
							"uv": {
								"north": {"uv": [3, 36], "uv_size": [46, 1]},
								"east": {"uv": [0, 36], "uv_size": [3, 1]},
								"south": {"uv": [52, 36], "uv_size": [46, 1]},
								"west": {"uv": [49, 36], "uv_size": [3, 1]},
								"up": {"uv": [3, 33], "uv_size": [46, 3]},
								"down": {"uv": [49, 36], "uv_size": [46, -3]}
							}
						},
						{
							"origin": [-8, 18, 5],
							"size": [16, 1, 3],
							"uv": {
								"north": {"uv": [3, 40], "uv_size": [44, 1]},
								"east": {"uv": [0, 40], "uv_size": [3, 1]},
								"south": {"uv": [50, 40], "uv_size": [44, 1]},
								"west": {"uv": [47, 40], "uv_size": [3, 1]},
								"up": {"uv": [3, 37], "uv_size": [44, 3]},
								"down": {"uv": [47, 40], "uv_size": [44, -3]}
							}
						},
						{
							"origin": [-7, 6.25, -7.5],
							"size": [14, 1, 12.5],
							"uv": {
								"north": {"uv": [12, 53], "uv_size": [14, 1]},
								"east": {"uv": [0, 53], "uv_size": [12, 1]},
								"south": {"uv": [38, 53], "uv_size": [14, 1]},
								"west": {"uv": [26, 53], "uv_size": [12, 1]},
								"up": {"uv": [12, 41], "uv_size": [14, 12]},
								"down": {"uv": [26, 53], "uv_size": [14, -12]}
							}
						}
					]
				},
				{
					"name": "bone2",
					"parent": "bone",
					"pivot": [17, 7, 2],
					"rotation": [-22.5, 50, 0]
				},
				{
					"name": "bone3",
					"parent": "bone",
					"pivot": [-17, 7, 2],
					"rotation": [-22.5, -50, 0]
				}
			]
		}
	]
}