{
	"format_version": "1.8.0",
	"minecraft:client_entity": {
		"description": {
			"identifier": "bony:clock_0_face",
			"materials": {
				"default": "bat"
			},
			"textures": {
				"default": "textures/blocks/clock_0"
			},
			"geometry": {
				"default": "geometry.clock_0_face"
			},
			"scripts": {
				"scale": 0.35
			},
			"animations": {
				"resting": "animation.bat.resting",
				"flying": "animation.clock_0_face.move"
			},
			"animation_controllers": [
				{
					"move": "controller.animation.bat.move"
				}
			],
			"render_controllers": [
				"controller.render.bat"
			],
			"spawn_egg": {
				"texture": "spawn_egg",
				"texture_index": 18
			}
		}
	}
}