{
	"format_version": "1.8.0",
	"minecraft:client_entity": {
		"description": {
			"identifier": "bony:gaming_chair_0",
			"materials": {
				"default": "bat"
			},
			"textures": {
				"default": "textures/entity/furniture/chairs/gaming_chair"
			},
			"geometry": {
				"default": "geometry.gaming_chair_0"
			},
			"scripts": {
				"scale": 0.35
			},
			"animations": {
				"resting": "animation.bat.resting",
				"flying": "animation.bat.flying"
			},
			"animation_controllers": [
				{
					"move": "controller.animation.bat.move"
				}
			],
			"render_controllers": [
				"controller.render.bat"
			],
			"spawn_egg": {
				"texture": "furniture",
				"texture_index": 4
			}
		}
	}
}