[
	{
		"atlas_tile": "tv_0_a",
		"frames": [
			0,
			1,
			2,
			3
		],
		"flipbook_texture": "textures/blocks/tv_0/tv_0_a",
		"ticks_per_frame": 20
	},
	{
		"atlas_tile": "channel_1",
		"ticks_per_frame": 2,
		"flipbook_texture": "textures/blocks/TV/channels/channel_1"
	},
	{
		"atlas_tile": "channel_2",
		"ticks_per_frame": 2,
		"flipbook_texture": "textures/blocks/TV/channels/channel_2"
	},
	{
		"atlas_tile": "channel_3",
		"ticks_per_frame": 2,
		"flipbook_texture": "textures/blocks/TV/channels/channel_3"
	},
	{
		"atlas_tile": "channel_4",
		"ticks_per_frame": 10,
		"flipbook_texture": "textures/blocks/TV/channels/channel_4",
		"blend_frames": false
	},
	{
		"atlas_tile": "channel_5",
		"flipbook_texture": "textures/blocks/TV/channels/channel_5",
		"blend_frames": false,
		"ticks_per_frame": 2
	},
	{
		"atlas_tile": "channel_6",
		"flipbook_texture": "textures/blocks/TV/channels/channel_6",
		"blend_frames": false,
		"ticks_per_frame": 2
	},
	{}
]