{
	"resource_pack_name": "bridgeRP",
	"texture_name": "atlas.items",
	"texture_data": {
		"furniture": {
			"textures": [
				"textures/items/spawn_eggs/furniture/small_lamp_0",
				"textures/items/spawn_eggs/furniture/tall_lamp_0",
				"textures/items/spawn_eggs/furniture/picnic_0",
				"textures/items/spawn_eggs/furniture/couch_0",
				"textures/items/spawn_eggs/furniture/gaming_chair"
			]
		},
		"bony_toast_1": {
			"textures": [
				"textures/items/food/toast/bread_1"
			]
		},
		"floaty_0": {
			"textures": [
				"textures/items/spawn_eggs/furniture/floaty_0"
			]
		},
		"floaty_1": {
			"textures": [
				"textures/items/spawn_eggs/furniture/floaty_1"
			]
		},
		"floaty_2": {
			"textures": [
				"textures/items/spawn_eggs/furniture/floaty_2"
			]
		},
		"floaty_3": {
			"textures": [
				"textures/items/spawn_eggs/furniture/floaty_3"
			]
		},
		"beach_ball_0": {
			"textures": [
				"textures/items/spawn_eggs/furniture/beach_ball_0"
			]
		}
	}
}