{
	"resource_pack_name": "bridgeRP",
	"texture_name": "atlas.terrain",
	"padding": 8,
	"num_mip_levels": 4,
	"texture_data": {
		"bony_chair_0": {
			"textures": [
				{
					"variations": [
						{
							"path": "textures/blocks/chair_0"
						}
					]
				}
			]
		},
		"plants": {
			"textures": [
				"textures/blocks/plants/plant_0"
			]
		},
		"trash": {
			"textures": [
				"textures/blocks/trash_bin"
			]
		},
		"kitchen_cabinet_0": {
			"textures": [
				"textures/blocks/kitchen_cabinet/kitchen_cabinet"
			]
		},
		"mailbox_0": {
			"textures": [
				"textures/blocks/mailbox"
			]
		},
		"trash_can_0": {
			"textures": [
				"textures/blocks/trashcan"
			]
		},
		"kitchen_chair_0": {
			"textures": [
				"textures/blocks/kitchen_chair_0"
			]
		},
		"clock_0": {
			"textures": [
				"textures/blocks/clock_0"
			]
		},
		"kitchen_sink_0": {
			"textures": [
				"textures/blocks/kitchen_sink_0"
			]
		},
		"kitchen_counter_0": {
			"textures": [
				"textures/blocks/kitchen_counter_0"
			]
		},
		"stool_0": {
			"textures": [
				"textures/blocks/stool_0"
			]
		},
		"stove_0": {
			"textures": [
				"textures/blocks/stove_0"
			]
		},
		"toilet_0": {
			"textures": [
				"textures/blocks/toilet_0"
			]
		},
		"ceiling_fan_0": {
			"textures": [
				"textures/blocks/ceiling_fan_0"
			]
		},
		"gamer_desk_0": {
			"textures": [
				"textures/blocks/gamer_desk_0"
			]
		},
		"gamer_laptop_0": {
			"textures": [
				"textures/blocks/gamer_laptop_0"
			]
		},
		"tv_0": {
			"textures": [
				"textures/blocks/tv_0/tv_0"
			]
		},
		"tv_1": {
			"textures": [
				"textures/blocks/tv_2/coffee_table_2an"
			]
		},
		"shower_0": {
			"textures": [
				"textures/blocks/shower_0"
			]
		},
		"xbox_off": {
			"textures": [
				"textures/blocks/xbox/xbox_off"
			]
		},
		"xbox_on": {
			"textures": [
				"textures/blocks/xbox/xbox_on"
			]
		},
		"dog_house": {
			"textures": [
				"textures/blocks/dog_house_0"
			]
		},
		"camera_0": {
			"textures": [
				"textures/blocks/camera_0"
			]
		},
		"testblock": {
			"textures": [
				"textures/blocks/testblock"
			]
		},
		"kitchen_sink_1": {
			"textures": [
				"textures/blocks/kitchen_sink_1"
			]
		},
		"small_lamp_0_off": {
			"textures": [
				"textures/blocks/lamps/lamp_0/lamp_0_off"
			]
		},
		"small_lamp_0_on": {
			"textures": [
				"textures/blocks/lamps/lamp_0/lamp_0_on"
			]
		},
		"coffee_table_0": {
			"textures": [
				"textures/blocks/coffee_table_0"
			]
		},
		"blender_0": {
			"textures": [
				"textures/blocks/blender_0"
			]
		},
		"couch_2": {
			"textures": [
				"textures/blocks/couch_2/couch_2"
			]
		},
		"couch_0": {
			"textures": [
				"textures/blocks/couch_0"
			]
		},
		"plushie_panda": {
			"textures": [
				"textures/blocks/plushies/panda"
			]
		},
		"plushie_elephant": {
			"textures": [
				"textures/blocks/plushies/elephant"
			]
		},
		"plushie_pig": {
			"textures": [
				"textures/blocks/plushies/piggy"
			]
		},
		"plushie_raccoon": {
			"textures": [
				"textures/blocks/plushies/raccoon"
			]
		},
		"plushie_squirrel": {
			"textures": [
				"textures/blocks/plushies/squirrel"
			]
		},
		"plushie_deer": {
			"textures": [
				"textures/blocks/plushies/deer"
			]
		},
		"plushie_bunny": {
			"textures": [
				"textures/blocks/plushies/bunny"
			]
		},
		"plushie_dog": {
			"textures": [
				"textures/blocks/plushies/doggy"
			]
		},
		"plushie_fox": {
			"textures": [
				"textures/blocks/plushies/fox"
			]
		},
		"plushie_cat": {
			"textures": [
				"textures/blocks/plushies/cat"
			]
		},
		"plushie_bear": {
			"textures": [
				"textures/blocks/plushies/teddybear"
			]
		},
		"plushie_mouse": {
			"textures": [
				"textures/blocks/plushies/mouse"
			]
		},
		"tv_stand_0": {
			"textures": [
				"textures/blocks/tv_stand_0"
			]
		},
		"picnic": {
			"textures": [
				"textures/blocks/picnic"
			]
		},
		"small_lamp_1_off": {
			"textures": [
				"textures/blocks/lamps/small_lamp_1/small_lamp_1_off"
			]
		},
		"small_lamp_1_on": {
			"textures": [
				"textures/blocks/lamps/small_lamp_1/small_lamp_1_on"
			]
		},
		"boombox_0": {
			"textures": [
				"textures/blocks/boombox_0"
			]
		},
		"tv_off": {
			"textures": [
				"textures/blocks/TV/channels/tv_off"
			]
		},
		"channel_1": {
			"textures": [
				"textures/blocks/TV/channels/channel_1"
			]
		},
		"channel_2": {
			"textures": [
				"textures/blocks/TV/channels/channel_2"
			]
		},
		"channel_3": {
			"textures": [
				"textures/blocks/TV/channels/channel_3"
			]
		},
		"channel_4": {
			"textures": [
				"textures/blocks/TV/channels/channel_4"
			]
		},
		"channel_5": {
			"textures": [
				"textures/blocks/TV/channels/channel_5"
			]
		},
		"channel_6": {
			"textures": [
				"textures/blocks/TV/channels/channel_6"
			]
		},
		"speaker_0": {
			"textures": [
				"textures/blocks/speaker_0"
			]
		},
		"speaker_1": {
			"textures": [
				"textures/blocks/speaker_1"
			]
		},
		"ceiling_lamp_1_off": {
			"textures": [
				"textures/blocks/ceiling_lamp_1/ceiling_lamp_1_off"
			]
		},
		"ceiling_lamp_1_on": {
			"textures": [
				"textures/blocks/ceiling_lamp_1/ceiling_lamp_1_on"
			]
		},
		"towel_rack_0": {
			"textures": [
				"textures/blocks/towel_rack_0"
			]
		},
		"plant_1": {
			"textures": [
				"textures/blocks/plant_1"
			]
		},
		"ceiling_lamp_0_off": {
			"textures": [
				"textures/blocks/lamps/ceiling_lamp_0/ceiling_lamp_0_off"
			]
		},
		"ceiling_lamp_0_on": {
			"textures": [
				"textures/blocks/lamps/ceiling_lamp_0/ceiling_lamp_0_on"
			]
		},
		"chair_1": {
			"textures": [
				"textures/blocks/chair_1"
			]
		},
		"bench_0": {
			"textures": [
				"textures/blocks/bench_0"
			]
		},
		"pc_0_off": {
			"textures": [
				"textures/blocks/pc_monitor_0/pc_monitor_0_off"
			]
		},
		"pc_0_on": {
			"textures": [
				"textures/blocks/pc_monitor_0/pc_monitor_0_on"
			]
		},
		"beach_chair_0": {
			"textures": [
				"textures/blocks/beach_chair_0"
			]
		},
		"beach_chair_1": {
			"textures": [
				"textures/blocks/beach_chair_1"
			]
		},
		"diving_board": {
			"textures": [
				"textures/blocks/diving_board_0"
			]
		},
		"small_table_0": {
			"textures": [
				"textures/blocks/small_table_0"
			]
		},
		"plate_0": {
			"textures": [
				"textures/blocks/plate_0"
			]
		},
		"chair_4": {
			"textures": [
				"textures/blocks/chair_4"
			]
		},
		"plate_1": {
			"textures": [
				"textures/blocks/plate_1"
			]
		},
		"drawer_0": {
			"textures": [
				"textures/blocks/drawer_0"
			]
		},
		"toaster_0": {
			"textures": [
				"textures/blocks/toaster_0"
			]
		},
		"refrigerator_0": {
			"textures": [
				"textures/blocks/refrigerator_0"
			]
		},
		"tall_lamp_0_off": {
			"textures": [
				"textures/blocks/tall_lamp_0/tall_lamp_off"
			]
		},
		"tall_lamp_0_on": {
			"textures": [
				"textures/blocks/tall_lamp_0/tall_lamp_on"
			]
		},
		"books_0": {
			"textures": [
				"textures/blocks/books"
			]
		},
		"shelf_0": {
			"textures": [
				"textures/blocks/shelf_0"
			]
		},
		"traffic_cone_0": {
			"textures": [
				"textures/blocks/traffic_cone_0"
			]
		},
		"traffic_cone_1": {
			"textures": [
				"textures/blocks/traffic_cone_1"
			]
		},
		"traffic_cone_2": {
			"textures": [
				"textures/blocks/traffic_cone_2"
			]
		},
		"stop_sign_0": {
			"textures": [
				"textures/blocks/stop_sign_0"
			]
		},
		"small_lamp_2_off": {
			"textures": [
				"textures/blocks/lamps/small_lamp_2/small_lamp_2_off"
			]
		},
		"small_lamp_2_on": {
			"textures": [
				"textures/blocks/lamps/small_lamp_2/small_lamp_2_on"
			]
		},
		"kitchen_drawer_0": {
			"textures": [
				"textures/blocks/kitchen_drawer_0"
			]
		},
		"gamer_desk_1": {
			"textures": [
				"textures/blocks/gamer_desk_1"
			]
		},
		"refrigerator_1": {
			"textures": [
				"textures/blocks/fridge_1"
			]
		},
		"hydrant_0": {
			"textures": [
				"textures/blocks/hydrant"
			]
		},
		"pizza_0": {
			"textures": [
				"textures/blocks/pizza_0"
			]
		},
		"couch_3": {
			"textures": [
				"textures/blocks/couch_3"
			]
		},
		"chair_5": {
			"textures": [
				"textures/blocks/chair_5"
			]
		},
		"gravestone_0": {
			"textures": [
				"textures/blocks/gravestone_0"
			]
		},
		"bookshelf_0": {
			"textures": [
				"textures/blocks/bookshelf_0"
			]
		},
		"school_desk_0": {
			"textures": [
				"textures/blocks/school_desk_0"
			]
		},
		"chalkboard_0_b": {
			"textures": [
				"textures/blocks/chalkboard_0_b"
			]
		},
		"coconuts": {
			"textures": [
				"textures/blocks/coconuts"
			]
		},
		"grill_0": {
			"textures": [
				"textures/blocks/grill_0"
			]
		},
		"beach_bucket_0": {
			"textures": [
				"textures/blocks/beach_bucket_0"
			]
		},
		"wants": [
			{
				"item": "minecraft:emerald",
				"quantity": {
					"min": 1,
					"max": 5
				}
			}
		],
		"alarm_clock_0": {
			"textures": [
				"textures/blocks/alarm_clock_0"
			]
		},
		"globe_0": {
			"textures": [
				"textures/blocks/globe_0"
			]
		},
		"flag_0": {
			"textures": [
				"textures/blocks/flag_0"
			]
		},
		"gravestone_3": {
			"textures": [
				"textures/blocks/gravestone_3"
			]
		},
		"gravestone_2": {
			"textures": [
				"textures/blocks/gravestone_2"
			]
		},
		"gravestone_4": {
			"textures": [
				"textures/blocks/gravestone_4"
			]
		},
		"locker_0": {
			"textures": [
				"textures/blocks/locker_0"
			]
		},
		"microphone_0": {
			"textures": [
				"textures/blocks/microphone_0"
			]
		},
		"pc_1_on": {
			"textures": [
				"textures/blocks/pc_monitor_1/pc_2_on"
			]
		},
		"pc_1_off": {
			"textures": [
				"textures/blocks/pc_monitor_1/pc_2_off"
			]
		},
		"school_desk_1": {
			"textures": [
				"textures/blocks/school_desk_1"
			]
		},
		"sand_castle_0": {
			"textures": [
				"textures/blocks/sand_castle_0"
			]
		},
		"beach_umbrella_0": {
			"textures": [
				"textures/blocks/beach_umbrella_0"
			]
		},
		"pool_table": {
			"textures": [
				"textures/blocks/pool_table"
			]
		},
		"cooler_0": {
			"textures": [
				"textures/blocks/cooler_0"
			]
		},
		"stove_1_off": {
			"textures": [
				"textures/blocks/stove_1_off"
			]
		},
		"stove_1_on": {
			"textures": [
				"textures/blocks/stove_1_on"
			]
		},
		"traffic_light_0_red": {
			"textures": [
				"textures/blocks/traffic_light_0/traffic_light_0_red"
			]
		},
		"traffic_light_0_yellow": {
			"textures": [
				"textures/blocks/traffic_light_0/traffic_light_0_yellow1"
			]
		},
		"traffic_light_0_green": {
			"textures": [
				"textures/blocks/traffic_light_0/traffic_light_0_green"
			]
		},
		"gravestone_5": {
			"textures": [
				"textures/blocks/gravestone_5"
			]
		},
		"table_0": {
			"textures": [
				"textures/blocks/table_0"
			]
		},
		"scarecrow": {
			"textures": [
				"textures/blocks/scarecrow_0"
			]
		},
		"chalkboard_0": {
			"textures": [
				"textures/blocks/chalkboard_0"
			]
		},
		"chalkboard_0_c": {
			"textures": [
				"textures/blocks/chalkboard_0_c"
			]
		},
		"sink_3": {
			"textures": [
				"textures/blocks/bathroom_sink"
			]
		}
	}
}