{
	"format_version": "1.12.0",
	"minecraft:geometry": [
		{
			"description": {
				"identifier": "geometry.plate_1",
				"texture_width": 64,
				"texture_height": 64,
				"visible_bounds_width": 3,
				"visible_bounds_height": 1.5,
				"visible_bounds_offset": [0, 0.25, 0]
			},
			"bones": [
				{
					"name": "bone",
					"pivot": [0, 0, 0]
				},
				{
					"name": "bone2",
					"parent": "bone",
					"pivot": [0, 0, 0],
					"cubes": [
						{
							"origin": [-5, 0, -7],
							"size": [10, 1, 14],
							"uv": {
								"north": {"uv": [14, 14], "uv_size": [10, 1]},
								"east": {"uv": [0, 14], "uv_size": [14, 1]},
								"south": {"uv": [38, 14], "uv_size": [10, 1]},
								"west": {"uv": [24, 14], "uv_size": [14, 1]},
								"up": {"uv": [14, 0], "uv_size": [10, 14]},
								"down": {"uv": [24, 14], "uv_size": [10, -14]}
							}
						},
						{
							"origin": [-5, 0.75, -7.5],
							"size": [10, 1, 1],
							"uv": {
								"north": {"uv": [33, 33], "uv_size": [10, 1]},
								"east": {"uv": [32, 33], "uv_size": [1, 1]},
								"south": {"uv": [44, 33], "uv_size": [10, 1]},
								"west": {"uv": [43, 33], "uv_size": [1, 1]},
								"up": {"uv": [33, 32], "uv_size": [10, 1]},
								"down": {"uv": [43, 33], "uv_size": [10, -1]}
							}
						},
						{
							"origin": [-5, 0.75, 6.5],
							"size": [10, 1, 1],
							"uv": {
								"north": {"uv": [33, 31], "uv_size": [10, 1]},
								"east": {"uv": [32, 31], "uv_size": [1, 1]},
								"south": {"uv": [44, 31], "uv_size": [10, 1]},
								"west": {"uv": [43, 31], "uv_size": [1, 1]},
								"up": {"uv": [33, 30], "uv_size": [10, 1]},
								"down": {"uv": [43, 31], "uv_size": [10, -1]}
							}
						},
						{
							"origin": [-5.5, 0.75, -7],
							"size": [1, 1, 14],
							"uv": {
								"north": {"uv": [14, 43], "uv_size": [1, 1]},
								"east": {"uv": [0, 43], "uv_size": [14, 1]},
								"south": {"uv": [29, 43], "uv_size": [1, 1]},
								"west": {"uv": [15, 43], "uv_size": [14, 1]},
								"up": {"uv": [14, 29], "uv_size": [1, 14]},
								"down": {"uv": [15, 43], "uv_size": [1, -14]}
							}
						},
						{
							"origin": [4.5, 0.75, -7],
							"size": [1, 1, 14],
							"uv": {
								"north": {"uv": [32, 29], "uv_size": [1, 1]},
								"east": {"uv": [18, 29], "uv_size": [14, 1]},
								"south": {"uv": [47, 29], "uv_size": [1, 1]},
								"west": {"uv": [33, 29], "uv_size": [14, 1]},
								"up": {"uv": [32, 15], "uv_size": [1, 14]},
								"down": {"uv": [33, 29], "uv_size": [1, -14]}
							}
						}
					]
				}
			]
		}
	]
}