{
	"format_version": "1.12.0",
	"minecraft:geometry": [
		{
			"description": {
				"identifier": "geometry.plate_1_chicken",
				"texture_width": 64,
				"texture_height": 64,
				"visible_bounds_width": 3,
				"visible_bounds_height": 1.5,
				"visible_bounds_offset": [0, 0.25, 0]
			},
			"bones": [
				{
					"name": "bone",
					"pivot": [0, 0, 0]
				},
				{
					"name": "bone2",
					"parent": "bone",
					"pivot": [0, 0, 0],
					"cubes": [
						{
							"origin": [-5, 0, -7],
							"size": [10, 1, 14],
							"uv": {
								"north": {"uv": [14, 14], "uv_size": [10, 1]},
								"east": {"uv": [0, 14], "uv_size": [14, 1]},
								"south": {"uv": [38, 14], "uv_size": [10, 1]},
								"west": {"uv": [24, 14], "uv_size": [14, 1]},
								"up": {"uv": [14, 0], "uv_size": [10, 14]},
								"down": {"uv": [24, 14], "uv_size": [10, -14]}
							}
						},
						{
							"origin": [-5, 0.75, -7.5],
							"size": [10, 1, 1],
							"uv": {
								"north": {"uv": [33, 33], "uv_size": [10, 1]},
								"east": {"uv": [32, 33], "uv_size": [1, 1]},
								"south": {"uv": [44, 33], "uv_size": [10, 1]},
								"west": {"uv": [43, 33], "uv_size": [1, 1]},
								"up": {"uv": [33, 32], "uv_size": [10, 1]},
								"down": {"uv": [43, 33], "uv_size": [10, -1]}
							}
						},
						{
							"origin": [-5, 0.75, 6.5],
							"size": [10, 1, 1],
							"uv": {
								"north": {"uv": [33, 31], "uv_size": [10, 1]},
								"east": {"uv": [32, 31], "uv_size": [1, 1]},
								"south": {"uv": [44, 31], "uv_size": [10, 1]},
								"west": {"uv": [43, 31], "uv_size": [1, 1]},
								"up": {"uv": [33, 30], "uv_size": [10, 1]},
								"down": {"uv": [43, 31], "uv_size": [10, -1]}
							}
						},
						{
							"origin": [-5.5, 0.75, -7],
							"size": [1, 1, 14],
							"uv": {
								"north": {"uv": [14, 43], "uv_size": [1, 1]},
								"east": {"uv": [0, 43], "uv_size": [14, 1]},
								"south": {"uv": [29, 43], "uv_size": [1, 1]},
								"west": {"uv": [15, 43], "uv_size": [14, 1]},
								"up": {"uv": [14, 29], "uv_size": [1, 14]},
								"down": {"uv": [15, 43], "uv_size": [1, -14]}
							}
						},
						{
							"origin": [4.5, 0.75, -7],
							"size": [1, 1, 14],
							"uv": {
								"north": {"uv": [32, 29], "uv_size": [1, 1]},
								"east": {"uv": [18, 29], "uv_size": [14, 1]},
								"south": {"uv": [47, 29], "uv_size": [1, 1]},
								"west": {"uv": [33, 29], "uv_size": [14, 1]},
								"up": {"uv": [32, 15], "uv_size": [1, 14]},
								"down": {"uv": [33, 29], "uv_size": [1, -14]}
							}
						}
					]
				},
				{
					"name": "bone3",
					"parent": "bone",
					"pivot": [0, 0, -0.75],
					"cubes": [
						{
							"origin": [-3, 1, -4.75],
							"size": [6, 4, 10],
							"uv": {
								"north": {"uv": [10, 25], "uv_size": [6, 4]},
								"east": {"uv": [0, 25], "uv_size": [10, 4]},
								"south": {"uv": [26, 25], "uv_size": [6, 4]},
								"west": {"uv": [16, 25], "uv_size": [10, 4]},
								"up": {"uv": [10, 15], "uv_size": [6, 10]},
								"down": {"uv": [16, 25], "uv_size": [6, -10]}
							}
						},
						{
							"origin": [2.56142, 0.25652, 2.29791],
							"size": [1.25, 3, 4],
							"pivot": [0, 0, 0],
							"rotation": [20.07031, 4.69776, 1.71394],
							"uv": {
								"north": {"uv": [4, 11], "uv_size": [1, 3]},
								"east": {"uv": [0, 11], "uv_size": [4, 3]},
								"south": {"uv": [9, 11], "uv_size": [1, 3]},
								"west": {"uv": [5, 11], "uv_size": [4, 3]},
								"up": {"uv": [4, 7], "uv_size": [1, 4]},
								"down": {"uv": [5, 11], "uv_size": [1, -4]}
							}
						},
						{
							"origin": [-3.81142, 0.25652, 2.29791],
							"size": [1.25, 3, 4],
							"pivot": [0, 0, 0],
							"rotation": [20.07031, -4.69776, -1.71394],
							"uv": {
								"north": {"uv": [4, 4], "uv_size": [1, 3]},
								"east": {"uv": [0, 4], "uv_size": [4, 3]},
								"south": {"uv": [9, 4], "uv_size": [1, 3]},
								"west": {"uv": [5, 4], "uv_size": [4, 3]},
								"up": {"uv": [4, 0], "uv_size": [1, 4]},
								"down": {"uv": [5, 4], "uv_size": [1, -4]}
							}
						},
						{
							"origin": [3.06142, 0.25652, 6.29791],
							"size": [0, 3, 3],
							"pivot": [0, 0, 0],
							"rotation": [20.07031, 4.69776, 1.71394],
							"uv": {
								"north": {"uv": [3, 19], "uv_size": [0, 3]},
								"east": {"uv": [0, 19], "uv_size": [3, 3]},
								"south": {"uv": [6, 19], "uv_size": [0, 3]},
								"west": {"uv": [3, 19], "uv_size": [3, 3]},
								"up": {"uv": [3, 16], "uv_size": [0, 3]},
								"down": {"uv": [3, 19], "uv_size": [0, -3]}
							}
						},
						{
							"origin": [-3.06142, 0.25652, 6.29791],
							"size": [0, 3, 3],
							"pivot": [0, 0, 0],
							"rotation": [20.07031, -4.69776, -1.71394],
							"uv": {
								"north": {"uv": [9, 7], "uv_size": [0, 3]},
								"east": {"uv": [6, 7], "uv_size": [3, 3]},
								"south": {"uv": [12, 7], "uv_size": [0, 3]},
								"west": {"uv": [9, 7], "uv_size": [3, 3]},
								"up": {"uv": [9, 4], "uv_size": [0, 3]},
								"down": {"uv": [9, 7], "uv_size": [0, -3]}
							}
						},
						{
							"origin": [1.4803, 1.75652, -4.65112],
							"size": [1.25, 1, 2],
							"pivot": [0, 0, 0],
							"rotation": [21.50238, -21.07593, -8.0634],
							"uv": {
								"north": {"uv": [6, 22], "uv_size": [1, 1]},
								"east": {"uv": [4, 22], "uv_size": [2, 1]},
								"south": {"uv": [9, 22], "uv_size": [1, 1]},
								"west": {"uv": [7, 22], "uv_size": [2, 1]},
								"up": {"uv": [6, 20], "uv_size": [1, 2]},
								"down": {"uv": [7, 22], "uv_size": [1, -2]}
							}
						},
						{
							"origin": [-2.7303, 1.75652, -4.65112],
							"size": [1.25, 1, 2],
							"pivot": [0, 0, 0],
							"rotation": [21.50238, 21.07593, 8.0634],
							"uv": {
								"north": {"uv": [8, 2], "uv_size": [1, 1]},
								"east": {"uv": [6, 2], "uv_size": [2, 1]},
								"south": {"uv": [11, 2], "uv_size": [1, 1]},
								"west": {"uv": [9, 2], "uv_size": [2, 1]},
								"up": {"uv": [8, 0], "uv_size": [1, 2]},
								"down": {"uv": [9, 2], "uv_size": [1, -2]}
							}
						},
						{
							"origin": [-1, 1, -6.25],
							"size": [2, 2, 1],
							"uv": {
								"north": {"uv": [23, 16], "uv_size": [2, 2]},
								"east": {"uv": [22, 16], "uv_size": [1, 2]},
								"south": {"uv": [26, 16], "uv_size": [2, 2]},
								"west": {"uv": [25, 16], "uv_size": [1, 2]},
								"up": {"uv": [23, 15], "uv_size": [2, 1]},
								"down": {"uv": [25, 16], "uv_size": [2, -1]}
							}
						},
						{
							"origin": [-2, 1, -5.5],
							"size": [4, 3, 1],
							"uv": {
								"north": {"uv": [1, 16], "uv_size": [4, 3]},
								"east": {"uv": [0, 16], "uv_size": [1, 3]},
								"south": {"uv": [6, 16], "uv_size": [4, 3]},
								"west": {"uv": [5, 16], "uv_size": [1, 3]},
								"up": {"uv": [1, 15], "uv_size": [4, 1]},
								"down": {"uv": [5, 16], "uv_size": [4, -1]}
							}
						},
						{
							"origin": [-2, 4.75, -3.75],
							"size": [4, 1, 8],
							"uv": {
								"north": {"uv": [24, 38], "uv_size": [4, 1]},
								"east": {"uv": [16, 38], "uv_size": [8, 1]},
								"south": {"uv": [36, 38], "uv_size": [4, 1]},
								"west": {"uv": [28, 38], "uv_size": [8, 1]},
								"up": {"uv": [24, 30], "uv_size": [4, 8]},
								"down": {"uv": [28, 38], "uv_size": [4, -8]}
							}
						},
						{
							"origin": [-1, 3.25, 4.75],
							"size": [2, 1, 1],
							"uv": {
								"north": {"uv": [23, 19], "uv_size": [2, 1]},
								"east": {"uv": [22, 19], "uv_size": [1, 1]},
								"south": {"uv": [26, 19], "uv_size": [2, 1]},
								"west": {"uv": [25, 19], "uv_size": [1, 1]},
								"up": {"uv": [23, 18], "uv_size": [2, 1]},
								"down": {"uv": [25, 19], "uv_size": [2, -1]}
							}
						}
					]
				}
			]
		}
	]
}