{
	"format_version": "1.12.0",
	"minecraft:geometry": [
		{
			"description": {
				"identifier": "geometry.plushie_dog",
				"texture_width": 64,
				"texture_height": 64,
				"visible_bounds_width": 2,
				"visible_bounds_height": 2.5,
				"visible_bounds_offset": [0, 0.75, 0]
			},
			"bones": [
				{
					"name": "bone",
					"pivot": [0, 0, -2],
					"rotation": [-7.5, 0, 0]
				},
				{
					"name": "bone2",
					"parent": "bone",
					"pivot": [0, 0, -2],
					"cubes": [
						{
							"origin": [-3, 0, -2],
							"size": [6, 7, 4.75],
							"uv": {
								"north": {"uv": [4, 14], "uv_size": [6, 7]},
								"east": {"uv": [0, 14], "uv_size": [4, 7]},
								"south": {"uv": [14, 14], "uv_size": [6, 7]},
								"west": {"uv": [10, 14], "uv_size": [4, 7]},
								"up": {"uv": [4, 10], "uv_size": [6, 4]},
								"down": {"uv": [10, 14], "uv_size": [6, -4]}
							}
						},
						{
							"origin": [-0.75, 0.25, 1.75],
							"size": [1.5, 1, 1.75],
							"uv": {
								"north": {"uv": [18, 4], "uv_size": [1, 1]},
								"east": {"uv": [17, 4], "uv_size": [1, 1]},
								"south": {"uv": [20, 4], "uv_size": [1, 1]},
								"west": {"uv": [19, 4], "uv_size": [1, 1]},
								"up": {"uv": [18, 3], "uv_size": [1, 1]},
								"down": {"uv": [19, 4], "uv_size": [1, -1]}
							}
						},
						{
							"origin": [-0.75, 1.39859, 2.84257],
							"size": [1.5, 4, 1],
							"pivot": [0, 0, 0],
							"rotation": [-17.5, 0, 0],
							"uv": {
								"north": {"uv": [1, 1], "uv_size": [1, 4]},
								"east": {"uv": [0, 1], "uv_size": [1, 4]},
								"south": {"uv": [3, 1], "uv_size": [1, 4]},
								"west": {"uv": [2, 1], "uv_size": [1, 4]},
								"up": {"uv": [1, 0], "uv_size": [1, 1]},
								"down": {"uv": [2, 1], "uv_size": [1, -1]}
							}
						}
					]
				},
				{
					"name": "bone3",
					"parent": "bone",
					"pivot": [0, 0, -2],
					"cubes": [
						{
							"origin": [-2.4254, 0.50723, -4.60871],
							"size": [2, 2, 4],
							"pivot": [0, 0, 0],
							"rotation": [17.5, 32.5, 0],
							"uv": {
								"north": {"uv": [26, 4], "uv_size": [2, 2]},
								"east": {"uv": [22, 4], "uv_size": [4, 2]},
								"south": {"uv": [32, 4], "uv_size": [2, 2]},
								"west": {"uv": [28, 4], "uv_size": [4, 2]},
								"up": {"uv": [26, 0], "uv_size": [2, 4]},
								"down": {"uv": [28, 4], "uv_size": [2, -4]}
							}
						},
						{
							"origin": [0.49585, 4.45749, -1.72478],
							"size": [2, 2, 4.25],
							"pivot": [0, 0, 0],
							"rotation": [-2.49714, 60.80053, -53.25537],
							"uv": {
								"north": {"uv": [22, 10], "uv_size": [2, 2]},
								"east": {"uv": [18, 10], "uv_size": [4, 2]},
								"south": {"uv": [28, 10], "uv_size": [2, 2]},
								"west": {"uv": [24, 10], "uv_size": [4, 2]},
								"up": {"uv": [22, 6], "uv_size": [2, 4]},
								"down": {"uv": [24, 10], "uv_size": [2, -4]}
							}
						},
						{
							"origin": [-2.49585, 4.45749, -1.72478],
							"size": [2, 2, 4.25],
							"pivot": [0, 0, 0],
							"rotation": [-2.49714, -60.80053, 53.25537],
							"uv": {
								"north": {"uv": [20, 21], "uv_size": [2, 2]},
								"east": {"uv": [16, 21], "uv_size": [4, 2]},
								"south": {"uv": [26, 21], "uv_size": [2, 2]},
								"west": {"uv": [22, 21], "uv_size": [4, 2]},
								"up": {"uv": [20, 17], "uv_size": [2, 4]},
								"down": {"uv": [22, 21], "uv_size": [2, -4]}
							}
						},
						{
							"origin": [0.4254, 0.50723, -4.60871],
							"size": [2, 2, 4],
							"pivot": [0, 0, 0],
							"rotation": [17.5, -32.5, 0],
							"uv": {
								"north": {"uv": [4, 25], "uv_size": [2, 2]},
								"east": {"uv": [0, 25], "uv_size": [4, 2]},
								"south": {"uv": [10, 25], "uv_size": [2, 2]},
								"west": {"uv": [6, 25], "uv_size": [4, 2]},
								"up": {"uv": [4, 21], "uv_size": [2, 4]},
								"down": {"uv": [6, 25], "uv_size": [2, -4]}
							}
						}
					]
				},
				{
					"name": "bone4",
					"parent": "bone",
					"pivot": [0, 0, -2],
					"cubes": [
						{
							"origin": [-2.75, 6.26105, -1.73289],
							"size": [6.5, 5, 5.5],
							"pivot": [0, 0, 0],
							"rotation": [7.5, 0, -5],
							"uv": {
								"north": {"uv": [5, 5], "uv_size": [6, 5]},
								"east": {"uv": [0, 5], "uv_size": [5, 5]},
								"south": {"uv": [16, 5], "uv_size": [6, 5]},
								"west": {"uv": [11, 5], "uv_size": [5, 5]},
								"up": {"uv": [5, 0], "uv_size": [6, 5]},
								"down": {"uv": [11, 5], "uv_size": [6, -5]}
							}
						},
						{
							"origin": [-0.75, 6.26105, -2.48289],
							"size": [2.5, 2, 1],
							"pivot": [0, 0, 0],
							"rotation": [7.5, 0, -5],
							"uv": {
								"north": {"uv": [25, 18], "uv_size": [2, 2]},
								"east": {"uv": [24, 18], "uv_size": [1, 2]},
								"south": {"uv": [28, 18], "uv_size": [2, 2]},
								"west": {"uv": [27, 18], "uv_size": [1, 2]},
								"up": {"uv": [25, 17], "uv_size": [2, 1]},
								"down": {"uv": [27, 18], "uv_size": [2, -1]}
							}
						},
						{
							"origin": [-0.25, 7.23605, -2.55789],
							"size": [1.5, 1, 1],
							"pivot": [0, 0, 0],
							"rotation": [7.5, 0, -5],
							"uv": {
								"north": {"uv": [17, 13], "uv_size": [1, 1]},
								"east": {"uv": [16, 13], "uv_size": [1, 1]},
								"south": {"uv": [19, 13], "uv_size": [1, 1]},
								"west": {"uv": [18, 13], "uv_size": [1, 1]},
								"up": {"uv": [17, 12], "uv_size": [1, 1]},
								"down": {"uv": [18, 13], "uv_size": [1, -1]}
							}
						},
						{
							"origin": [2, 8.23605, -1.83289],
							"size": [1, 1.5, 1],
							"pivot": [0, 0, 0],
							"rotation": [7.5, 0, -5],
							"uv": {
								"north": {"uv": [1, 13], "uv_size": [1, 1]},
								"east": {"uv": [0, 13], "uv_size": [1, 1]},
								"south": {"uv": [3, 13], "uv_size": [1, 1]},
								"west": {"uv": [2, 13], "uv_size": [1, 1]},
								"up": {"uv": [1, 12], "uv_size": [1, 1]},
								"down": {"uv": [2, 13], "uv_size": [1, -1]}
							}
						},
						{
							"origin": [-2, 8.23605, -1.83289],
							"size": [1, 1.5, 1],
							"pivot": [0, 0, 0],
							"rotation": [7.5, 0, -5],
							"uv": {
								"north": {"uv": [1, 11], "uv_size": [1, 1]},
								"east": {"uv": [0, 11], "uv_size": [1, 1]},
								"south": {"uv": [3, 11], "uv_size": [1, 1]},
								"west": {"uv": [2, 11], "uv_size": [1, 1]},
								"up": {"uv": [1, 10], "uv_size": [1, 1]},
								"down": {"uv": [2, 11], "uv_size": [1, -1]}
							}
						}
					]
				},
				{
					"name": "bone5",
					"parent": "bone",
					"pivot": [-0.25, -0.25, -1.5],
					"rotation": [5, 0, 0],
					"cubes": [
						{
							"origin": [-3.44342, 8.88121, 0.47748],
							"size": [2.5, 4.25, 1],
							"pivot": [0, 0, 0],
							"rotation": [7.05239, -2.55868, 24.8423],
							"uv": {
								"north": {"uv": [13, 24], "uv_size": [2, 4]},
								"east": {"uv": [12, 24], "uv_size": [1, 4]},
								"south": {"uv": [16, 24], "uv_size": [2, 4]},
								"west": {"uv": [15, 24], "uv_size": [1, 4]},
								"up": {"uv": [13, 23], "uv_size": [2, 1]},
								"down": {"uv": [15, 24], "uv_size": [2, -1]}
							}
						},
						{
							"origin": [-3.44342, 8.23813, -8.44852],
							"size": [2.5, 2.25, 1],
							"pivot": [0, 0, 0],
							"rotation": [-32.94761, -2.55868, 24.8423],
							"uv": {
								"north": {"uv": [19, 24], "uv_size": [2, 2]},
								"east": {"uv": [18, 24], "uv_size": [1, 2]},
								"south": {"uv": [22, 24], "uv_size": [2, 2]},
								"west": {"uv": [21, 24], "uv_size": [1, 2]},
								"up": {"uv": [19, 23], "uv_size": [2, 1]},
								"down": {"uv": [21, 24], "uv_size": [2, -1]}
							}
						}
					]
				},
				{
					"name": "bone6",
					"parent": "bone",
					"pivot": [-0.25, -0.5, -1.5],
					"rotation": [5, 0, 0],
					"cubes": [
						{
							"origin": [0.38521, 8.8676, 0.45066],
							"size": [2.5, 4.25, 1],
							"pivot": [0, 0, 0],
							"rotation": [7.05239, 2.55868, -24.8423],
							"uv": {
								"north": {"uv": [21, 13], "uv_size": [2, 4]},
								"east": {"uv": [20, 13], "uv_size": [1, 4]},
								"south": {"uv": [24, 13], "uv_size": [2, 4]},
								"west": {"uv": [23, 13], "uv_size": [1, 4]},
								"up": {"uv": [21, 12], "uv_size": [2, 1]},
								"down": {"uv": [23, 13], "uv_size": [2, -1]}
							}
						},
						{
							"origin": [0.38521, 8.21046, -8.46031],
							"size": [2.5, 2.25, 1],
							"pivot": [0, 0, 0],
							"rotation": [-32.94761, 2.55868, -24.8423],
							"uv": {
								"north": {"uv": [18, 1], "uv_size": [2, 2]},
								"east": {"uv": [17, 1], "uv_size": [1, 2]},
								"south": {"uv": [21, 1], "uv_size": [2, 2]},
								"west": {"uv": [20, 1], "uv_size": [1, 2]},
								"up": {"uv": [18, 0], "uv_size": [2, 1]},
								"down": {"uv": [20, 1], "uv_size": [2, -1]}
							}
						}
					]
				}
			]
		}
	]
}