{
	"format_version": "1.12.0",
	"minecraft:geometry": [
		{
			"description": {
				"identifier": "geometry.plushie_fox",
				"texture_width": 64,
				"texture_height": 64,
				"visible_bounds_width": 2,
				"visible_bounds_height": 2.5,
				"visible_bounds_offset": [0, 0.75, 0]
			},
			"bones": [
				{
					"name": "bone",
					"pivot": [0, 0, -2],
					"rotation": [-7.5, 0, 0]
				},
				{
					"name": "bone2",
					"parent": "bone",
					"pivot": [0, 0, -2],
					"cubes": [
						{
							"origin": [-3, -0.25, -2],
							"size": [6, 7.25, 4.75],
							"uv": {
								"north": {"uv": [4, 14], "uv_size": [6, 7]},
								"east": {"uv": [0, 14], "uv_size": [4, 7]},
								"south": {"uv": [14, 14], "uv_size": [6, 7]},
								"west": {"uv": [10, 14], "uv_size": [4, 7]},
								"up": {"uv": [4, 10], "uv_size": [6, 4]},
								"down": {"uv": [10, 14], "uv_size": [6, -4]}
							}
						},
						{
							"origin": [-0.75, -0.16276, 1.7519],
							"size": [1.5, 2.25, 2.75],
							"pivot": [0, 0, 0],
							"rotation": [2.5, 0, 0],
							"uv": {
								"north": {"uv": [24, 25], "uv_size": [1, 2]},
								"east": {"uv": [22, 25], "uv_size": [2, 2]},
								"south": {"uv": [27, 25], "uv_size": [1, 2]},
								"west": {"uv": [25, 25], "uv_size": [2, 2]},
								"up": {"uv": [24, 23], "uv_size": [1, 2]},
								"down": {"uv": [25, 25], "uv_size": [1, -2]}
							}
						},
						{
							"origin": [0.07569, -0.48994, 2.77466],
							"size": [6.75, 3, 2.75],
							"pivot": [0, 0, 0],
							"rotation": [7.5, -5, 0],
							"uv": {
								"north": {"uv": [19, 2], "uv_size": [6, 3]},
								"east": {"uv": [17, 2], "uv_size": [2, 3]},
								"south": {"uv": [27, 2], "uv_size": [6, 3]},
								"west": {"uv": [25, 2], "uv_size": [2, 3]},
								"up": {"uv": [19, 0], "uv_size": [6, 2]},
								"down": {"uv": [25, 2], "uv_size": [6, -2]}
							}
						}
					]
				},
				{
					"name": "bone3",
					"parent": "bone",
					"pivot": [0, 0, -2],
					"cubes": [
						{
							"origin": [-2.4254, 0.50723, -4.60871],
							"size": [2, 2, 4],
							"pivot": [0, 0, 0],
							"rotation": [17.5, 32.5, 0],
							"uv": {
								"north": {"uv": [12, 27], "uv_size": [2, 2]},
								"east": {"uv": [8, 27], "uv_size": [4, 2]},
								"south": {"uv": [18, 27], "uv_size": [2, 2]},
								"west": {"uv": [14, 27], "uv_size": [4, 2]},
								"up": {"uv": [12, 23], "uv_size": [2, 4]},
								"down": {"uv": [14, 27], "uv_size": [2, -4]}
							}
						},
						{
							"origin": [0.49585, 4.45749, -1.72478],
							"size": [2, 2, 4.25],
							"pivot": [0, 0, 0],
							"rotation": [-2.49714, 60.80053, -53.25537],
							"uv": {
								"north": {"uv": [22, 10], "uv_size": [2, 2]},
								"east": {"uv": [18, 10], "uv_size": [4, 2]},
								"south": {"uv": [28, 10], "uv_size": [2, 2]},
								"west": {"uv": [24, 10], "uv_size": [4, 2]},
								"up": {"uv": [22, 6], "uv_size": [2, 4]},
								"down": {"uv": [24, 10], "uv_size": [2, -4]}
							}
						},
						{
							"origin": [-2.49585, 4.45749, -1.72478],
							"size": [2, 2, 4.25],
							"pivot": [0, 0, 0],
							"rotation": [-2.49714, -60.80053, 53.25537],
							"uv": {
								"north": {"uv": [20, 21], "uv_size": [2, 2]},
								"east": {"uv": [16, 21], "uv_size": [4, 2]},
								"south": {"uv": [26, 21], "uv_size": [2, 2]},
								"west": {"uv": [22, 21], "uv_size": [4, 2]},
								"up": {"uv": [20, 17], "uv_size": [2, 4]},
								"down": {"uv": [22, 21], "uv_size": [2, -4]}
							}
						},
						{
							"origin": [0.4254, 0.50723, -4.60871],
							"size": [2, 2, 4],
							"pivot": [0, 0, 0],
							"rotation": [17.5, -32.5, 0],
							"uv": {
								"north": {"uv": [4, 25], "uv_size": [2, 2]},
								"east": {"uv": [0, 25], "uv_size": [4, 2]},
								"south": {"uv": [10, 25], "uv_size": [2, 2]},
								"west": {"uv": [6, 25], "uv_size": [4, 2]},
								"up": {"uv": [4, 21], "uv_size": [2, 4]},
								"down": {"uv": [6, 25], "uv_size": [2, -4]}
							}
						}
					]
				},
				{
					"name": "bone4",
					"parent": "bone",
					"pivot": [0, 0, -2],
					"cubes": [
						{
							"origin": [-2.75, 6.26105, -1.73289],
							"size": [6.5, 5, 5.5],
							"pivot": [0, 0, 0],
							"rotation": [7.5, 0, -5],
							"uv": {
								"north": {"uv": [5, 5], "uv_size": [6, 5]},
								"east": {"uv": [0, 5], "uv_size": [5, 5]},
								"south": {"uv": [16, 5], "uv_size": [6, 5]},
								"west": {"uv": [11, 5], "uv_size": [5, 5]},
								"up": {"uv": [5, 0], "uv_size": [6, 5]},
								"down": {"uv": [11, 5], "uv_size": [6, -5]}
							}
						},
						{
							"origin": [-0.75, 6.26105, -2.48289],
							"size": [2.5, 2, 1],
							"pivot": [0, 0, 0],
							"rotation": [7.5, 0, -5],
							"uv": {
								"north": {"uv": [25, 17], "uv_size": [2, 2]},
								"east": {"uv": [24, 17], "uv_size": [1, 2]},
								"south": {"uv": [28, 17], "uv_size": [2, 2]},
								"west": {"uv": [27, 17], "uv_size": [1, 2]},
								"up": {"uv": [25, 16], "uv_size": [2, 1]},
								"down": {"uv": [27, 17], "uv_size": [2, -1]}
							}
						},
						{
							"origin": [-0.25, 7.23605, -2.55789],
							"size": [1.5, 1, 1],
							"pivot": [0, 0, 0],
							"rotation": [7.5, 0, -5],
							"uv": {
								"north": {"uv": [1, 11], "uv_size": [1, 1]},
								"east": {"uv": [0, 11], "uv_size": [1, 1]},
								"south": {"uv": [3, 11], "uv_size": [1, 1]},
								"west": {"uv": [2, 11], "uv_size": [1, 1]},
								"up": {"uv": [1, 10], "uv_size": [1, 1]},
								"down": {"uv": [2, 11], "uv_size": [1, -1]}
							}
						},
						{
							"origin": [2, 8.23605, -1.83289],
							"size": [1, 1.5, 1],
							"pivot": [0, 0, 0],
							"rotation": [7.5, 0, -5],
							"uv": {
								"north": {"uv": [1, 3], "uv_size": [1, 1]},
								"east": {"uv": [0, 3], "uv_size": [1, 1]},
								"south": {"uv": [3, 3], "uv_size": [1, 1]},
								"west": {"uv": [2, 3], "uv_size": [1, 1]},
								"up": {"uv": [1, 2], "uv_size": [1, 1]},
								"down": {"uv": [2, 3], "uv_size": [1, -1]}
							}
						},
						{
							"origin": [-2, 8.23605, -1.83289],
							"size": [1, 1.5, 1],
							"pivot": [0, 0, 0],
							"rotation": [7.5, 0, -5],
							"uv": {
								"north": {"uv": [1, 1], "uv_size": [1, 1]},
								"east": {"uv": [0, 1], "uv_size": [1, 1]},
								"south": {"uv": [3, 1], "uv_size": [1, 1]},
								"west": {"uv": [2, 1], "uv_size": [1, 1]},
								"up": {"uv": [1, 0], "uv_size": [1, 1]},
								"down": {"uv": [2, 1], "uv_size": [1, -1]}
							}
						}
					]
				},
				{
					"name": "bone5",
					"parent": "bone",
					"pivot": [0, 0, -2],
					"cubes": [
						{
							"origin": [10.74581, -3.17123, 0.01711],
							"size": [3, 1.1, 1],
							"pivot": [0, 0, 0],
							"rotation": [-0.98448, 7.43547, -92.56397],
							"uv": {
								"north": {"uv": [17, 24], "uv_size": [3, 1]},
								"east": {"uv": [16, 24], "uv_size": [1, 1]},
								"south": {"uv": [21, 24], "uv_size": [3, 1]},
								"west": {"uv": [20, 24], "uv_size": [1, 1]},
								"up": {"uv": [17, 23], "uv_size": [3, 1]},
								"down": {"uv": [20, 24], "uv_size": [3, -1]}
							}
						},
						{
							"origin": [8.94429, 4.34484, 0.01711],
							"size": [3.75, 1.25, 1],
							"pivot": [0, 0, 0],
							"rotation": [3.18458, 6.79382, -59.81092],
							"uv": {
								"north": {"uv": [9, 22], "uv_size": [3, 1]},
								"east": {"uv": [8, 22], "uv_size": [1, 1]},
								"south": {"uv": [13, 22], "uv_size": [3, 1]},
								"west": {"uv": [12, 22], "uv_size": [1, 1]},
								"up": {"uv": [9, 21], "uv_size": [3, 1]},
								"down": {"uv": [12, 22], "uv_size": [3, -1]}
							}
						}
					]
				},
				{
					"name": "bone6",
					"parent": "bone",
					"pivot": [1.75, 0.5, -2],
					"rotation": [0, 0, -15],
					"cubes": [
						{
							"origin": [-14.31874, -1.44432, 0.06222],
							"size": [3, 1.1, 1],
							"pivot": [0, 0, 0],
							"rotation": [-0.98448, -7.43547, 92.56397],
							"uv": {
								"north": {"uv": [21, 15], "uv_size": [3, 1]},
								"east": {"uv": [20, 15], "uv_size": [1, 1]},
								"south": {"uv": [25, 15], "uv_size": [3, 1]},
								"west": {"uv": [24, 15], "uv_size": [1, 1]},
								"up": {"uv": [21, 14], "uv_size": [3, 1]},
								"down": {"uv": [24, 15], "uv_size": [3, -1]}
							}
						},
						{
							"origin": [-12.24963, 6.10913, 0.06222],
							"size": [3.75, 1.25, 1],
							"pivot": [0, 0, 0],
							"rotation": [3.18458, -6.79382, 59.81092],
							"uv": {
								"north": {"uv": [17, 13], "uv_size": [3, 1]},
								"east": {"uv": [16, 13], "uv_size": [1, 1]},
								"south": {"uv": [21, 13], "uv_size": [3, 1]},
								"west": {"uv": [20, 13], "uv_size": [1, 1]},
								"up": {"uv": [17, 12], "uv_size": [3, 1]},
								"down": {"uv": [20, 13], "uv_size": [3, -1]}
							}
						}
					]
				}
			]
		}
	]
}