{
	"format_version": "1.12.0",
	"minecraft:geometry": [
		{
			"description": {
				"identifier": "geometry.plushie_cat",
				"texture_width": 64,
				"texture_height": 64,
				"visible_bounds_width": 2,
				"visible_bounds_height": 2.5,
				"visible_bounds_offset": [0, 0.75, 0]
			},
			"bones": [
				{
					"name": "bone",
					"pivot": [0, 0, -2],
					"rotation": [-7.5, 0, 0]
				},
				{
					"name": "bone2",
					"parent": "bone",
					"pivot": [0, 0, -2],
					"cubes": [
						{
							"origin": [-3, -0.25, -2],
							"size": [6, 7.25, 4.75],
							"uv": {
								"north": {"uv": [4, 14], "uv_size": [6, 7]},
								"east": {"uv": [0, 14], "uv_size": [4, 7]},
								"south": {"uv": [14, 14], "uv_size": [6, 7]},
								"west": {"uv": [10, 14], "uv_size": [4, 7]},
								"up": {"uv": [4, 10], "uv_size": [6, 4]},
								"down": {"uv": [10, 14], "uv_size": [6, -4]}
							}
						},
						{
							"origin": [-0.17431, 0.01006, 2.52466],
							"size": [1.25, 1, 1.75],
							"pivot": [0, 0, 0],
							"rotation": [7.5, -5, 0],
							"uv": {
								"north": {"uv": [1, 1], "uv_size": [1, 1]},
								"east": {"uv": [0, 1], "uv_size": [1, 1]},
								"south": {"uv": [3, 1], "uv_size": [1, 1]},
								"west": {"uv": [2, 1], "uv_size": [1, 1]},
								"up": {"uv": [1, 0], "uv_size": [1, 1]},
								"down": {"uv": [2, 1], "uv_size": [1, -1]}
							}
						},
						{
							"origin": [0.07569, 0.01006, 3.52466],
							"size": [4.75, 1, 1.25],
							"pivot": [0, 0, 0],
							"rotation": [7.5, -5, 0],
							"uv": {
								"north": {"uv": [9, 24], "uv_size": [4, 1]},
								"east": {"uv": [8, 24], "uv_size": [1, 1]},
								"south": {"uv": [14, 24], "uv_size": [4, 1]},
								"west": {"uv": [13, 24], "uv_size": [1, 1]},
								"up": {"uv": [9, 23], "uv_size": [4, 1]},
								"down": {"uv": [13, 24], "uv_size": [4, -1]}
							}
						},
						{
							"origin": [2.3557, 0.01006, 5.11673],
							"size": [2.75, 1, 1.25],
							"pivot": [0, 0, 0],
							"rotation": [7.94271, 19.78054, 3.3607],
							"uv": {
								"north": {"uv": [9, 22], "uv_size": [2, 1]},
								"east": {"uv": [8, 22], "uv_size": [1, 1]},
								"south": {"uv": [12, 22], "uv_size": [2, 1]},
								"west": {"uv": [11, 22], "uv_size": [1, 1]},
								"up": {"uv": [9, 21], "uv_size": [2, 1]},
								"down": {"uv": [11, 22], "uv_size": [2, -1]}
							}
						}
					]
				},
				{
					"name": "bone3",
					"parent": "bone",
					"pivot": [0, 0, -2],
					"cubes": [
						{
							"origin": [-2.4254, 0.50723, -4.60871],
							"size": [2, 2, 4],
							"pivot": [0, 0, 0],
							"rotation": [17.5, 32.5, 0],
							"uv": {
								"north": {"uv": [26, 4], "uv_size": [2, 2]},
								"east": {"uv": [22, 4], "uv_size": [4, 2]},
								"south": {"uv": [32, 4], "uv_size": [2, 2]},
								"west": {"uv": [28, 4], "uv_size": [4, 2]},
								"up": {"uv": [26, 0], "uv_size": [2, 4]},
								"down": {"uv": [28, 4], "uv_size": [2, -4]}
							}
						},
						{
							"origin": [0.49585, 4.45749, -1.72478],
							"size": [2, 2, 4.25],
							"pivot": [0, 0, 0],
							"rotation": [-2.49714, 60.80053, -53.25537],
							"uv": {
								"north": {"uv": [22, 10], "uv_size": [2, 2]},
								"east": {"uv": [18, 10], "uv_size": [4, 2]},
								"south": {"uv": [28, 10], "uv_size": [2, 2]},
								"west": {"uv": [24, 10], "uv_size": [4, 2]},
								"up": {"uv": [22, 6], "uv_size": [2, 4]},
								"down": {"uv": [24, 10], "uv_size": [2, -4]}
							}
						},
						{
							"origin": [-2.49585, 4.45749, -1.72478],
							"size": [2, 2, 4.25],
							"pivot": [0, 0, 0],
							"rotation": [-2.49714, -60.80053, 53.25537],
							"uv": {
								"north": {"uv": [20, 21], "uv_size": [2, 2]},
								"east": {"uv": [16, 21], "uv_size": [4, 2]},
								"south": {"uv": [26, 21], "uv_size": [2, 2]},
								"west": {"uv": [22, 21], "uv_size": [4, 2]},
								"up": {"uv": [20, 17], "uv_size": [2, 4]},
								"down": {"uv": [22, 21], "uv_size": [2, -4]}
							}
						},
						{
							"origin": [0.4254, 0.50723, -4.60871],
							"size": [2, 2, 4],
							"pivot": [0, 0, 0],
							"rotation": [17.5, -32.5, 0],
							"uv": {
								"north": {"uv": [4, 25], "uv_size": [2, 2]},
								"east": {"uv": [0, 25], "uv_size": [4, 2]},
								"south": {"uv": [10, 25], "uv_size": [2, 2]},
								"west": {"uv": [6, 25], "uv_size": [4, 2]},
								"up": {"uv": [4, 21], "uv_size": [2, 4]},
								"down": {"uv": [6, 25], "uv_size": [2, -4]}
							}
						}
					]
				},
				{
					"name": "bone4",
					"parent": "bone",
					"pivot": [0, 0, -2],
					"cubes": [
						{
							"origin": [-2.75, 6.26105, -1.73289],
							"size": [6.5, 5, 5.5],
							"pivot": [0, 0, 0],
							"rotation": [7.5, 0, -5],
							"uv": {
								"north": {"uv": [5, 5], "uv_size": [6, 5]},
								"east": {"uv": [0, 5], "uv_size": [5, 5]},
								"south": {"uv": [16, 5], "uv_size": [6, 5]},
								"west": {"uv": [11, 5], "uv_size": [5, 5]},
								"up": {"uv": [5, 0], "uv_size": [6, 5]},
								"down": {"uv": [11, 5], "uv_size": [6, -5]}
							}
						},
						{
							"origin": [-0.75, 6.26105, -2.23289],
							"size": [2.5, 2, 1],
							"pivot": [0, 0, 0],
							"rotation": [7.5, 0, -5],
							"uv": {
								"north": {"uv": [19, 24], "uv_size": [2, 2]},
								"east": {"uv": [18, 24], "uv_size": [1, 2]},
								"south": {"uv": [22, 24], "uv_size": [2, 2]},
								"west": {"uv": [21, 24], "uv_size": [1, 2]},
								"up": {"uv": [19, 23], "uv_size": [2, 1]},
								"down": {"uv": [21, 24], "uv_size": [2, -1]}
							}
						},
						{
							"origin": [0, 7.23605, -2.30789],
							"size": [1, 1, 1],
							"pivot": [0, 0, 0],
							"rotation": [7.5, 0, -5],
							"uv": {
								"north": {"uv": [1, 13], "uv_size": [1, 1]},
								"east": {"uv": [0, 13], "uv_size": [1, 1]},
								"south": {"uv": [3, 13], "uv_size": [1, 1]},
								"west": {"uv": [2, 13], "uv_size": [1, 1]},
								"up": {"uv": [1, 12], "uv_size": [1, 1]},
								"down": {"uv": [2, 13], "uv_size": [1, -1]}
							}
						},
						{
							"origin": [2, 8.23605, -1.83289],
							"size": [1, 1.5, 1],
							"pivot": [0, 0, 0],
							"rotation": [7.5, 0, -5],
							"uv": {
								"north": {"uv": [1, 11], "uv_size": [1, 1]},
								"east": {"uv": [0, 11], "uv_size": [1, 1]},
								"south": {"uv": [3, 11], "uv_size": [1, 1]},
								"west": {"uv": [2, 11], "uv_size": [1, 1]},
								"up": {"uv": [1, 10], "uv_size": [1, 1]},
								"down": {"uv": [2, 11], "uv_size": [1, -1]}
							}
						},
						{
							"origin": [-2, 8.23605, -1.83289],
							"size": [1, 1.5, 1],
							"pivot": [0, 0, 0],
							"rotation": [7.5, 0, -5],
							"uv": {
								"north": {"uv": [1, 3], "uv_size": [1, 1]},
								"east": {"uv": [0, 3], "uv_size": [1, 1]},
								"south": {"uv": [3, 3], "uv_size": [1, 1]},
								"west": {"uv": [2, 3], "uv_size": [1, 1]},
								"up": {"uv": [1, 2], "uv_size": [1, 1]},
								"down": {"uv": [2, 3], "uv_size": [1, -1]}
							}
						}
					]
				},
				{
					"name": "bone5",
					"parent": "bone",
					"pivot": [1.25, 11, -2],
					"rotation": [0, 0, 15],
					"cubes": [
						{
							"origin": [8.68055, -3.89982, 0.02111],
							"size": [5, 1.1, 1],
							"pivot": [0, 0, 0],
							"rotation": [-0.98448, 7.43547, -92.56397],
							"uv": {
								"north": {"uv": [21, 15], "uv_size": [5, 1]},
								"east": {"uv": [20, 15], "uv_size": [1, 1]},
								"south": {"uv": [27, 15], "uv_size": [5, 1]},
								"west": {"uv": [26, 15], "uv_size": [1, 1]},
								"up": {"uv": [21, 14], "uv_size": [5, 1]},
								"down": {"uv": [26, 15], "uv_size": [5, -1]}
							}
						},
						{
							"origin": [9.28073, 3.69529, 0.02111],
							"size": [3.75, 1.25, 1],
							"pivot": [0, 0, 0],
							"rotation": [3.18458, 6.79382, -59.81092],
							"uv": {
								"north": {"uv": [18, 3], "uv_size": [3, 1]},
								"east": {"uv": [17, 3], "uv_size": [1, 1]},
								"south": {"uv": [22, 3], "uv_size": [3, 1]},
								"west": {"uv": [21, 3], "uv_size": [1, 1]},
								"up": {"uv": [18, 2], "uv_size": [3, 1]},
								"down": {"uv": [21, 3], "uv_size": [3, -1]}
							}
						}
					]
				},
				{
					"name": "bone6",
					"parent": "bone",
					"pivot": [-1.5, 10.25, -2],
					"rotation": [0, 0, -27.5],
					"cubes": [
						{
							"origin": [-13.50903, -4.3525, 0.0065],
							"size": [5, 1.1, 1],
							"pivot": [0, 0, 0],
							"rotation": [-0.98448, -7.43547, 92.56397],
							"uv": {
								"north": {"uv": [17, 13], "uv_size": [5, 1]},
								"east": {"uv": [16, 13], "uv_size": [1, 1]},
								"south": {"uv": [23, 13], "uv_size": [5, 1]},
								"west": {"uv": [22, 13], "uv_size": [1, 1]},
								"up": {"uv": [17, 12], "uv_size": [5, 1]},
								"down": {"uv": [22, 13], "uv_size": [5, -1]}
							}
						},
						{
							"origin": [-13.1293, 3.22134, 0.0065],
							"size": [3.75, 1.25, 1],
							"pivot": [0, 0, 0],
							"rotation": [3.18458, -6.79382, 59.81092],
							"uv": {
								"north": {"uv": [18, 1], "uv_size": [3, 1]},
								"east": {"uv": [17, 1], "uv_size": [1, 1]},
								"south": {"uv": [22, 1], "uv_size": [3, 1]},
								"west": {"uv": [21, 1], "uv_size": [1, 1]},
								"up": {"uv": [18, 0], "uv_size": [3, 1]},
								"down": {"uv": [21, 1], "uv_size": [3, -1]}
							}
						}
					]
				},
				{
					"name": "bone7",
					"pivot": [1.06855, 7.60257, -3.00373],
					"cubes": [
						{
							"origin": [3.56288, 6.64766, -1.15789],
							"size": [1.25, 0.15, 0.2],
							"pivot": [0, 0, 0],
							"rotation": [7.16624, 2.21827, -22.11108],
							"uv": {
								"north": {"uv": [40, 3], "uv_size": [2, 2]},
								"east": {"uv": [18, 24], "uv_size": [1, 2]},
								"south": {"uv": [22, 24], "uv_size": [2, 2]},
								"west": {"uv": [40, 5], "uv_size": [1, 2]},
								"up": {"uv": [40, 4], "uv_size": [2, 1]},
								"down": {"uv": [38, 6], "uv_size": [2, -1]}
							}
						},
						{
							"origin": [0.88787, 6.80686, -1.15789],
							"size": [1.25, 0.15, 0.2],
							"pivot": [0, 0, 0],
							"rotation": [7.47178, -0.65182, -0.04256],
							"uv": {
								"north": {"uv": [40, 3], "uv_size": [2, 2]},
								"east": {"uv": [18, 24], "uv_size": [1, 2]},
								"south": {"uv": [22, 24], "uv_size": [2, 2]},
								"west": {"uv": [40, 5], "uv_size": [1, 2]},
								"up": {"uv": [40, 4], "uv_size": [2, 1]},
								"down": {"uv": [38, 6], "uv_size": [2, -1]}
							}
						},
						{
							"origin": [1.98023, 7.06222, -1.15789],
							"size": [1.25, 0.15, 0.2],
							"pivot": [0, 0, 0],
							"rotation": [7.49428, 0.29361, -7.23077],
							"uv": {
								"north": {"uv": [40, 3], "uv_size": [2, 2]},
								"east": {"uv": [18, 24], "uv_size": [1, 2]},
								"south": {"uv": [22, 24], "uv_size": [2, 2]},
								"west": {"uv": [40, 5], "uv_size": [1, 2]},
								"up": {"uv": [40, 4], "uv_size": [2, 1]},
								"down": {"uv": [38, 6], "uv_size": [2, -1]}
							}
						}
					]
				},
				{
					"name": "bone8",
					"pivot": [-1.21855, 7.52757, -3.00373],
					"rotation": [-0.47205, -0.16484, -19.24932],
					"cubes": [
						{
							"origin": [-4.92354, 6.52217, -1.16935],
							"size": [1.25, 0.15, 0.2],
							"pivot": [0, 0, 0],
							"rotation": [7.16624, -2.21827, 22.11108],
							"uv": {
								"north": {"uv": [42, 3], "uv_size": [-2, 2]},
								"east": {"uv": [41, 5], "uv_size": [-1, 2]},
								"south": {"uv": [24, 24], "uv_size": [-2, 2]},
								"west": {"uv": [19, 24], "uv_size": [-1, 2]},
								"up": {"uv": [42, 4], "uv_size": [-2, 1]},
								"down": {"uv": [40, 6], "uv_size": [-2, -1]}
							}
						},
						{
							"origin": [-2.2878, 6.73261, -1.16935],
							"size": [1.25, 0.15, 0.2],
							"pivot": [0, 0, 0],
							"rotation": [7.47178, 0.65182, 0.04256],
							"uv": {
								"north": {"uv": [42, 3], "uv_size": [-2, 2]},
								"east": {"uv": [41, 5], "uv_size": [-1, 2]},
								"south": {"uv": [24, 24], "uv_size": [-2, 2]},
								"west": {"uv": [19, 24], "uv_size": [-1, 2]},
								"up": {"uv": [42, 4], "uv_size": [-2, 1]},
								"down": {"uv": [40, 6], "uv_size": [-2, -1]}
							}
						},
						{
							"origin": [-3.3696, 6.96964, -1.16935],
							"size": [1.25, 0.15, 0.2],
							"pivot": [0, 0, 0],
							"rotation": [7.49428, -0.29361, 7.23077],
							"uv": {
								"north": {"uv": [42, 3], "uv_size": [-2, 2]},
								"east": {"uv": [41, 5], "uv_size": [-1, 2]},
								"south": {"uv": [24, 24], "uv_size": [-2, 2]},
								"west": {"uv": [19, 24], "uv_size": [-1, 2]},
								"up": {"uv": [42, 4], "uv_size": [-2, 1]},
								"down": {"uv": [40, 6], "uv_size": [-2, -1]}
							}
						}
					]
				}
			]
		}
	]
}