{
	"format_version": "1.12.0",
	"minecraft:geometry": [
		{
			"description": {
				"identifier": "geometry.bench_0_a",
				"texture_width": 128,
				"texture_height": 128,
				"visible_bounds_width": 2,
				"visible_bounds_height": 2.5,
				"visible_bounds_offset": [0, 0.75, 0]
			},
			"bones": [
				{
					"name": "main",
					"pivot": [11, 7, 0]
				},
				{
					"name": "middle",
					"parent": "main",
					"pivot": [11, 7, 0],
					"cubes": [
						{
							"origin": [-8, 7, -7],
							"size": [16, 1, 2],
							"uv": {
								"north": {"uv": [2, 5], "uv_size": [16, 1]},
								"east": {"uv": [0, 5], "uv_size": [2, 1]},
								"south": {"uv": [20, 5], "uv_size": [16, 1]},
								"west": {"uv": [18, 5], "uv_size": [2, 1]},
								"up": {"uv": [2, 3], "uv_size": [16, 2]},
								"down": {"uv": [18, 5], "uv_size": [16, -2]}
							}
						},
						{
							"origin": [-8, 7, 4],
							"size": [16, 1, 2],
							"uv": {
								"north": {"uv": [2, 2], "uv_size": [16, 1]},
								"east": {"uv": [0, 2], "uv_size": [2, 1]},
								"south": {"uv": [20, 2], "uv_size": [16, 1]},
								"west": {"uv": [18, 2], "uv_size": [2, 1]},
								"up": {"uv": [2, 0], "uv_size": [16, 2]},
								"down": {"uv": [18, 2], "uv_size": [16, -2]}
							}
						},
						{
							"origin": [-6, 7, -1.6],
							"size": [14, 1, 2],
							"uv": {
								"north": {"uv": [2, 23], "uv_size": [14, 1]},
								"east": {"uv": [0, 23], "uv_size": [2, 1]},
								"south": {"uv": [18, 23], "uv_size": [14, 1]},
								"west": {"uv": [16, 23], "uv_size": [2, 1]},
								"up": {"uv": [2, 21], "uv_size": [14, 2]},
								"down": {"uv": [16, 23], "uv_size": [14, -2]}
							}
						},
						{
							"origin": [-6, 7, -4.3],
							"size": [14, 1, 2],
							"uv": {
								"north": {"uv": [2, 23], "uv_size": [14, 1]},
								"east": {"uv": [0, 23], "uv_size": [2, 1]},
								"south": {"uv": [18, 23], "uv_size": [14, 1]},
								"west": {"uv": [16, 23], "uv_size": [2, 1]},
								"up": {"uv": [2, 21], "uv_size": [14, 2]},
								"down": {"uv": [16, 23], "uv_size": [14, -2]}
							}
						},
						{
							"origin": [-6, 7, 1],
							"size": [14, 1, 2],
							"uv": {
								"north": {"uv": [2, 20], "uv_size": [14, 1]},
								"east": {"uv": [0, 20], "uv_size": [2, 1]},
								"south": {"uv": [18, 20], "uv_size": [14, 1]},
								"west": {"uv": [16, 20], "uv_size": [2, 1]},
								"up": {"uv": [2, 18], "uv_size": [14, 2]},
								"down": {"uv": [16, 20], "uv_size": [14, -2]}
							}
						},
						{
							"origin": [-8, 7, -5],
							"size": [2, 1, 9],
							"uv": {
								"north": {"uv": [31, 33], "uv_size": [2, 1]},
								"east": {"uv": [22, 33], "uv_size": [9, 1]},
								"south": {"uv": [42, 33], "uv_size": [2, 1]},
								"west": {"uv": [33, 33], "uv_size": [9, 1]},
								"up": {"uv": [31, 24], "uv_size": [2, 9]},
								"down": {"uv": [33, 33], "uv_size": [2, -9]}
							}
						}
					]
				},
				{
					"name": "back",
					"parent": "main",
					"pivot": [11, 7, 5],
					"rotation": [-7.5, 0, 0],
					"cubes": [
						{
							"origin": [-8, 8, 5],
							"size": [16, 2, 1],
							"uv": {
								"north": {"uv": [1, 7], "uv_size": [16, 2]},
								"east": {"uv": [0, 7], "uv_size": [1, 2]},
								"south": {"uv": [18, 7], "uv_size": [16, 2]},
								"west": {"uv": [17, 7], "uv_size": [1, 2]},
								"up": {"uv": [1, 6], "uv_size": [16, 1]},
								"down": {"uv": [17, 7], "uv_size": [16, -1]}
							}
						},
						{
							"origin": [-7, 11, 5],
							"size": [15, 1, 1],
							"uv": {
								"north": {"uv": [1, 17], "uv_size": [15, 1]},
								"east": {"uv": [0, 17], "uv_size": [1, 1]},
								"south": {"uv": [17, 17], "uv_size": [15, 1]},
								"west": {"uv": [16, 17], "uv_size": [1, 1]},
								"up": {"uv": [1, 16], "uv_size": [15, 1]},
								"down": {"uv": [16, 17], "uv_size": [15, -1]}
							}
						},
						{
							"origin": [-7, 15, 5],
							"size": [15, 1, 1],
							"uv": {
								"north": {"uv": [1, 15], "uv_size": [15, 1]},
								"east": {"uv": [0, 15], "uv_size": [1, 1]},
								"south": {"uv": [17, 15], "uv_size": [15, 1]},
								"west": {"uv": [16, 15], "uv_size": [1, 1]},
								"up": {"uv": [1, 14], "uv_size": [15, 1]},
								"down": {"uv": [16, 15], "uv_size": [15, -1]}
							}
						},
						{
							"origin": [-7, 13, 5],
							"size": [15, 1, 1],
							"uv": {
								"north": {"uv": [1, 13], "uv_size": [15, 1]},
								"east": {"uv": [0, 13], "uv_size": [1, 1]},
								"south": {"uv": [17, 13], "uv_size": [15, 1]},
								"west": {"uv": [16, 13], "uv_size": [1, 1]},
								"up": {"uv": [1, 12], "uv_size": [15, 1]},
								"down": {"uv": [16, 13], "uv_size": [15, -1]}
							}
						},
						{
							"origin": [-7, 17, 5],
							"size": [15, 2, 1],
							"uv": {
								"north": {"uv": [1, 10], "uv_size": [15, 2]},
								"east": {"uv": [0, 10], "uv_size": [1, 2]},
								"south": {"uv": [17, 10], "uv_size": [15, 2]},
								"west": {"uv": [16, 10], "uv_size": [1, 2]},
								"up": {"uv": [1, 9], "uv_size": [15, 1]},
								"down": {"uv": [16, 10], "uv_size": [15, -1]}
							}
						},
						{
							"origin": [-8, 10, 5],
							"size": [1, 9, 1],
							"uv": {
								"north": {"uv": [5, 35], "uv_size": [1, 9]},
								"east": {"uv": [4, 35], "uv_size": [1, 9]},
								"south": {"uv": [7, 35], "uv_size": [1, 9]},
								"west": {"uv": [6, 35], "uv_size": [1, 9]},
								"up": {"uv": [5, 34], "uv_size": [1, 1]},
								"down": {"uv": [6, 35], "uv_size": [1, -1]}
							}
						}
					]
				},
				{
					"name": "legs",
					"parent": "main",
					"pivot": [11, 7, 0],
					"cubes": [
						{
							"origin": [-7, 0, -6],
							"size": [1, 7, 1],
							"uv": {
								"north": {"uv": [18, 25], "uv_size": [1, 7]},
								"east": {"uv": [17, 25], "uv_size": [1, 7]},
								"south": {"uv": [20, 25], "uv_size": [1, 7]},
								"west": {"uv": [19, 25], "uv_size": [1, 7]},
								"up": {"uv": [18, 24], "uv_size": [1, 1]},
								"down": {"uv": [19, 25], "uv_size": [1, -1]}
							}
						},
						{
							"origin": [-7, 0, 4],
							"size": [1, 7, 1],
							"uv": {
								"north": {"uv": [1, 25], "uv_size": [1, 7]},
								"east": {"uv": [0, 25], "uv_size": [1, 7]},
								"south": {"uv": [3, 25], "uv_size": [1, 7]},
								"west": {"uv": [2, 25], "uv_size": [1, 7]},
								"up": {"uv": [1, 24], "uv_size": [1, 1]},
								"down": {"uv": [2, 25], "uv_size": [1, -1]}
							}
						}
					]
				}
			]
		}
	]
}