{
	"format_version": "1.12.0",
	"minecraft:geometry": [
		{
			"description": {
				"identifier": "geometry.plate_0_d",
				"texture_width": 32,
				"texture_height": 32,
				"visible_bounds_width": 2,
				"visible_bounds_height": 1.5,
				"visible_bounds_offset": [0, 0.25, 0]
			},
			"bones": [
				{
					"name": "bone",
					"pivot": [0, 0, 0],
					"cubes": [
						{
							"origin": [-3, 0, -3],
							"size": [6, 1, 6],
							"uv": {
								"north": {"uv": [6, 6], "uv_size": [6, 1]},
								"east": {"uv": [0, 6], "uv_size": [6, 1]},
								"south": {"uv": [18, 6], "uv_size": [6, 1]},
								"west": {"uv": [12, 6], "uv_size": [6, 1]},
								"up": {"uv": [6, 0], "uv_size": [6, 6]},
								"down": {"uv": [12, 6], "uv_size": [6, -6]}
							}
						},
						{
							"origin": [-3.25, 0.5, -3.75],
							"size": [6.5, 1, 1],
							"uv": {
								"north": {"uv": [15, 16], "uv_size": [6, 1]},
								"east": {"uv": [14, 16], "uv_size": [1, 1]},
								"south": {"uv": [22, 16], "uv_size": [6, 1]},
								"west": {"uv": [21, 16], "uv_size": [1, 1]},
								"up": {"uv": [15, 15], "uv_size": [6, 1]},
								"down": {"uv": [21, 16], "uv_size": [6, -1]}
							}
						},
						{
							"origin": [-3.25, 0.5, 2.75],
							"size": [6.5, 1, 1],
							"uv": {
								"north": {"uv": [1, 16], "uv_size": [6, 1]},
								"east": {"uv": [0, 16], "uv_size": [1, 1]},
								"south": {"uv": [8, 16], "uv_size": [6, 1]},
								"west": {"uv": [7, 16], "uv_size": [1, 1]},
								"up": {"uv": [1, 15], "uv_size": [6, 1]},
								"down": {"uv": [7, 16], "uv_size": [6, -1]}
							}
						},
						{
							"origin": [-3.75, 0.5, -3.25],
							"size": [1, 1, 6.5],
							"uv": {
								"north": {"uv": [14, 14], "uv_size": [1, 1]},
								"east": {"uv": [8, 14], "uv_size": [6, 1]},
								"south": {"uv": [21, 14], "uv_size": [1, 1]},
								"west": {"uv": [15, 14], "uv_size": [6, 1]},
								"up": {"uv": [14, 8], "uv_size": [1, 6]},
								"down": {"uv": [15, 14], "uv_size": [1, -6]}
							}
						},
						{
							"origin": [2.75, 0.5, -3.25],
							"size": [1, 1, 6.5],
							"uv": {
								"north": {"uv": [6, 13], "uv_size": [1, 1]},
								"east": {"uv": [0, 13], "uv_size": [6, 1]},
								"south": {"uv": [13, 13], "uv_size": [1, 1]},
								"west": {"uv": [7, 13], "uv_size": [6, 1]},
								"up": {"uv": [6, 7], "uv_size": [1, 6]},
								"down": {"uv": [7, 13], "uv_size": [1, -6]}
							}
						}
					]
				},
				{
					"name": "bone2",
					"pivot": [0, 1.25, 0],
					"cubes": [
						{
							"origin": [-3, 1.25, -3],
							"size": [6, 1, 6],
							"uv": {
								"north": {"uv": [6, 6], "uv_size": [6, 1]},
								"east": {"uv": [0, 6], "uv_size": [6, 1]},
								"south": {"uv": [18, 6], "uv_size": [6, 1]},
								"west": {"uv": [12, 6], "uv_size": [6, 1]},
								"up": {"uv": [6, 0], "uv_size": [6, 6]},
								"down": {"uv": [12, 6], "uv_size": [6, -6]}
							}
						},
						{
							"origin": [-3.25, 1.75, -3.75],
							"size": [6.5, 1, 1],
							"uv": {
								"north": {"uv": [15, 16], "uv_size": [6, 1]},
								"east": {"uv": [14, 16], "uv_size": [1, 1]},
								"south": {"uv": [22, 16], "uv_size": [6, 1]},
								"west": {"uv": [21, 16], "uv_size": [1, 1]},
								"up": {"uv": [15, 15], "uv_size": [6, 1]},
								"down": {"uv": [21, 16], "uv_size": [6, -1]}
							}
						},
						{
							"origin": [-3.25, 1.75, 2.75],
							"size": [6.5, 1, 1],
							"uv": {
								"north": {"uv": [1, 16], "uv_size": [6, 1]},
								"east": {"uv": [0, 16], "uv_size": [1, 1]},
								"south": {"uv": [8, 16], "uv_size": [6, 1]},
								"west": {"uv": [7, 16], "uv_size": [1, 1]},
								"up": {"uv": [1, 15], "uv_size": [6, 1]},
								"down": {"uv": [7, 16], "uv_size": [6, -1]}
							}
						},
						{
							"origin": [-3.75, 1.75, -3.25],
							"size": [1, 1, 6.5],
							"uv": {
								"north": {"uv": [14, 14], "uv_size": [1, 1]},
								"east": {"uv": [8, 14], "uv_size": [6, 1]},
								"south": {"uv": [21, 14], "uv_size": [1, 1]},
								"west": {"uv": [15, 14], "uv_size": [6, 1]},
								"up": {"uv": [14, 8], "uv_size": [1, 6]},
								"down": {"uv": [15, 14], "uv_size": [1, -6]}
							}
						},
						{
							"origin": [2.75, 1.75, -3.25],
							"size": [1, 1, 6.5],
							"uv": {
								"north": {"uv": [6, 13], "uv_size": [1, 1]},
								"east": {"uv": [0, 13], "uv_size": [6, 1]},
								"south": {"uv": [13, 13], "uv_size": [1, 1]},
								"west": {"uv": [7, 13], "uv_size": [6, 1]},
								"up": {"uv": [6, 7], "uv_size": [1, 6]},
								"down": {"uv": [7, 13], "uv_size": [1, -6]}
							}
						}
					]
				},
				{
					"name": "bone3",
					"pivot": [0, 2.5, 0],
					"cubes": [
						{
							"origin": [-3, 2.5, -3],
							"size": [6, 1, 6],
							"uv": {
								"north": {"uv": [6, 6], "uv_size": [6, 1]},
								"east": {"uv": [0, 6], "uv_size": [6, 1]},
								"south": {"uv": [18, 6], "uv_size": [6, 1]},
								"west": {"uv": [12, 6], "uv_size": [6, 1]},
								"up": {"uv": [6, 0], "uv_size": [6, 6]},
								"down": {"uv": [12, 6], "uv_size": [6, -6]}
							}
						},
						{
							"origin": [-3.25, 3, -3.75],
							"size": [6.5, 1, 1],
							"uv": {
								"north": {"uv": [15, 16], "uv_size": [6, 1]},
								"east": {"uv": [14, 16], "uv_size": [1, 1]},
								"south": {"uv": [22, 16], "uv_size": [6, 1]},
								"west": {"uv": [21, 16], "uv_size": [1, 1]},
								"up": {"uv": [15, 15], "uv_size": [6, 1]},
								"down": {"uv": [21, 16], "uv_size": [6, -1]}
							}
						},
						{
							"origin": [-3.25, 3, 2.75],
							"size": [6.5, 1, 1],
							"uv": {
								"north": {"uv": [1, 16], "uv_size": [6, 1]},
								"east": {"uv": [0, 16], "uv_size": [1, 1]},
								"south": {"uv": [8, 16], "uv_size": [6, 1]},
								"west": {"uv": [7, 16], "uv_size": [1, 1]},
								"up": {"uv": [1, 15], "uv_size": [6, 1]},
								"down": {"uv": [7, 16], "uv_size": [6, -1]}
							}
						},
						{
							"origin": [-3.75, 3, -3.25],
							"size": [1, 1, 6.5],
							"uv": {
								"north": {"uv": [14, 14], "uv_size": [1, 1]},
								"east": {"uv": [8, 14], "uv_size": [6, 1]},
								"south": {"uv": [21, 14], "uv_size": [1, 1]},
								"west": {"uv": [15, 14], "uv_size": [6, 1]},
								"up": {"uv": [14, 8], "uv_size": [1, 6]},
								"down": {"uv": [15, 14], "uv_size": [1, -6]}
							}
						},
						{
							"origin": [2.75, 3, -3.25],
							"size": [1, 1, 6.5],
							"uv": {
								"north": {"uv": [6, 13], "uv_size": [1, 1]},
								"east": {"uv": [0, 13], "uv_size": [6, 1]},
								"south": {"uv": [13, 13], "uv_size": [1, 1]},
								"west": {"uv": [7, 13], "uv_size": [6, 1]},
								"up": {"uv": [6, 7], "uv_size": [1, 6]},
								"down": {"uv": [7, 13], "uv_size": [1, -6]}
							}
						}
					]
				},
				{
					"name": "bone4",
					"pivot": [0, 3.75, 0],
					"cubes": [
						{
							"origin": [-3, 3.75, -3],
							"size": [6, 1, 6],
							"uv": {
								"north": {"uv": [6, 6], "uv_size": [6, 1]},
								"east": {"uv": [0, 6], "uv_size": [6, 1]},
								"south": {"uv": [18, 6], "uv_size": [6, 1]},
								"west": {"uv": [12, 6], "uv_size": [6, 1]},
								"up": {"uv": [6, 0], "uv_size": [6, 6]},
								"down": {"uv": [12, 6], "uv_size": [6, -6]}
							}
						},
						{
							"origin": [-3.25, 4.25, -3.75],
							"size": [6.5, 1, 1],
							"uv": {
								"north": {"uv": [15, 16], "uv_size": [6, 1]},
								"east": {"uv": [14, 16], "uv_size": [1, 1]},
								"south": {"uv": [22, 16], "uv_size": [6, 1]},
								"west": {"uv": [21, 16], "uv_size": [1, 1]},
								"up": {"uv": [15, 15], "uv_size": [6, 1]},
								"down": {"uv": [21, 16], "uv_size": [6, -1]}
							}
						},
						{
							"origin": [-3.25, 4.25, 2.75],
							"size": [6.5, 1, 1],
							"uv": {
								"north": {"uv": [1, 16], "uv_size": [6, 1]},
								"east": {"uv": [0, 16], "uv_size": [1, 1]},
								"south": {"uv": [8, 16], "uv_size": [6, 1]},
								"west": {"uv": [7, 16], "uv_size": [1, 1]},
								"up": {"uv": [1, 15], "uv_size": [6, 1]},
								"down": {"uv": [7, 16], "uv_size": [6, -1]}
							}
						},
						{
							"origin": [-3.75, 4.25, -3.25],
							"size": [1, 1, 6.5],
							"uv": {
								"north": {"uv": [14, 14], "uv_size": [1, 1]},
								"east": {"uv": [8, 14], "uv_size": [6, 1]},
								"south": {"uv": [21, 14], "uv_size": [1, 1]},
								"west": {"uv": [15, 14], "uv_size": [6, 1]},
								"up": {"uv": [14, 8], "uv_size": [1, 6]},
								"down": {"uv": [15, 14], "uv_size": [1, -6]}
							}
						},
						{
							"origin": [2.75, 4.25, -3.25],
							"size": [1, 1, 6.5],
							"uv": {
								"north": {"uv": [6, 13], "uv_size": [1, 1]},
								"east": {"uv": [0, 13], "uv_size": [6, 1]},
								"south": {"uv": [13, 13], "uv_size": [1, 1]},
								"west": {"uv": [7, 13], "uv_size": [6, 1]},
								"up": {"uv": [6, 7], "uv_size": [1, 6]},
								"down": {"uv": [7, 13], "uv_size": [1, -6]}
							}
						}
					]
				}
			]
		}
	]
}