{
	"format_version": "1.12.0",
	"minecraft:geometry": [
		{
			"description": {
				"identifier": "geometry.tv_stand_0_b",
				"texture_width": 128,
				"texture_height": 128,
				"visible_bounds_width": 4,
				"visible_bounds_height": 2.5,
				"visible_bounds_offset": [0, 0.75, 0]
			},
			"bones": [
				{
					"name": "bone",
					"pivot": [0, 0, 0],
					"cubes": [
						{
							"origin": [-8, 2.75, -8],
							"size": [16, 1, 16],
							"uv": {
								"north": {"uv": [16, 33], "uv_size": [48, 1]},
								"east": {"uv": [0, 33], "uv_size": [16, 1]},
								"south": {"uv": [80, 33], "uv_size": [48, 1]},
								"west": {"uv": [64, 33], "uv_size": [16, 1]},
								"up": {"uv": [16, 17], "uv_size": [48, 16]},
								"down": {"uv": [64, 33], "uv_size": [48, -16]}
							}
						},
						{
							"origin": [-8, 7.75, -8],
							"size": [16, 1, 15],
							"uv": {
								"north": {"uv": [70, 70], "uv_size": [20, 1]},
								"east": {"uv": [55, 70], "uv_size": [15, 1]},
								"south": {"uv": [105, 70], "uv_size": [20, 1]},
								"west": {"uv": [90, 70], "uv_size": [15, 1]},
								"up": {"uv": [70, 55], "uv_size": [20, 15]},
								"down": {"uv": [90, 70], "uv_size": [20, -15]}
							}
						},
						{
							"origin": [-8, 12.75, -8],
							"size": [16, 1, 15],
							"uv": {
								"north": {"uv": [15, 60], "uv_size": [20, 1]},
								"east": {"uv": [0, 60], "uv_size": [15, 1]},
								"south": {"uv": [50, 60], "uv_size": [20, 1]},
								"west": {"uv": [35, 60], "uv_size": [15, 1]},
								"up": {"uv": [15, 45], "uv_size": [20, 15]},
								"down": {"uv": [35, 60], "uv_size": [20, -15]}
							}
						},
						{
							"origin": [-8, 3.75, 7],
							"size": [16, 10, 1],
							"uv": {
								"north": {"uv": [1, 35], "uv_size": [46, 10]},
								"east": {"uv": [0, 35], "uv_size": [1, 10]},
								"south": {"uv": [48, 35], "uv_size": [46, 10]},
								"west": {"uv": [47, 35], "uv_size": [1, 10]},
								"up": {"uv": [1, 34], "uv_size": [46, 1]},
								"down": {"uv": [47, 35], "uv_size": [46, -1]}
							}
						},
						{
							"origin": [-8, 13.75, -8],
							"size": [16, 2, 16],
							"uv": {
								"north": {"uv": [16, 16], "uv_size": [48, 1]},
								"east": {"uv": [0, 16], "uv_size": [16, 1]},
								"south": {"uv": [80, 16], "uv_size": [48, 1]},
								"west": {"uv": [64, 16], "uv_size": [16, 1]},
								"up": {"uv": [16, 0], "uv_size": [48, 16]},
								"down": {"uv": [64, 16], "uv_size": [48, -16]}
							}
						}
					]
				}
			]
		}
	]
}