{
	"format_version": "1.12.0",
	"minecraft:geometry": [
		{
			"description": {
				"identifier": "geometry.tv_stand_0_a",
				"texture_width": 128,
				"texture_height": 128,
				"visible_bounds_width": 2,
				"visible_bounds_height": 2.5,
				"visible_bounds_offset": [0, 0.75, 0]
			},
			"bones": [
				{
					"name": "bone",
					"pivot": [16, 0, 0],
					"cubes": [
						{
							"origin": [-8, 2.75, -8],
							"size": [16, 1, 16],
							"uv": {
								"north": {"uv": [16, 33], "uv_size": [48, 1]},
								"east": {"uv": [0, 33], "uv_size": [16, 1]},
								"south": {"uv": [80, 33], "uv_size": [48, 1]},
								"west": {"uv": [64, 33], "uv_size": [16, 1]},
								"up": {"uv": [16, 17], "uv_size": [48, 16]},
								"down": {"uv": [64, 33], "uv_size": [48, -16]}
							}
						},
						{
							"origin": [6, 7.75, -8],
							"size": [2, 1, 15],
							"uv": {
								"north": {"uv": [70, 70], "uv_size": [20, 1]},
								"east": {"uv": [55, 70], "uv_size": [15, 1]},
								"south": {"uv": [105, 70], "uv_size": [20, 1]},
								"west": {"uv": [90, 70], "uv_size": [15, 1]},
								"up": {"uv": [70, 55], "uv_size": [20, 15]},
								"down": {"uv": [90, 70], "uv_size": [20, -15]}
							}
						},
						{
							"origin": [6, 12.75, -8],
							"size": [2, 1, 15],
							"uv": {
								"north": {"uv": [15, 60], "uv_size": [20, 1]},
								"east": {"uv": [0, 60], "uv_size": [15, 1]},
								"south": {"uv": [50, 60], "uv_size": [20, 1]},
								"west": {"uv": [35, 60], "uv_size": [15, 1]},
								"up": {"uv": [15, 45], "uv_size": [20, 15]},
								"down": {"uv": [35, 60], "uv_size": [20, -15]}
							}
						},
						{
							"origin": [-7, 3.75, 7],
							"size": [15, 10, 1],
							"uv": {
								"north": {"uv": [1, 35], "uv_size": [46, 10]},
								"east": {"uv": [0, 35], "uv_size": [1, 10]},
								"south": {"uv": [48, 35], "uv_size": [46, 10]},
								"west": {"uv": [47, 35], "uv_size": [1, 10]},
								"up": {"uv": [1, 34], "uv_size": [46, 1]},
								"down": {"uv": [47, 35], "uv_size": [46, -1]}
							}
						},
						{
							"origin": [-7.5, 3.75, -8.5],
							"size": [13, 10, 1],
							"uv": {
								"north": {"uv": [1, 88], "uv_size": [13, 10]},
								"east": {"uv": [0, 88], "uv_size": [1, 10]},
								"south": {"uv": [15, 88], "uv_size": [13, 10]},
								"west": {"uv": [14, 88], "uv_size": [1, 10]},
								"up": {"uv": [1, 87], "uv_size": [13, 1]},
								"down": {"uv": [14, 88], "uv_size": [13, -1]}
							}
						},
						{
							"origin": [-8, 3.75, -8],
							"size": [1, 10, 16],
							"uv": {
								"north": {"uv": [86, 97], "uv_size": [1, 10]},
								"east": {"uv": [70, 97], "uv_size": [16, 10]},
								"south": {"uv": [103, 97], "uv_size": [1, 10]},
								"west": {"uv": [87, 97], "uv_size": [16, 10]},
								"up": {"uv": [86, 81], "uv_size": [1, 16]},
								"down": {"uv": [87, 97], "uv_size": [1, -16]}
							}
						},
						{
							"origin": [5, 3.75, -8],
							"size": [1, 10, 16],
							"uv": {
								"north": {"uv": [50, 77], "uv_size": [1, 10]},
								"east": {"uv": [34, 77], "uv_size": [16, 10]},
								"south": {"uv": [67, 77], "uv_size": [1, 10]},
								"west": {"uv": [51, 77], "uv_size": [16, 10]},
								"up": {"uv": [50, 61], "uv_size": [1, 16]},
								"down": {"uv": [51, 77], "uv_size": [1, -16]}
							}
						},
						{
							"origin": [-8, 13.75, -8],
							"size": [16, 2, 16],
							"uv": {
								"north": {"uv": [16, 16], "uv_size": [48, 1]},
								"east": {"uv": [0, 16], "uv_size": [16, 1]},
								"south": {"uv": [80, 16], "uv_size": [48, 1]},
								"west": {"uv": [64, 16], "uv_size": [16, 1]},
								"up": {"uv": [16, 0], "uv_size": [48, 16]},
								"down": {"uv": [64, 16], "uv_size": [48, -16]}
							}
						},
						{
							"origin": [-7, 0, 5.5],
							"size": [1.5, 3, 1.5],
							"uv": {
								"north": {"uv": [1, 9], "uv_size": [1, 3]},
								"east": {"uv": [0, 9], "uv_size": [1, 3]},
								"south": {"uv": [3, 9], "uv_size": [1, 3]},
								"west": {"uv": [2, 9], "uv_size": [1, 3]},
								"up": {"uv": [1, 8], "uv_size": [1, 1]},
								"down": {"uv": [2, 9], "uv_size": [1, -1]}
							}
						},
						{
							"origin": [-7, 0, -7],
							"size": [1.5, 3, 1.5],
							"uv": {
								"north": {"uv": [8, 4], "uv_size": [1, 3]},
								"east": {"uv": [7, 4], "uv_size": [1, 3]},
								"south": {"uv": [10, 4], "uv_size": [1, 3]},
								"west": {"uv": [9, 4], "uv_size": [1, 3]},
								"up": {"uv": [8, 3], "uv_size": [1, 1]},
								"down": {"uv": [9, 4], "uv_size": [1, -1]}
							}
						},
						{
							"origin": [3.75, 4.75, -9],
							"size": [1, 4, 1],
							"uv": {
								"north": {"uv": [4, 5], "uv_size": [1, 4]},
								"east": {"uv": [3, 5], "uv_size": [1, 4]},
								"south": {"uv": [6, 5], "uv_size": [1, 4]},
								"west": {"uv": [5, 5], "uv_size": [1, 4]},
								"up": {"uv": [4, 4], "uv_size": [1, 1]},
								"down": {"uv": [5, 5], "uv_size": [1, -1]}
							}
						}
					]
				}
			]
		}
	]
}