{
	"format_version": "1.12.0",
	"minecraft:geometry": [
		{
			"description": {
				"identifier": "geometry.kitchen_sink_0_a",
				"texture_width": 128,
				"texture_height": 128,
				"visible_bounds_width": 2,
				"visible_bounds_height": 2.5,
				"visible_bounds_offset": [0, 0.75, 0]
			},
			"bones": [
				{
					"name": "bone",
					"pivot": [0, 0, 0],
					"cubes": [
						{
							"origin": [-8, 0, -7],
							"size": [16, 14, 15],
							"uv": {
								"north": {"uv": [15, 15], "uv_size": [16, 14]},
								"east": {"uv": [0, 15], "uv_size": [15, 14]},
								"south": {"uv": [46, 15], "uv_size": [16, 14]},
								"west": {"uv": [31, 15], "uv_size": [15, 14]},
								"up": {"uv": [15, 0], "uv_size": [16, 15]},
								"down": {"uv": [31, 15], "uv_size": [16, -15]}
							}
						},
						{
							"origin": [-8, 14, -8],
							"size": [2, 2, 16],
							"uv": {
								"north": {"uv": [36, 47], "uv_size": [2, 2]},
								"east": {"uv": [20, 47], "uv_size": [16, 2]},
								"south": {"uv": [54, 47], "uv_size": [2, 2]},
								"west": {"uv": [38, 47], "uv_size": [16, 2]},
								"up": {"uv": [36, 31], "uv_size": [2, 16]},
								"down": {"uv": [38, 47], "uv_size": [2, -16]}
							}
						},
						{
							"origin": [6, 14, -8],
							"size": [2, 2, 16],
							"uv": {
								"north": {"uv": [16, 45], "uv_size": [2, 2]},
								"east": {"uv": [0, 45], "uv_size": [16, 2]},
								"south": {"uv": [34, 45], "uv_size": [2, 2]},
								"west": {"uv": [18, 45], "uv_size": [16, 2]},
								"up": {"uv": [16, 29], "uv_size": [2, 16]},
								"down": {"uv": [18, 45], "uv_size": [2, -16]}
							}
						},
						{
							"origin": [-8, 14, -6],
							"size": [2, 2, 12],
							"pivot": [0, 0, 0],
							"rotation": [0, -90, 0],
							"uv": {
								"north": {"uv": [52, 41], "uv_size": [2, 2]},
								"east": {"uv": [40, 41], "uv_size": [12, 2]},
								"south": {"uv": [66, 41], "uv_size": [2, 2]},
								"west": {"uv": [54, 41], "uv_size": [12, 2]},
								"up": {"uv": [52, 29], "uv_size": [2, 12]},
								"down": {"uv": [54, 41], "uv_size": [2, -12]}
							}
						},
						{
							"origin": [-6, 14, 6],
							"size": [12, 2, 2],
							"uv": {
								"north": {"uv": [49, 2], "uv_size": [12, 2]},
								"east": {"uv": [47, 2], "uv_size": [2, 2]},
								"south": {"uv": [63, 2], "uv_size": [12, 2]},
								"west": {"uv": [61, 2], "uv_size": [2, 2]},
								"up": {"uv": [49, 0], "uv_size": [12, 2]},
								"down": {"uv": [61, 2], "uv_size": [12, -2]}
							}
						},
						{
							"origin": [-6, 14, -6],
							"size": [12, 2, 2],
							"uv": {
								"north": {"uv": [42, 45], "uv_size": [12, 2]},
								"east": {"uv": [40, 45], "uv_size": [2, 2]},
								"south": {"uv": [56, 45], "uv_size": [12, 2]},
								"west": {"uv": [54, 45], "uv_size": [2, 2]},
								"up": {"uv": [42, 43], "uv_size": [12, 2]},
								"down": {"uv": [54, 45], "uv_size": [12, -2]}
							}
						},
						{
							"origin": [-4, 14, 4],
							"size": [10, 2, 2],
							"pivot": [0, 0, 0],
							"rotation": [0, -90, 0],
							"uv": {
								"north": {"uv": [2, 55], "uv_size": [10, 2]},
								"east": {"uv": [0, 55], "uv_size": [2, 2]},
								"south": {"uv": [14, 55], "uv_size": [10, 2]},
								"west": {"uv": [12, 55], "uv_size": [2, 2]},
								"up": {"uv": [2, 53], "uv_size": [10, 2]},
								"down": {"uv": [12, 55], "uv_size": [10, -2]}
							}
						},
						{
							"origin": [-4, 10.99784, 7.54189],
							"size": [10, 1, 3],
							"pivot": [0, 0, 0],
							"rotation": [25, -90, 0],
							"uv": {
								"north": {"uv": [50, 11], "uv_size": [10, 1]},
								"east": {"uv": [47, 11], "uv_size": [3, 1]},
								"south": {"uv": [63, 11], "uv_size": [10, 1]},
								"west": {"uv": [60, 11], "uv_size": [3, 1]},
								"up": {"uv": [50, 8], "uv_size": [10, 3]},
								"down": {"uv": [60, 11], "uv_size": [10, -3]}
							}
						},
						{
							"origin": [-4.74954, 10.04675, 9.5815],
							"size": [9, 1, 3],
							"pivot": [0, 0, 0],
							"rotation": [25, 0, 0],
							"uv": {
								"north": {"uv": [27, 52], "uv_size": [9, 1]},
								"east": {"uv": [24, 52], "uv_size": [3, 1]},
								"south": {"uv": [39, 52], "uv_size": [9, 1]},
								"west": {"uv": [36, 52], "uv_size": [3, 1]},
								"up": {"uv": [27, 49], "uv_size": [9, 3]},
								"down": {"uv": [36, 52], "uv_size": [9, -3]}
							}
						},
						{
							"origin": [-4.25046, 10.89199, 7.76888],
							"size": [9, 1, 3],
							"pivot": [0, 0, 0],
							"rotation": [25, 180, 0],
							"uv": {
								"north": {"uv": [3, 52], "uv_size": [9, 1]},
								"east": {"uv": [0, 52], "uv_size": [3, 1]},
								"south": {"uv": [15, 52], "uv_size": [9, 1]},
								"west": {"uv": [12, 52], "uv_size": [3, 1]},
								"up": {"uv": [3, 49], "uv_size": [9, 3]},
								"down": {"uv": [12, 52], "uv_size": [9, -3]}
							}
						},
						{
							"origin": [-6, 10.78614, 7.99588],
							"size": [10, 1, 3],
							"pivot": [0, 0, 0],
							"rotation": [25, 90, 0],
							"uv": {
								"north": {"uv": [50, 7], "uv_size": [10, 1]},
								"east": {"uv": [47, 7], "uv_size": [3, 1]},
								"south": {"uv": [63, 7], "uv_size": [10, 1]},
								"west": {"uv": [60, 7], "uv_size": [3, 1]},
								"up": {"uv": [50, 4], "uv_size": [10, 3]},
								"down": {"uv": [60, 7], "uv_size": [10, -3]}
							}
						},
						{
							"origin": [-4, 14, -6],
							"size": [10, 2, 2],
							"pivot": [0, 0, 0],
							"rotation": [0, -90, 0],
							"uv": {
								"north": {"uv": [50, 51], "uv_size": [10, 2]},
								"east": {"uv": [48, 51], "uv_size": [2, 2]},
								"south": {"uv": [62, 51], "uv_size": [10, 2]},
								"west": {"uv": [60, 51], "uv_size": [2, 2]},
								"up": {"uv": [50, 49], "uv_size": [10, 2]},
								"down": {"uv": [60, 51], "uv_size": [10, -2]}
							}
						},
						{
							"origin": [-0.75, 16, 6.25],
							"size": [1.5, 4, 1.5],
							"uv": {
								"north": {"uv": [4, 5], "uv_size": [1, 4]},
								"east": {"uv": [3, 5], "uv_size": [1, 4]},
								"south": {"uv": [6, 5], "uv_size": [1, 4]},
								"west": {"uv": [5, 5], "uv_size": [1, 4]},
								"up": {"uv": [4, 4], "uv_size": [1, 1]},
								"down": {"uv": [5, 5], "uv_size": [1, -1]}
							}
						},
						{
							"origin": [-0.75, -5.97739, 19.59935],
							"size": [1.5, 4, 1],
							"pivot": [0, 0, 0],
							"rotation": [85, 0, 0],
							"uv": {
								"north": {"uv": [1, 1], "uv_size": [1, 4]},
								"east": {"uv": [0, 1], "uv_size": [1, 4]},
								"south": {"uv": [3, 1], "uv_size": [1, 4]},
								"west": {"uv": [2, 1], "uv_size": [1, 4]},
								"up": {"uv": [1, 0], "uv_size": [1, 1]},
								"down": {"uv": [2, 1], "uv_size": [1, -1]}
							}
						},
						{
							"origin": [-0.75, -1.17452, 19.69331],
							"size": [1.5, 1, 1],
							"pivot": [0, 0, 0],
							"rotation": [80, 0, 0],
							"uv": {
								"north": {"uv": [8, 8], "uv_size": [1, 1]},
								"east": {"uv": [7, 8], "uv_size": [1, 1]},
								"south": {"uv": [10, 8], "uv_size": [1, 1]},
								"west": {"uv": [9, 8], "uv_size": [1, 1]},
								"up": {"uv": [8, 7], "uv_size": [1, 1]},
								"down": {"uv": [9, 8], "uv_size": [1, -1]}
							}
						},
						{
							"origin": [2.5, 16, 6.25],
							"size": [1.5, 1, 1.5],
							"uv": {
								"north": {"uv": [5, 3], "uv_size": [1, 1]},
								"east": {"uv": [4, 3], "uv_size": [1, 1]},
								"south": {"uv": [7, 3], "uv_size": [1, 1]},
								"west": {"uv": [6, 3], "uv_size": [1, 1]},
								"up": {"uv": [5, 2], "uv_size": [1, 1]},
								"down": {"uv": [6, 3], "uv_size": [1, -1]}
							}
						},
						{
							"origin": [-4, 16, 6.25],
							"size": [1.5, 1, 1.5],
							"uv": {
								"north": {"uv": [5, 1], "uv_size": [1, 1]},
								"east": {"uv": [4, 1], "uv_size": [1, 1]},
								"south": {"uv": [7, 1], "uv_size": [1, 1]},
								"west": {"uv": [6, 1], "uv_size": [1, 1]},
								"up": {"uv": [5, 0], "uv_size": [1, 1]},
								"down": {"uv": [6, 1], "uv_size": [1, -1]}
							}
						}
					]
				}
			]
		}
	]
}