{
	"format_version": "1.12.0",
	"minecraft:geometry": [
		{
			"description": {
				"identifier": "geometry.plant_0_a",
				"texture_width": 64,
				"texture_height": 64,
				"visible_bounds_width": 3,
				"visible_bounds_height": 2.5,
				"visible_bounds_offset": [0, 0.75, 0]
			},
			"bones": [
				{
					"name": "bone",
					"pivot": [0, -26.45, 0]
				},
				{
					"name": "bone13",
					"parent": "bone",
					"pivot": [0, 1.55, 0],
					"cubes": [
						{"origin": [-0.6748, 3.38603, 6.173], "size": [2, 0, 1], "pivot": [0.3252, 3.38603, -0.327], "rotation": [37.5, -30, 2.5], "uv": [0, 11]},
						{"origin": [-1.094, 2.56751, 4.83655], "size": [2, 0, 2], "pivot": [-0.094, 2.56751, 0.33655], "rotation": [47.5, -30, 2.5], "uv": [36, 44]},
						{"origin": [-1.25522, 2.32197, 3.09699], "size": [2, 0, 2], "pivot": [-0.25522, 2.32197, 0.59699], "rotation": [52.5, -30, 2.5], "uv": [32, 44]},
						{"origin": [-1.5, 2.05, 0.5], "size": [2, 0, 3], "pivot": [-0.5, 2.05, 1], "rotation": [65, -30, 2.5], "uv": [39, 35]}
					]
				},
				{
					"name": "bone14",
					"parent": "bone",
					"pivot": [0, 1.55, 0],
					"rotation": [-12.5, 120, 0],
					"cubes": [
						{"origin": [-0.6748, 3.38603, 6.173], "size": [2, 0, 2], "pivot": [0.3252, 3.38603, -0.327], "rotation": [37.5, -30, 2.5], "uv": [28, 44]},
						{"origin": [-1.094, 2.56751, 4.83655], "size": [2, 0, 2], "pivot": [-0.094, 2.56751, 0.33655], "rotation": [47.5, -30, 2.5], "uv": [24, 43]},
						{"origin": [-1.25522, 2.32197, 3.09699], "size": [2, 0, 2], "pivot": [-0.25522, 2.32197, 0.59699], "rotation": [52.5, -30, 2.5], "uv": [20, 43]},
						{"origin": [-1.5, 2.05, 0.5], "size": [2, 0, 3], "pivot": [-0.5, 2.05, 1], "rotation": [65, -30, 2.5], "uv": [39, 39]}
					]
				},
				{
					"name": "bone23",
					"parent": "bone",
					"pivot": [0.25, 1.55, 0.5],
					"rotation": [15, -122.5, 0],
					"cubes": [
						{"origin": [-1.00522, 2.32197, 3.59699], "size": [2, 0, 2], "pivot": [-0.00522, 2.32197, 1.09699], "rotation": [52.5, -30, 2.5], "uv": [2, 0]},
						{"origin": [-1.25, 2.05, 1], "size": [2, 0, 3], "pivot": [-0.25, 2.05, 1.5], "rotation": [65, -30, 2.5], "uv": [27, 30]}
					]
				},
				{
					"name": "bone15",
					"parent": "bone",
					"pivot": [0.25, 1.55, 0],
					"rotation": [-37.5, -130, 5],
					"cubes": [
						{"origin": [-0.4248, 3.38603, 6.173], "size": [2, 0, 2], "pivot": [0.5752, 3.38603, -0.327], "rotation": [37.5, -30, 2.5], "uv": [14, 43]},
						{"origin": [-0.844, 2.56751, 4.83655], "size": [2, 0, 2], "pivot": [0.156, 2.56751, 0.33655], "rotation": [47.5, -30, 2.5], "uv": [8, 43]},
						{"origin": [-1.00522, 2.32197, 3.09699], "size": [2, 0, 2], "pivot": [-0.00522, 2.32197, 0.59699], "rotation": [52.5, -30, 2.5], "uv": [2, 43]},
						{"origin": [-1.25, 2.05, 0.5], "size": [2, 0, 3], "pivot": [-0.25, 2.05, 1], "rotation": [65, -30, 2.5], "uv": [37, 29]}
					]
				},
				{
					"name": "bone10",
					"parent": "bone",
					"pivot": [-0.094, 2.56751, 0.33655],
					"cubes": [
						{"origin": [1.25541, 3.69032, 1.51219], "size": [2, 0, 2], "pivot": [2.25541, 3.69032, 1.01219], "rotation": [17.5, 77.5, 2.5], "uv": [22, 45]},
						{"origin": [3.13706, 4.44656, 1.92163], "size": [2, 0, 2], "pivot": [4.13706, 4.44656, 1.42163], "rotation": [-10, 77.5, 2.5], "uv": [44, 41]},
						{"origin": [5.16014, 4.24639, 2.37165], "size": [2, 0, 3], "pivot": [6.16014, 4.24639, 1.87165], "rotation": [-40, 77.5, 2.5], "uv": [41, 7]},
						{"origin": [0, 2.05, 0.25], "size": [2, 0, 3], "pivot": [1, 2.05, 0.75], "rotation": [47.5, 77.5, 2.5], "uv": [41, 13]}
					]
				},
				{
					"name": "bone19",
					"parent": "bone",
					"pivot": [-0.094, 2.56751, 0.33655],
					"rotation": [27.5, -105, -45],
					"cubes": [
						{"origin": [1.25541, 3.69032, 1.51219], "size": [2, 0, 3], "pivot": [2.25541, 3.69032, 1.01219], "rotation": [17.5, 77.5, 2.5], "uv": [37, 7]},
						{"origin": [3.01204, 5.09464, 4.27879], "size": [2, 0, 3], "pivot": [3.1483, 4.46832, 2.08714], "rotation": [-10, 77.5, 2.5], "uv": [37, 4]},
						{"origin": [5.98722, 5.43924, 4.40198], "size": [2, 0, 3], "pivot": [6.12348, 4.051, 2.75013], "rotation": [-40, 77.5, 2.5], "uv": [33, 22]},
						{"origin": [0, 2.05, 0.25], "size": [2, 0, 3], "pivot": [1, 2.05, 0.75], "rotation": [47.5, 77.5, 2.5], "uv": [33, 19]}
					]
				},
				{
					"name": "bone20",
					"parent": "bone",
					"pivot": [0.094, 2.56751, -0.33655],
					"rotation": [-10, -145, 22.5],
					"cubes": [
						{"origin": [-3.25541, 3.69032, -3.51219], "size": [2, 0, 2], "pivot": [-2.25541, 3.69032, -1.01219], "rotation": [-17.5, 77.5, -2.5], "uv": [34, 10]},
						{"origin": [-4.09269, 5.33061, -7.07288], "size": [2, 0, 3], "pivot": [-2.22895, 4.70429, -1.88124], "rotation": [22.5, 77.5, -2.5], "uv": [33, 16]},
						{"origin": [-7.0745, 5.46464, -7.19958], "size": [2, 0, 3], "pivot": [-5.21075, 4.07641, -2.54773], "rotation": [65, 77.5, -2.5], "uv": [33, 13]},
						{"origin": [-2, 2.05, -3.25], "size": [2, 0, 3], "pivot": [-1, 2.05, -0.75], "rotation": [-47.5, 77.5, -2.5], "uv": [33, 7]}
					]
				},
				{
					"name": "bone21",
					"parent": "bone",
					"pivot": [-0.094, 2.56751, -0.33655],
					"rotation": [-10, 145, -22.5],
					"cubes": [
						{"origin": [1.25541, 3.69032, -3.51219], "size": [2, 0, 2], "pivot": [2.25541, 3.69032, -1.01219], "rotation": [-17.5, -77.5, 2.5], "uv": [4, 34]},
						{"origin": [2.09269, 5.33061, -7.07288], "size": [2, 0, 3], "pivot": [2.22895, 4.70429, -1.88124], "rotation": [22.5, -77.5, 2.5], "uv": [33, 4]},
						{"origin": [5.0745, 5.46464, -7.19958], "size": [2, 0, 3], "pivot": [5.21075, 4.07641, -2.54773], "rotation": [65, -77.5, 2.5], "uv": [31, 26]},
						{"origin": [0, 2.05, -3.25], "size": [2, 0, 3], "pivot": [1, 2.05, -0.75], "rotation": [-47.5, -77.5, 2.5], "uv": [31, 31]}
					]
				},
				{
					"name": "bone11",
					"parent": "bone",
					"pivot": [-0.094, 1.56751, 0.33655],
					"rotation": [0, 75, 0],
					"cubes": [
						{"origin": [1.25541, 2.69032, 1.51219], "size": [2, 0, 2], "pivot": [2.25541, 2.69032, 1.01219], "rotation": [17.5, 77.5, 2.5], "uv": [44, 39]},
						{"origin": [3.13706, 3.44656, 1.92163], "size": [2, 0, 2], "pivot": [4.13706, 3.44656, 1.42163], "rotation": [-10, 77.5, 2.5], "uv": [44, 37]},
						{"origin": [5.16014, 3.24639, 2.37165], "size": [2, 0, 4], "pivot": [6.16014, 3.24639, 1.87165], "rotation": [-40, 77.5, 2.5], "uv": [0, 30]},
						{"origin": [0, 1.05, 0.25], "size": [2, 0, 3], "pivot": [1, 1.05, 0.75], "rotation": [47.5, 77.5, 2.5], "uv": [41, 4]}
					]
				},
				{
					"name": "bone12",
					"parent": "bone",
					"pivot": [-1.094, 3.56751, 0.33655],
					"rotation": [0, 167.5, 0],
					"cubes": [
						{"origin": [0.25541, 4.69032, 1.51219], "size": [2, 0, 2], "pivot": [1.25541, 4.69032, 1.01219], "rotation": [17.5, 77.5, 2.5], "uv": [44, 35]},
						{"origin": [2.13706, 5.44656, 1.92163], "size": [2, 0, 2], "pivot": [3.13706, 5.44656, 1.42163], "rotation": [-10, 77.5, 2.5], "uv": [44, 44]},
						{"origin": [4.16014, 5.24639, 2.37165], "size": [2, 0, 2], "pivot": [5.16014, 5.24639, 1.87165], "rotation": [-40, 77.5, 2.5], "uv": [40, 44]},
						{"origin": [-1, 3.05, -0.75], "size": [2, 0, 4], "pivot": [0, 3.05, 0.75], "rotation": [47.5, 77.5, 2.5], "uv": [26, 26]}
					]
				},
				{
					"name": "bone22",
					"parent": "bone",
					"pivot": [0.094, 3.56751, -0.33655],
					"rotation": [12.5, 142.5, 22.5],
					"cubes": [
						{"origin": [-3.25541, 4.69032, -3.51219], "size": [2, 0, 2], "pivot": [-2.25541, 4.69032, -1.01219], "rotation": [-17.5, 77.5, -2.5], "uv": [0, 34]},
						{"origin": [-5.13706, 5.44656, -3.92163], "size": [2, 0, 2], "pivot": [-4.13706, 5.44656, -1.42163], "rotation": [10, 77.5, -2.5], "uv": [32, 29]},
						{"origin": [-7.16014, 5.24639, -4.37165], "size": [2, 0, 2], "pivot": [-6.16014, 5.24639, -1.87165], "rotation": [40, 77.5, -2.5], "uv": [2, 13]},
						{"origin": [-2, 3.05, -3.25], "size": [2, 0, 4], "pivot": [-1, 3.05, -0.75], "rotation": [-47.5, 77.5, -2.5], "uv": [0, 26]}
					]
				},
				{
					"name": "bone16",
					"parent": "bone",
					"pivot": [0, -26.45, 0],
					"cubes": [
						{"origin": [-1.00419, 1.45317, 3.08466], "size": [2, 0, 2], "pivot": [-0.00419, 1.45317, 0.58466], "rotation": [17.5, 7.5, 2.5], "uv": [42, 28]},
						{"origin": [-0.68018, 3.33606, 4.91951], "size": [2, 0, 2], "pivot": [0.31982, 3.33606, 2.41951], "rotation": [-12.5, 7.5, 2.5], "uv": [42, 26]},
						{"origin": [-0.31645, 4.03586, 7.44784], "size": [2, 0, 2], "pivot": [0.68355, 4.03586, 4.94784], "rotation": [-42.5, 7.5, 2.5], "uv": [42, 23]},
						{"origin": [-1, 1.05, 0.25], "size": [2, 0, 3], "pivot": [0, 1.05, 0.75], "rotation": [27.5, 7.5, 2.5], "uv": [37, 26]}
					]
				},
				{
					"name": "bone17",
					"parent": "bone",
					"pivot": [-1.25, -26.2, 0],
					"rotation": [0, -85, 0],
					"cubes": [
						{"origin": [-2.25419, 1.70317, 3.08466], "size": [2, 0, 2], "pivot": [-1.25419, 1.70317, 0.58466], "rotation": [17.5, 7.5, 2.5], "uv": [42, 21]},
						{"origin": [-1.93018, 3.58606, 4.91951], "size": [2, 0, 2], "pivot": [-0.93018, 3.58606, 2.41951], "rotation": [-12.5, 7.5, 2.5], "uv": [42, 19]},
						{"origin": [-1.56645, 4.28586, 7.44784], "size": [2, 0, 3], "pivot": [-0.56645, 4.28586, 4.94784], "rotation": [-42.5, 7.5, 2.5], "uv": [37, 22]},
						{"origin": [-2.25, 1.3, 0.25], "size": [2, 0, 3], "pivot": [-1.25, 1.3, 0.75], "rotation": [27.5, 7.5, 2.5], "uv": [37, 19]}
					]
				},
				{
					"name": "bone18",
					"parent": "bone",
					"pivot": [-3.5, -23.2, -13.5],
					"rotation": [30, 177.5, 10],
					"cubes": [
						{"origin": [-4.50419, 4.70317, -10.41534], "size": [2, 0, 2], "pivot": [-3.50419, 4.70317, -12.91534], "rotation": [17.5, 7.5, 2.5], "uv": [42, 10]},
						{"origin": [-4.18018, 6.58606, -8.58049], "size": [2, 0, 2], "pivot": [-3.18018, 6.58606, -11.08049], "rotation": [-12.5, 7.5, 2.5], "uv": [38, 10]},
						{"origin": [-3.81645, 7.28586, -6.05216], "size": [2, 0, 3], "pivot": [-2.81645, 7.28586, -8.55216], "rotation": [-42.5, 7.5, 2.5], "uv": [37, 16]},
						{"origin": [-4.5, 4.3, -13.25], "size": [2, 0, 3], "pivot": [-3.5, 4.3, -12.75], "rotation": [27.5, 7.5, 2.5], "uv": [37, 13]}
					]
				}
			]
		}
	]
}