{
	"format_version": "1.12.0",
	"minecraft:geometry": [
		{
			"description": {
				"identifier": "geometry.plant_0",
				"texture_width": 64,
				"texture_height": 64,
				"visible_bounds_width": 3,
				"visible_bounds_height": 2.5,
				"visible_bounds_offset": [0, 0.75, 0]
			},
			"bones": [
				{
					"name": "bone",
					"pivot": [0, -20.25, 0]
				},
				{
					"name": "bone7",
					"parent": "bone",
					"pivot": [0, -20.25, 0]
				},
				{
					"name": "bone6",
					"parent": "bone",
					"pivot": [0, -20.25, 0]
				},
				{
					"name": "bone8",
					"parent": "bone",
					"pivot": [0, -20.25, 0],
					"cubes": [
						{
							"origin": [-5, 0.25, -5],
							"size": [10, 7, 10],
							"uv": {
								"north": {"uv": [10, 36], "uv_size": [10, 7]},
								"east": {"uv": [0, 36], "uv_size": [10, 7]},
								"south": {"uv": [30, 36], "uv_size": [10, 7]},
								"west": {"uv": [20, 36], "uv_size": [10, 7]},
								"up": {"uv": [10, 26], "uv_size": [10, 10]},
								"down": {"uv": [20, 36], "uv_size": [10, -10]}
							}
						},
						{
							"origin": [-5, 7.25, 4],
							"size": [10, 1, 1],
							"uv": {
								"north": {"uv": [37, 3], "uv_size": [10, 1]},
								"east": {"uv": [36, 3], "uv_size": [1, 1]},
								"south": {"uv": [48, 3], "uv_size": [10, 1]},
								"west": {"uv": [47, 3], "uv_size": [1, 1]},
								"up": {"uv": [37, 2], "uv_size": [10, 1]},
								"down": {"uv": [47, 3], "uv_size": [10, -1]}
							}
						},
						{
							"origin": [-5, 7.25, -4],
							"size": [1, 1, 8],
							"uv": {
								"north": {"uv": [40, 43], "uv_size": [1, 1]},
								"east": {"uv": [32, 43], "uv_size": [8, 1]},
								"south": {"uv": [49, 43], "uv_size": [1, 1]},
								"west": {"uv": [41, 43], "uv_size": [8, 1]},
								"up": {"uv": [40, 35], "uv_size": [1, 8]},
								"down": {"uv": [41, 43], "uv_size": [1, -8]}
							}
						},
						{
							"origin": [4, 7.25, -4],
							"size": [1, 1, 8],
							"uv": {
								"north": {"uv": [38, 34], "uv_size": [1, 1]},
								"east": {"uv": [30, 34], "uv_size": [8, 1]},
								"south": {"uv": [47, 34], "uv_size": [1, 1]},
								"west": {"uv": [39, 34], "uv_size": [8, 1]},
								"up": {"uv": [38, 26], "uv_size": [1, 8]},
								"down": {"uv": [39, 34], "uv_size": [1, -8]}
							}
						},
						{
							"origin": [-1, 7.25, -1],
							"size": [2, 1, 2],
							"uv": {
								"north": {"uv": [44, 32], "uv_size": [2, 1]},
								"east": {"uv": [42, 32], "uv_size": [2, 1]},
								"south": {"uv": [48, 32], "uv_size": [2, 1]},
								"west": {"uv": [46, 32], "uv_size": [2, 1]},
								"up": {"uv": [44, 30], "uv_size": [2, 2]},
								"down": {"uv": [46, 32], "uv_size": [2, -2]}
							}
						},
						{
							"origin": [-5, 7.25, -5],
							"size": [10, 1, 1],
							"uv": {
								"north": {"uv": [37, 1], "uv_size": [10, 1]},
								"east": {"uv": [36, 1], "uv_size": [1, 1]},
								"south": {"uv": [48, 1], "uv_size": [10, 1]},
								"west": {"uv": [47, 1], "uv_size": [1, 1]},
								"up": {"uv": [37, 0], "uv_size": [10, 1]},
								"down": {"uv": [47, 1], "uv_size": [10, -1]}
							}
						}
					]
				},
				{
					"name": "bone13",
					"parent": "bone",
					"pivot": [0, 7.75, 0],
					"cubes": [
						{
							"origin": [-1.24425, 7.75314, 12.15101],
							"size": [2, 0, 1],
							"pivot": [0, 0, 0],
							"rotation": [37.5, -30, 2.5],
							"uv": {
								"north": {"uv": [1, 12], "uv_size": [2, 0]},
								"east": {"uv": [0, 12], "uv_size": [1, 0]},
								"south": {"uv": [4, 12], "uv_size": [2, 0]},
								"west": {"uv": [3, 12], "uv_size": [1, 0]},
								"up": {"uv": [1, 11], "uv_size": [2, 1]},
								"down": {"uv": [3, 12], "uv_size": [2, -1]}
							}
						},
						{
							"origin": [-1.24425, 5.52435, 11.31272],
							"size": [2, 0, 2],
							"pivot": [0, 0, 0],
							"rotation": [47.5, -30, 2.5],
							"uv": {
								"north": {"uv": [38, 46], "uv_size": [2, 0]},
								"east": {"uv": [36, 46], "uv_size": [2, 0]},
								"south": {"uv": [42, 46], "uv_size": [2, 0]},
								"west": {"uv": [40, 46], "uv_size": [2, 0]},
								"up": {"uv": [38, 44], "uv_size": [2, 2]},
								"down": {"uv": [40, 46], "uv_size": [2, -2]}
							}
						},
						{
							"origin": [-1.24425, 4.51736, 9.75116],
							"size": [2, 0, 2],
							"pivot": [0, 0, 0],
							"rotation": [52.5, -30, 2.5],
							"uv": {
								"north": {"uv": [34, 46], "uv_size": [2, 0]},
								"east": {"uv": [32, 46], "uv_size": [2, 0]},
								"south": {"uv": [38, 46], "uv_size": [2, 0]},
								"west": {"uv": [36, 46], "uv_size": [2, 0]},
								"up": {"uv": [34, 44], "uv_size": [2, 2]},
								"down": {"uv": [36, 46], "uv_size": [2, -2]}
							}
						},
						{
							"origin": [-1.24425, 2.29975, 7.49775],
							"size": [2, 0, 3],
							"pivot": [0, 0, 0],
							"rotation": [65, -30, 2.5],
							"uv": {
								"north": {"uv": [42, 38], "uv_size": [2, 0]},
								"east": {"uv": [39, 38], "uv_size": [3, 0]},
								"south": {"uv": [47, 38], "uv_size": [2, 0]},
								"west": {"uv": [44, 38], "uv_size": [3, 0]},
								"up": {"uv": [42, 35], "uv_size": [2, 3]},
								"down": {"uv": [44, 38], "uv_size": [2, -3]}
							}
						}
					]
				},
				{
					"name": "bone14",
					"parent": "bone",
					"pivot": [0, 7.75, 0],
					"rotation": [-12.5, 120, 0],
					"cubes": [
						{
							"origin": [-1.24425, 7.75314, 12.15101],
							"size": [2, 0, 2],
							"pivot": [0, 0, 0],
							"rotation": [37.5, -30, 2.5],
							"uv": {
								"north": {"uv": [30, 46], "uv_size": [2, 0]},
								"east": {"uv": [28, 46], "uv_size": [2, 0]},
								"south": {"uv": [34, 46], "uv_size": [2, 0]},
								"west": {"uv": [32, 46], "uv_size": [2, 0]},
								"up": {"uv": [30, 44], "uv_size": [2, 2]},
								"down": {"uv": [32, 46], "uv_size": [2, -2]}
							}
						},
						{
							"origin": [-1.24425, 5.52435, 11.31272],
							"size": [2, 0, 2],
							"pivot": [0, 0, 0],
							"rotation": [47.5, -30, 2.5],
							"uv": {
								"north": {"uv": [26, 45], "uv_size": [2, 0]},
								"east": {"uv": [24, 45], "uv_size": [2, 0]},
								"south": {"uv": [30, 45], "uv_size": [2, 0]},
								"west": {"uv": [28, 45], "uv_size": [2, 0]},
								"up": {"uv": [26, 43], "uv_size": [2, 2]},
								"down": {"uv": [28, 45], "uv_size": [2, -2]}
							}
						},
						{
							"origin": [-1.24425, 4.51736, 9.75116],
							"size": [2, 0, 2],
							"pivot": [0, 0, 0],
							"rotation": [52.5, -30, 2.5],
							"uv": {
								"north": {"uv": [22, 45], "uv_size": [2, 0]},
								"east": {"uv": [20, 45], "uv_size": [2, 0]},
								"south": {"uv": [26, 45], "uv_size": [2, 0]},
								"west": {"uv": [24, 45], "uv_size": [2, 0]},
								"up": {"uv": [22, 43], "uv_size": [2, 2]},
								"down": {"uv": [24, 45], "uv_size": [2, -2]}
							}
						},
						{
							"origin": [-1.24425, 2.29975, 7.49775],
							"size": [2, 0, 3],
							"pivot": [0, 0, 0],
							"rotation": [65, -30, 2.5],
							"uv": {
								"north": {"uv": [42, 42], "uv_size": [2, 0]},
								"east": {"uv": [39, 42], "uv_size": [3, 0]},
								"south": {"uv": [47, 42], "uv_size": [2, 0]},
								"west": {"uv": [44, 42], "uv_size": [3, 0]},
								"up": {"uv": [42, 39], "uv_size": [2, 3]},
								"down": {"uv": [44, 42], "uv_size": [2, -3]}
							}
						}
					]
				},
				{
					"name": "bone23",
					"parent": "bone",
					"pivot": [0.25, 7.75, 0.5],
					"rotation": [15, -122.5, 0],
					"cubes": [
						{
							"origin": [-0.77795, 4.27954, 9.94739],
							"size": [2, 0, 2],
							"pivot": [0, 0, 0],
							"rotation": [52.5, -30, 2.5],
							"uv": {
								"north": {"uv": [4, 2], "uv_size": [2, 0]},
								"east": {"uv": [2, 2], "uv_size": [2, 0]},
								"south": {"uv": [8, 2], "uv_size": [2, 0]},
								"west": {"uv": [6, 2], "uv_size": [2, 0]},
								"up": {"uv": [4, 0], "uv_size": [2, 2]},
								"down": {"uv": [6, 2], "uv_size": [2, -2]}
							}
						},
						{
							"origin": [-0.77795, 2.02509, 7.63786],
							"size": [2, 0, 3],
							"pivot": [0, 0, 0],
							"rotation": [65, -30, 2.5],
							"uv": {
								"north": {"uv": [30, 33], "uv_size": [2, 0]},
								"east": {"uv": [27, 33], "uv_size": [3, 0]},
								"south": {"uv": [35, 33], "uv_size": [2, 0]},
								"west": {"uv": [32, 33], "uv_size": [3, 0]},
								"up": {"uv": [30, 30], "uv_size": [2, 3]},
								"down": {"uv": [32, 33], "uv_size": [2, -3]}
							}
						}
					]
				},
				{
					"name": "bone15",
					"parent": "bone",
					"pivot": [0.25, 7.75, 0],
					"rotation": [-37.5, -130, 5],
					"cubes": [
						{
							"origin": [-1.02795, 7.83781, 12.05857],
							"size": [2, 0, 2],
							"pivot": [0, 0, 0],
							"rotation": [37.5, -30, 2.5],
							"uv": {
								"north": {"uv": [16, 45], "uv_size": [2, 0]},
								"east": {"uv": [14, 45], "uv_size": [2, 0]},
								"south": {"uv": [20, 45], "uv_size": [2, 0]},
								"west": {"uv": [18, 45], "uv_size": [2, 0]},
								"up": {"uv": [16, 43], "uv_size": [2, 2]},
								"down": {"uv": [18, 45], "uv_size": [2, -2]}
							}
						},
						{
							"origin": [-1.02795, 5.62379, 11.2364],
							"size": [2, 0, 2],
							"pivot": [0, 0, 0],
							"rotation": [47.5, -30, 2.5],
							"uv": {
								"north": {"uv": [10, 45], "uv_size": [2, 0]},
								"east": {"uv": [8, 45], "uv_size": [2, 0]},
								"south": {"uv": [14, 45], "uv_size": [2, 0]},
								"west": {"uv": [12, 45], "uv_size": [2, 0]},
								"up": {"uv": [10, 43], "uv_size": [2, 2]},
								"down": {"uv": [12, 45], "uv_size": [2, -2]}
							}
						},
						{
							"origin": [-1.02795, 4.62308, 9.68378],
							"size": [2, 0, 2],
							"pivot": [0, 0, 0],
							"rotation": [52.5, -30, 2.5],
							"uv": {
								"north": {"uv": [4, 45], "uv_size": [2, 0]},
								"east": {"uv": [2, 45], "uv_size": [2, 0]},
								"south": {"uv": [8, 45], "uv_size": [2, 0]},
								"west": {"uv": [6, 45], "uv_size": [2, 0]},
								"up": {"uv": [4, 43], "uv_size": [2, 2]},
								"down": {"uv": [6, 45], "uv_size": [2, -2]}
							}
						},
						{
							"origin": [-1.02795, 2.41754, 7.45486],
							"size": [2, 0, 3],
							"pivot": [0, 0, 0],
							"rotation": [65, -30, 2.5],
							"uv": {
								"north": {"uv": [40, 32], "uv_size": [2, 0]},
								"east": {"uv": [37, 32], "uv_size": [3, 0]},
								"south": {"uv": [45, 32], "uv_size": [2, 0]},
								"west": {"uv": [42, 32], "uv_size": [3, 0]},
								"up": {"uv": [40, 29], "uv_size": [2, 3]},
								"down": {"uv": [42, 32], "uv_size": [2, -3]}
							}
						}
					]
				},
				{
					"name": "bone10",
					"parent": "bone",
					"pivot": [-0.094, 8.76751, 0.33655],
					"cubes": [
						{
							"origin": [-1.59388, 8.91668, 5.40611],
							"size": [2, 0, 2],
							"pivot": [0, 0, 0],
							"rotation": [17.5, 77.5, 2.5],
							"uv": {
								"north": {"uv": [24, 47], "uv_size": [2, 0]},
								"east": {"uv": [22, 47], "uv_size": [2, 0]},
								"south": {"uv": [28, 47], "uv_size": [2, 0]},
								"west": {"uv": [26, 47], "uv_size": [2, 0]},
								"up": {"uv": [24, 45], "uv_size": [2, 2]},
								"down": {"uv": [26, 47], "uv_size": [2, -2]}
							}
						},
						{
							"origin": [-1.59388, 11.32795, 2.45204],
							"size": [2, 0, 2],
							"pivot": [0, 0, 0],
							"rotation": [-10, 77.5, 2.5],
							"uv": {
								"north": {"uv": [46, 43], "uv_size": [2, 0]},
								"east": {"uv": [44, 43], "uv_size": [2, 0]},
								"south": {"uv": [50, 43], "uv_size": [2, 0]},
								"west": {"uv": [48, 43], "uv_size": [2, 0]},
								"up": {"uv": [46, 41], "uv_size": [2, 2]},
								"down": {"uv": [48, 43], "uv_size": [2, -2]}
							}
						},
						{
							"origin": [-1.59388, 12.03718, -1.8089],
							"size": [2, 0, 3],
							"pivot": [0, 0, 0],
							"rotation": [-40, 77.5, 2.5],
							"uv": {
								"north": {"uv": [44, 10], "uv_size": [2, 0]},
								"east": {"uv": [41, 10], "uv_size": [3, 0]},
								"south": {"uv": [49, 10], "uv_size": [2, 0]},
								"west": {"uv": [46, 10], "uv_size": [3, 0]},
								"up": {"uv": [44, 7], "uv_size": [2, 3]},
								"down": {"uv": [46, 10], "uv_size": [2, -3]}
							}
						},
						{
							"origin": [-1.59388, 5.01801, 6.14017],
							"size": [2, 0, 3],
							"pivot": [0, 0, 0],
							"rotation": [47.5, 77.5, 2.5],
							"uv": {
								"north": {"uv": [44, 16], "uv_size": [2, 0]},
								"east": {"uv": [41, 16], "uv_size": [3, 0]},
								"south": {"uv": [49, 16], "uv_size": [2, 0]},
								"west": {"uv": [46, 16], "uv_size": [3, 0]},
								"up": {"uv": [44, 13], "uv_size": [2, 3]},
								"down": {"uv": [46, 16], "uv_size": [2, -3]}
							}
						}
					]
				},
				{
					"name": "bone19",
					"parent": "bone",
					"pivot": [-0.094, 8.76751, 0.33655],
					"rotation": [27.5, -105, -45],
					"cubes": [
						{
							"origin": [-1.59388, 8.91668, 5.40611],
							"size": [2, 0, 3],
							"pivot": [0, 0, 0],
							"rotation": [17.5, 77.5, 2.5],
							"uv": {
								"north": {"uv": [40, 10], "uv_size": [2, 0]},
								"east": {"uv": [37, 10], "uv_size": [3, 0]},
								"south": {"uv": [45, 10], "uv_size": [2, 0]},
								"west": {"uv": [42, 10], "uv_size": [3, 0]},
								"up": {"uv": [40, 7], "uv_size": [2, 3]},
								"down": {"uv": [42, 10], "uv_size": [2, -3]}
							}
						},
						{
							"origin": [-1.59388, 11.79059, 3.33859],
							"size": [2, 0, 3],
							"pivot": [0, 0, 0],
							"rotation": [-10, 77.5, 2.5],
							"uv": {
								"north": {"uv": [40, 7], "uv_size": [2, 0]},
								"east": {"uv": [37, 7], "uv_size": [3, 0]},
								"south": {"uv": [45, 7], "uv_size": [2, 0]},
								"west": {"uv": [42, 7], "uv_size": [3, 0]},
								"up": {"uv": [40, 4], "uv_size": [2, 3]},
								"down": {"uv": [42, 7], "uv_size": [2, -3]}
							}
						},
						{
							"origin": [-1.59388, 13.37924, -0.40592],
							"size": [2, 0, 3],
							"pivot": [0, 0, 0],
							"rotation": [-40, 77.5, 2.5],
							"uv": {
								"north": {"uv": [36, 25], "uv_size": [2, 0]},
								"east": {"uv": [33, 25], "uv_size": [3, 0]},
								"south": {"uv": [41, 25], "uv_size": [2, 0]},
								"west": {"uv": [38, 25], "uv_size": [3, 0]},
								"up": {"uv": [36, 22], "uv_size": [2, 3]},
								"down": {"uv": [38, 25], "uv_size": [2, -3]}
							}
						},
						{
							"origin": [-1.59388, 5.01801, 6.14017],
							"size": [2, 0, 3],
							"pivot": [0, 0, 0],
							"rotation": [47.5, 77.5, 2.5],
							"uv": {
								"north": {"uv": [36, 22], "uv_size": [2, 0]},
								"east": {"uv": [33, 22], "uv_size": [3, 0]},
								"south": {"uv": [41, 22], "uv_size": [2, 0]},
								"west": {"uv": [38, 22], "uv_size": [3, 0]},
								"up": {"uv": [36, 19], "uv_size": [2, 3]},
								"down": {"uv": [38, 22], "uv_size": [2, -3]}
							}
						}
					]
				},
				{
					"name": "bone20",
					"parent": "bone",
					"pivot": [0.094, 8.76751, -0.33655],
					"rotation": [-10, -145, 22.5],
					"cubes": [
						{
							"origin": [-0.40612, 8.91668, -7.40611],
							"size": [2, 0, 2],
							"pivot": [0, 0, 0],
							"rotation": [-17.5, 77.5, -2.5],
							"uv": {
								"north": {"uv": [36, 12], "uv_size": [2, 0]},
								"east": {"uv": [34, 12], "uv_size": [2, 0]},
								"south": {"uv": [40, 12], "uv_size": [2, 0]},
								"west": {"uv": [38, 12], "uv_size": [2, 0]},
								"up": {"uv": [36, 10], "uv_size": [2, 2]},
								"down": {"uv": [38, 12], "uv_size": [2, -2]}
							}
						},
						{
							"origin": [-0.40612, 11.5909, -2.94124],
							"size": [2, 0, 3],
							"pivot": [0, 0, 0],
							"rotation": [22.5, 77.5, -2.5],
							"uv": {
								"north": {"uv": [36, 19], "uv_size": [2, 0]},
								"east": {"uv": [33, 19], "uv_size": [3, 0]},
								"south": {"uv": [41, 19], "uv_size": [2, 0]},
								"west": {"uv": [38, 19], "uv_size": [3, 0]},
								"up": {"uv": [36, 16], "uv_size": [2, 3]},
								"down": {"uv": [38, 19], "uv_size": [2, -3]}
							}
						},
						{
							"origin": [-0.40612, 10.53251, 2.66286],
							"size": [2, 0, 3],
							"pivot": [0, 0, 0],
							"rotation": [65, 77.5, -2.5],
							"uv": {
								"north": {"uv": [36, 16], "uv_size": [2, 0]},
								"east": {"uv": [33, 16], "uv_size": [3, 0]},
								"south": {"uv": [41, 16], "uv_size": [2, 0]},
								"west": {"uv": [38, 16], "uv_size": [3, 0]},
								"up": {"uv": [36, 13], "uv_size": [2, 3]},
								"down": {"uv": [38, 16], "uv_size": [2, -3]}
							}
						},
						{
							"origin": [-0.40612, 5.01801, -9.14017],
							"size": [2, 0, 3],
							"pivot": [0, 0, 0],
							"rotation": [-47.5, 77.5, -2.5],
							"uv": {
								"north": {"uv": [36, 10], "uv_size": [2, 0]},
								"east": {"uv": [33, 10], "uv_size": [3, 0]},
								"south": {"uv": [41, 10], "uv_size": [2, 0]},
								"west": {"uv": [38, 10], "uv_size": [3, 0]},
								"up": {"uv": [36, 7], "uv_size": [2, 3]},
								"down": {"uv": [38, 10], "uv_size": [2, -3]}
							}
						}
					]
				},
				{
					"name": "bone21",
					"parent": "bone",
					"pivot": [-0.094, 8.76751, -0.33655],
					"rotation": [-10, 145, -22.5],
					"cubes": [
						{
							"origin": [-1.59388, 8.91668, -7.40611],
							"size": [2, 0, 2],
							"pivot": [0, 0, 0],
							"rotation": [-17.5, -77.5, 2.5],
							"uv": {
								"north": {"uv": [6, 36], "uv_size": [2, 0]},
								"east": {"uv": [4, 36], "uv_size": [2, 0]},
								"south": {"uv": [10, 36], "uv_size": [2, 0]},
								"west": {"uv": [8, 36], "uv_size": [2, 0]},
								"up": {"uv": [6, 34], "uv_size": [2, 2]},
								"down": {"uv": [8, 36], "uv_size": [2, -2]}
							}
						},
						{
							"origin": [-1.59388, 11.5909, -2.94124],
							"size": [2, 0, 3],
							"pivot": [0, 0, 0],
							"rotation": [22.5, -77.5, 2.5],
							"uv": {
								"north": {"uv": [36, 7], "uv_size": [2, 0]},
								"east": {"uv": [33, 7], "uv_size": [3, 0]},
								"south": {"uv": [41, 7], "uv_size": [2, 0]},
								"west": {"uv": [38, 7], "uv_size": [3, 0]},
								"up": {"uv": [36, 4], "uv_size": [2, 3]},
								"down": {"uv": [38, 7], "uv_size": [2, -3]}
							}
						},
						{
							"origin": [-1.59388, 10.53251, 2.66286],
							"size": [2, 0, 3],
							"pivot": [0, 0, 0],
							"rotation": [65, -77.5, 2.5],
							"uv": {
								"north": {"uv": [34, 29], "uv_size": [2, 0]},
								"east": {"uv": [31, 29], "uv_size": [3, 0]},
								"south": {"uv": [39, 29], "uv_size": [2, 0]},
								"west": {"uv": [36, 29], "uv_size": [3, 0]},
								"up": {"uv": [34, 26], "uv_size": [2, 3]},
								"down": {"uv": [36, 29], "uv_size": [2, -3]}
							}
						},
						{
							"origin": [-1.59388, 5.01801, -9.14017],
							"size": [2, 0, 3],
							"pivot": [0, 0, 0],
							"rotation": [-47.5, -77.5, 2.5],
							"uv": {
								"north": {"uv": [34, 34], "uv_size": [2, 0]},
								"east": {"uv": [31, 34], "uv_size": [3, 0]},
								"south": {"uv": [39, 34], "uv_size": [2, 0]},
								"west": {"uv": [36, 34], "uv_size": [3, 0]},
								"up": {"uv": [34, 31], "uv_size": [2, 3]},
								"down": {"uv": [36, 34], "uv_size": [2, -3]}
							}
						}
					]
				},
				{
					"name": "bone11",
					"parent": "bone",
					"pivot": [-0.094, 7.76751, 0.33655],
					"rotation": [0, 75, 0],
					"cubes": [
						{
							"origin": [-1.58444, 7.95106, 5.14631],
							"size": [2, 0, 2],
							"pivot": [0, 0, 0],
							"rotation": [17.5, 77.5, 2.5],
							"uv": {
								"north": {"uv": [46, 41], "uv_size": [2, 0]},
								"east": {"uv": [44, 41], "uv_size": [2, 0]},
								"south": {"uv": [50, 41], "uv_size": [2, 0]},
								"west": {"uv": [48, 41], "uv_size": [2, 0]},
								"up": {"uv": [46, 39], "uv_size": [2, 2]},
								"down": {"uv": [48, 41], "uv_size": [2, -2]}
							}
						},
						{
							"origin": [-1.58444, 10.35148, 2.66746],
							"size": [2, 0, 2],
							"pivot": [0, 0, 0],
							"rotation": [-10, 77.5, 2.5],
							"uv": {
								"north": {"uv": [46, 39], "uv_size": [2, 0]},
								"east": {"uv": [44, 39], "uv_size": [2, 0]},
								"south": {"uv": [50, 39], "uv_size": [2, 0]},
								"west": {"uv": [48, 39], "uv_size": [2, 0]},
								"up": {"uv": [46, 37], "uv_size": [2, 2]},
								"down": {"uv": [48, 39], "uv_size": [2, -2]}
							}
						},
						{
							"origin": [-1.58444, 11.29924, -1.1341],
							"size": [2, 0, 4],
							"pivot": [0, 0, 0],
							"rotation": [-40, 77.5, 2.5],
							"uv": {
								"north": {"uv": [4, 34], "uv_size": [2, 0]},
								"east": {"uv": [0, 34], "uv_size": [4, 0]},
								"south": {"uv": [10, 34], "uv_size": [2, 0]},
								"west": {"uv": [6, 34], "uv_size": [4, 0]},
								"up": {"uv": [4, 30], "uv_size": [2, 4]},
								"down": {"uv": [6, 34], "uv_size": [2, -4]}
							}
						},
						{
							"origin": [-1.58444, 4.31167, 5.43236],
							"size": [2, 0, 3],
							"pivot": [0, 0, 0],
							"rotation": [47.5, 77.5, 2.5],
							"uv": {
								"north": {"uv": [44, 7], "uv_size": [2, 0]},
								"east": {"uv": [41, 7], "uv_size": [3, 0]},
								"south": {"uv": [49, 7], "uv_size": [2, 0]},
								"west": {"uv": [46, 7], "uv_size": [3, 0]},
								"up": {"uv": [44, 4], "uv_size": [2, 3]},
								"down": {"uv": [46, 7], "uv_size": [2, -3]}
							}
						}
					]
				},
				{
					"name": "bone12",
					"parent": "bone",
					"pivot": [-1.094, 9.76751, 0.33655],
					"rotation": [0, 167.5, 0],
					"cubes": [
						{
							"origin": [-1.81955, 10.13399, 4.72258],
							"size": [2, 0, 2],
							"pivot": [0, 0, 0],
							"rotation": [17.5, 77.5, 2.5],
							"uv": {
								"north": {"uv": [46, 37], "uv_size": [2, 0]},
								"east": {"uv": [44, 37], "uv_size": [2, 0]},
								"south": {"uv": [50, 37], "uv_size": [2, 0]},
								"west": {"uv": [48, 37], "uv_size": [2, 0]},
								"up": {"uv": [46, 35], "uv_size": [2, 2]},
								"down": {"uv": [48, 37], "uv_size": [2, -2]}
							}
						},
						{
							"origin": [-1.81955, 12.0921, 1.28364],
							"size": [2, 0, 2],
							"pivot": [0, 0, 0],
							"rotation": [-10, 77.5, 2.5],
							"uv": {
								"north": {"uv": [46, 46], "uv_size": [2, 0]},
								"east": {"uv": [44, 46], "uv_size": [2, 0]},
								"south": {"uv": [50, 46], "uv_size": [2, 0]},
								"west": {"uv": [48, 46], "uv_size": [2, 0]},
								"up": {"uv": [46, 44], "uv_size": [2, 2]},
								"down": {"uv": [48, 46], "uv_size": [2, -2]}
							}
						},
						{
							"origin": [-1.81955, 12.11475, -3.20283],
							"size": [2, 0, 2],
							"pivot": [0, 0, 0],
							"rotation": [-40, 77.5, 2.5],
							"uv": {
								"north": {"uv": [42, 46], "uv_size": [2, 0]},
								"east": {"uv": [40, 46], "uv_size": [2, 0]},
								"south": {"uv": [46, 46], "uv_size": [2, 0]},
								"west": {"uv": [44, 46], "uv_size": [2, 0]},
								"up": {"uv": [42, 44], "uv_size": [2, 2]},
								"down": {"uv": [44, 46], "uv_size": [2, -2]}
							}
						},
						{
							"origin": [-1.81955, 6.414, 5.15687],
							"size": [2, 0, 4],
							"pivot": [0, 0, 0],
							"rotation": [47.5, 77.5, 2.5],
							"uv": {
								"north": {"uv": [30, 30], "uv_size": [2, 0]},
								"east": {"uv": [26, 30], "uv_size": [4, 0]},
								"south": {"uv": [36, 30], "uv_size": [2, 0]},
								"west": {"uv": [32, 30], "uv_size": [4, 0]},
								"up": {"uv": [30, 26], "uv_size": [2, 4]},
								"down": {"uv": [32, 30], "uv_size": [2, -4]}
							}
						}
					]
				},
				{
					"name": "bone22",
					"parent": "bone",
					"pivot": [0.094, 9.76751, -0.33655],
					"rotation": [12.5, 142.5, 22.5],
					"cubes": [
						{
							"origin": [-0.39668, 9.88229, -7.66592],
							"size": [2, 0, 2],
							"pivot": [0, 0, 0],
							"rotation": [-17.5, 77.5, -2.5],
							"uv": {
								"north": {"uv": [2, 36], "uv_size": [2, 0]},
								"east": {"uv": [0, 36], "uv_size": [2, 0]},
								"south": {"uv": [6, 36], "uv_size": [2, 0]},
								"west": {"uv": [4, 36], "uv_size": [2, 0]},
								"up": {"uv": [2, 34], "uv_size": [2, 2]},
								"down": {"uv": [4, 36], "uv_size": [2, -2]}
							}
						},
						{
							"origin": [-0.39668, 12.30443, -4.23662],
							"size": [2, 0, 2],
							"pivot": [0, 0, 0],
							"rotation": [10, 77.5, -2.5],
							"uv": {
								"north": {"uv": [34, 31], "uv_size": [2, 0]},
								"east": {"uv": [32, 31], "uv_size": [2, 0]},
								"south": {"uv": [38, 31], "uv_size": [2, 0]},
								"west": {"uv": [36, 31], "uv_size": [2, 0]},
								"up": {"uv": [34, 29], "uv_size": [2, 2]},
								"down": {"uv": [36, 31], "uv_size": [2, -2]}
							}
						},
						{
							"origin": [-0.39668, 12.77512, 0.4837],
							"size": [2, 0, 2],
							"pivot": [0, 0, 0],
							"rotation": [40, 77.5, -2.5],
							"uv": {
								"north": {"uv": [4, 15], "uv_size": [2, 0]},
								"east": {"uv": [2, 15], "uv_size": [2, 0]},
								"south": {"uv": [8, 15], "uv_size": [2, 0]},
								"west": {"uv": [6, 15], "uv_size": [2, 0]},
								"up": {"uv": [4, 13], "uv_size": [2, 2]},
								"down": {"uv": [6, 15], "uv_size": [2, -2]}
							}
						},
						{
							"origin": [-0.39668, 5.72436, -9.84798],
							"size": [2, 0, 4],
							"pivot": [0, 0, 0],
							"rotation": [-47.5, 77.5, -2.5],
							"uv": {
								"north": {"uv": [4, 30], "uv_size": [2, 0]},
								"east": {"uv": [0, 30], "uv_size": [4, 0]},
								"south": {"uv": [10, 30], "uv_size": [2, 0]},
								"west": {"uv": [6, 30], "uv_size": [4, 0]},
								"up": {"uv": [4, 26], "uv_size": [2, 4]},
								"down": {"uv": [6, 30], "uv_size": [2, -4]}
							}
						}
					]
				},
				{
					"name": "bone16",
					"parent": "bone",
					"pivot": [0, -20.25, 0],
					"cubes": [
						{
							"origin": [-1.41143, 7.1308, 5.30986],
							"size": [2, 0, 2],
							"pivot": [0, 0, 0],
							"rotation": [17.5, 7.5, 2.5],
							"uv": {
								"north": {"uv": [44, 30], "uv_size": [2, 0]},
								"east": {"uv": [42, 30], "uv_size": [2, 0]},
								"south": {"uv": [48, 30], "uv_size": [2, 0]},
								"west": {"uv": [46, 30], "uv_size": [2, 0]},
								"up": {"uv": [44, 28], "uv_size": [2, 2]},
								"down": {"uv": [46, 30], "uv_size": [2, -2]}
							}
						},
						{
							"origin": [-1.41143, 9.83125, 2.76463],
							"size": [2, 0, 2],
							"pivot": [0, 0, 0],
							"rotation": [-12.5, 7.5, 2.5],
							"uv": {
								"north": {"uv": [44, 28], "uv_size": [2, 0]},
								"east": {"uv": [42, 28], "uv_size": [2, 0]},
								"south": {"uv": [48, 28], "uv_size": [2, 0]},
								"west": {"uv": [46, 28], "uv_size": [2, 0]},
								"up": {"uv": [44, 26], "uv_size": [2, 2]},
								"down": {"uv": [46, 28], "uv_size": [2, -2]}
							}
						},
						{
							"origin": [-1.41143, 10.89643, -0.78934],
							"size": [2, 0, 2],
							"pivot": [0, 0, 0],
							"rotation": [-42.5, 7.5, 2.5],
							"uv": {
								"north": {"uv": [44, 25], "uv_size": [2, 0]},
								"east": {"uv": [42, 25], "uv_size": [2, 0]},
								"south": {"uv": [48, 25], "uv_size": [2, 0]},
								"west": {"uv": [46, 25], "uv_size": [2, 0]},
								"up": {"uv": [44, 23], "uv_size": [2, 2]},
								"down": {"uv": [46, 25], "uv_size": [2, -2]}
							}
						},
						{
							"origin": [-1.41143, 6.10042, 3.46744],
							"size": [2, 0, 3],
							"pivot": [0, 0, 0],
							"rotation": [27.5, 7.5, 2.5],
							"uv": {
								"north": {"uv": [40, 29], "uv_size": [2, 0]},
								"east": {"uv": [37, 29], "uv_size": [3, 0]},
								"south": {"uv": [45, 29], "uv_size": [2, 0]},
								"west": {"uv": [42, 29], "uv_size": [3, 0]},
								"up": {"uv": [40, 26], "uv_size": [2, 3]},
								"down": {"uv": [42, 29], "uv_size": [2, -3]}
							}
						}
					]
				},
				{
					"name": "bone17",
					"parent": "bone",
					"pivot": [-1.25, -20, 0],
					"rotation": [0, -85, 0],
					"cubes": [
						{
							"origin": [-2.66037, 7.36645, 5.21176],
							"size": [2, 0, 2],
							"pivot": [0, 0, 0],
							"rotation": [17.5, 7.5, 2.5],
							"uv": {
								"north": {"uv": [44, 23], "uv_size": [2, 0]},
								"east": {"uv": [42, 23], "uv_size": [2, 0]},
								"south": {"uv": [48, 23], "uv_size": [2, 0]},
								"west": {"uv": [46, 23], "uv_size": [2, 0]},
								"up": {"uv": [44, 21], "uv_size": [2, 2]},
								"down": {"uv": [46, 23], "uv_size": [2, -2]}
							}
						},
						{
							"origin": [-2.66037, 9.98627, 2.56184],
							"size": [2, 0, 2],
							"pivot": [0, 0, 0],
							"rotation": [-12.5, 7.5, 2.5],
							"uv": {
								"north": {"uv": [44, 21], "uv_size": [2, 0]},
								"east": {"uv": [42, 21], "uv_size": [2, 0]},
								"south": {"uv": [48, 21], "uv_size": [2, 0]},
								"west": {"uv": [46, 21], "uv_size": [2, 0]},
								"up": {"uv": [44, 19], "uv_size": [2, 2]},
								"down": {"uv": [46, 21], "uv_size": [2, -2]}
							}
						},
						{
							"origin": [-2.66037, 10.92929, -1.04247],
							"size": [2, 0, 3],
							"pivot": [0, 0, 0],
							"rotation": [-42.5, 7.5, 2.5],
							"uv": {
								"north": {"uv": [40, 25], "uv_size": [2, 0]},
								"east": {"uv": [37, 25], "uv_size": [3, 0]},
								"south": {"uv": [45, 25], "uv_size": [2, 0]},
								"west": {"uv": [42, 25], "uv_size": [3, 0]},
								"up": {"uv": [40, 22], "uv_size": [2, 3]},
								"down": {"uv": [42, 25], "uv_size": [2, -3]}
							}
						},
						{
							"origin": [-2.66037, 6.34952, 3.41175],
							"size": [2, 0, 3],
							"pivot": [0, 0, 0],
							"rotation": [27.5, 7.5, 2.5],
							"uv": {
								"north": {"uv": [40, 22], "uv_size": [2, 0]},
								"east": {"uv": [37, 22], "uv_size": [3, 0]},
								"south": {"uv": [45, 22], "uv_size": [2, 0]},
								"west": {"uv": [42, 22], "uv_size": [3, 0]},
								"up": {"uv": [40, 19], "uv_size": [2, 3]},
								"down": {"uv": [42, 22], "uv_size": [2, -3]}
							}
						}
					]
				},
				{
					"name": "bone18",
					"parent": "bone",
					"pivot": [-3.5, -17, -13.5],
					"rotation": [30, 177.5, 10],
					"cubes": [
						{
							"origin": [-3.25663, 14.24943, -6.97764],
							"size": [2, 0, 2],
							"pivot": [0, 0, 0],
							"rotation": [17.5, 7.5, 2.5],
							"uv": {
								"north": {"uv": [44, 12], "uv_size": [2, 0]},
								"east": {"uv": [42, 12], "uv_size": [2, 0]},
								"south": {"uv": [48, 12], "uv_size": [2, 0]},
								"west": {"uv": [46, 12], "uv_size": [2, 0]},
								"up": {"uv": [44, 10], "uv_size": [2, 2]},
								"down": {"uv": [46, 12], "uv_size": [2, -2]}
							}
						},
						{
							"origin": [-3.25663, 9.85242, -11.43598],
							"size": [2, 0, 2],
							"pivot": [0, 0, 0],
							"rotation": [-12.5, 7.5, 2.5],
							"uv": {
								"north": {"uv": [40, 12], "uv_size": [2, 0]},
								"east": {"uv": [38, 12], "uv_size": [2, 0]},
								"south": {"uv": [44, 12], "uv_size": [2, 0]},
								"west": {"uv": [42, 12], "uv_size": [2, 0]},
								"up": {"uv": [40, 10], "uv_size": [2, 2]},
								"down": {"uv": [42, 12], "uv_size": [2, -2]}
							}
						},
						{
							"origin": [-3.25663, 3.81445, -13.09801],
							"size": [2, 0, 3],
							"pivot": [0, 0, 0],
							"rotation": [-42.5, 7.5, 2.5],
							"uv": {
								"north": {"uv": [40, 19], "uv_size": [2, 0]},
								"east": {"uv": [37, 19], "uv_size": [3, 0]},
								"south": {"uv": [45, 19], "uv_size": [2, 0]},
								"west": {"uv": [42, 19], "uv_size": [3, 0]},
								"up": {"uv": [40, 16], "uv_size": [2, 3]},
								"down": {"uv": [42, 19], "uv_size": [2, -3]}
							}
						},
						{
							"origin": [-3.25663, 15.24461, -7.39725],
							"size": [2, 0, 3],
							"pivot": [0, 0, 0],
							"rotation": [27.5, 7.5, 2.5],
							"uv": {
								"north": {"uv": [40, 16], "uv_size": [2, 0]},
								"east": {"uv": [37, 16], "uv_size": [3, 0]},
								"south": {"uv": [45, 16], "uv_size": [2, 0]},
								"west": {"uv": [42, 16], "uv_size": [3, 0]},
								"up": {"uv": [40, 13], "uv_size": [2, 3]},
								"down": {"uv": [42, 16], "uv_size": [2, -3]}
							}
						}
					]
				}
			]
		}
	]
}