{
	"format_version": "1.17.0",
	"minecraft:block": {
		"description": {
			"properties": {
				"bridge:block_rotation": [
					2,
					3,
					4,
					5
				]
			},
			"identifier": "bony:table_0_a"
		},
		"permutations": [
			{
				"condition": "query.block_property('bridge:block_rotation') == 2",
				"components": {
					"minecraft:rotation": [
						0,
						180,
						0
					],
					"minecraft:on_placed": {
						"event": "d0"
					}
				}
			},
			{
				"condition": "query.block_property('bridge:block_rotation') == 3",
				"components": {
					"minecraft:rotation": [
						0,
						0,
						0
					],
					"minecraft:on_placed": {
						"event": "d1"
					}
				}
			},
			{
				"condition": "query.block_property('bridge:block_rotation') == 4",
				"components": {
					"minecraft:rotation": [
						0,
						270,
						0
					],
					"minecraft:on_placed": {
						"event": "d2"
					}
				}
			},
			{
				"condition": "query.block_property('bridge:block_rotation') == 5",
				"components": {
					"minecraft:rotation": [
						0,
						90,
						0
					],
					"minecraft:on_placed": {
						"event": "d3"
					}
				}
			}
		],
		"components": {
			"minecraft:on_player_placing": {
				"event": "bridge:update_rotation"
			},
			"minecraft:creative_category": {
				"group": "itemGroup.name.Construction",
				"category": "Construction"
			},
			"minecraft:geometry": "geometry.table_0_a",
			"minecraft:material_instances": {
				"*": {
					"render_method": "alpha_test",
					"texture": "table_0"
				}
			},
			"minecraft:block_light_absorption": 0.9
		},
		"events": {
			"bridge:update_rotation": {
				"set_block_property": {
					"bridge:block_rotation": "query.cardinal_facing_2d"
				}
			},
			"d0": {
				"run_command": {
					"command": [
						"structure load table_0_d0_a ~1 ~ ~",
						"structure load table_0_d0_b ~ ~ ~-1"
					]
				}
			},
			"d1": {
				"run_command": {
					"command": [
						"structure load table_0_d1_a ~-2 ~ ~",
						"structure load table_0_d1_b ~-2 ~ ~1"
					]
				}
			},
			"d2": {
				"run_command": {
					"command": [
						"structure load table_0_d2_a ~ ~ ~-2",
						"structure load table_0_d2_b ~-1 ~ ~-2"
					]
				}
			},
			"d3": {
				"run_command": {
					"command": [
						"structure load table_0_d3_a ~ ~ ~1",
						"structure load table_0_d3_b ~1 ~ ~"
					]
				}
			}
		}
	}
}