{
	"format_version": "1.12.0",
	"minecraft:geometry": [
		{
			"description": {
				"identifier": "geometry.bookshelf_open",
				"texture_width": 128,
				"texture_height": 128,
				"visible_bounds_width": 3,
				"visible_bounds_height": 3.5,
				"visible_bounds_offset": [0, 1.25, 0]
			},
			"bones": [
				{
					"name": "bone",
					"pivot": [0, 0, 0],
					"cubes": [
						{
							"origin": [-8, 1, -4],
							"size": [16, 1, 12],
							"uv": {
								"north": {"uv": [66, 54], "uv_size": [16, 1]},
								"east": {"uv": [71, 17], "uv_size": [12, 1]},
								"south": {"uv": [66, 55], "uv_size": [16, 1]},
								"west": {"uv": [71, 18], "uv_size": [12, 1]},
								"up": {"uv": [36, 29], "uv_size": [16, 12]},
								"down": {"uv": [40, 12], "uv_size": [16, -12]}
							}
						},
						{
							"origin": [-7, 13, -4],
							"size": [14, 1, 11],
							"uv": {
								"north": {"uv": [71, 11], "uv_size": [14, 1]},
								"east": {"uv": [71, 68], "uv_size": [11, 1]},
								"south": {"uv": [71, 12], "uv_size": [14, 1]},
								"west": {"uv": [71, 69], "uv_size": [11, 1]},
								"up": {"uv": [52, 24], "uv_size": [14, 11]},
								"down": {"uv": [52, 46], "uv_size": [14, -11]}
							}
						},
						{
							"origin": [-7, 22, -3],
							"size": [14, 1, 10],
							"uv": {
								"north": {"uv": [71, 13], "uv_size": [14, 1]},
								"east": {"uv": [8, 72], "uv_size": [10, 1]},
								"south": {"uv": [71, 14], "uv_size": [14, 1]},
								"west": {"uv": [72, 42], "uv_size": [10, 1]},
								"up": {"uv": [52, 46], "uv_size": [14, 10]},
								"down": {"uv": [36, 63], "uv_size": [14, -10]}
							}
						},
						{
							"origin": [-8, 31, -4],
							"size": [16, 1, 12],
							"uv": {
								"north": {"uv": [8, 71], "uv_size": [16, 1]},
								"east": {"uv": [71, 19], "uv_size": [12, 1]},
								"south": {"uv": [71, 10], "uv_size": [16, 1]},
								"west": {"uv": [71, 20], "uv_size": [12, 1]},
								"up": {"uv": [40, 12], "uv_size": [16, 12]},
								"down": {"uv": [36, 53], "uv_size": [16, -12]}
							}
						},
						{
							"origin": [-8, 2, -4],
							"size": [1, 29, 12],
							"uv": {
								"north": {"uv": [42, 70], "uv_size": [1, 29]},
								"east": {"uv": [28, 0], "uv_size": [12, 29]},
								"south": {"uv": [43, 70], "uv_size": [1, 29]},
								"west": {"uv": [0, 29], "uv_size": [12, 29]},
								"up": {"uv": [24, 71], "uv_size": [1, 12]},
								"down": {"uv": [25, 83], "uv_size": [1, -12]}
							}
						},
						{
							"origin": [7, 2, -4],
							"size": [1, 29, 12],
							"uv": {
								"north": {"uv": [44, 70], "uv_size": [1, 29]},
								"east": {"uv": [12, 29], "uv_size": [12, 29]},
								"south": {"uv": [45, 70], "uv_size": [1, 29]},
								"west": {"uv": [24, 29], "uv_size": [12, 29]},
								"up": {"uv": [26, 71], "uv_size": [1, 12]},
								"down": {"uv": [27, 83], "uv_size": [1, -12]}
							}
						},
						{
							"origin": [-0.5, 2, -4],
							"size": [1, 11, 1],
							"uv": {
								"north": {"uv": [3, 72], "uv_size": [1, 11]},
								"east": {"uv": [4, 72], "uv_size": [1, 11]},
								"south": {"uv": [5, 72], "uv_size": [1, 11]},
								"west": {"uv": [6, 72], "uv_size": [1, 11]},
								"up": {"uv": [65, 21], "uv_size": [1, 1]},
								"down": {"uv": [65, 23], "uv_size": [1, -1]}
							}
						},
						{
							"origin": [-8, 0, -4],
							"size": [2, 1, 2],
							"uv": {
								"north": {"uv": [48, 28], "uv_size": [2, 1]},
								"east": {"uv": [50, 28], "uv_size": [2, 1]},
								"south": {"uv": [50, 55], "uv_size": [2, 1]},
								"west": {"uv": [34, 60], "uv_size": [2, 1]},
								"up": {"uv": [48, 24], "uv_size": [2, 2]},
								"down": {"uv": [48, 28], "uv_size": [2, -2]}
							}
						},
						{
							"origin": [-8, 0, 6],
							"size": [2, 1, 2],
							"uv": {
								"north": {"uv": [63, 22], "uv_size": [2, 1]},
								"east": {"uv": [63, 23], "uv_size": [2, 1]},
								"south": {"uv": [47, 67], "uv_size": [2, 1]},
								"west": {"uv": [61, 68], "uv_size": [2, 1]},
								"up": {"uv": [50, 53], "uv_size": [2, 2]},
								"down": {"uv": [32, 60], "uv_size": [2, -2]}
							}
						},
						{
							"origin": [6, 0, 6],
							"size": [2, 1, 2],
							"uv": {
								"north": {"uv": [28, 69], "uv_size": [2, 1]},
								"east": {"uv": [30, 69], "uv_size": [2, 1]},
								"south": {"uv": [61, 69], "uv_size": [2, 1]},
								"west": {"uv": [20, 76], "uv_size": [2, 1]},
								"up": {"uv": [34, 58], "uv_size": [2, 2]},
								"down": {"uv": [32, 62], "uv_size": [2, -2]}
							}
						},
						{
							"origin": [-7, 2, 7],
							"size": [14, 29, 1],
							"uv": {
								"north": {"uv": [0, 0], "uv_size": [14, 29]},
								"east": {"uv": [46, 70], "uv_size": [1, 29]},
								"south": {"uv": [14, 0], "uv_size": [14, 29]},
								"west": {"uv": [7, 71], "uv_size": [1, 29]},
								"up": {"uv": [71, 15], "uv_size": [14, 1]},
								"down": {"uv": [71, 17], "uv_size": [14, -1]}
							}
						},
						{
							"origin": [6, 0, -4],
							"size": [2, 1, 2],
							"uv": {
								"north": {"uv": [34, 61], "uv_size": [2, 1]},
								"east": {"uv": [32, 62], "uv_size": [2, 1]},
								"south": {"uv": [34, 62], "uv_size": [2, 1]},
								"west": {"uv": [63, 21], "uv_size": [2, 1]},
								"up": {"uv": [50, 24], "uv_size": [2, 2]},
								"down": {"uv": [50, 28], "uv_size": [2, -2]}
							}
						}
					]
				},
				{
					"name": "doorLeft",
					"parent": "bone",
					"pivot": [-8, 7, -3.2],
					"rotation": [-180, 82.5, 180],
					"cubes": [
						{
							"origin": [-7.25, 1.75, -3.45],
							"size": [7, 11.5, 1],
							"uv": {
								"north": {"uv": [50, 56], "uv_size": [7, 12]},
								"east": {"uv": [1, 72], "uv_size": [1, 12]},
								"south": {"uv": [57, 56], "uv_size": [7, 12]},
								"west": {"uv": [2, 72], "uv_size": [1, 12]},
								"up": {"uv": [73, 22], "uv_size": [7, 1]},
								"down": {"uv": [73, 24], "uv_size": [7, -1]}
							}
						},
						{
							"origin": [-2, 6.75, -3.7],
							"size": [1, 3.5, 1],
							"uv": {
								"north": {"uv": [47, 63], "uv_size": [1, 4]},
								"east": {"uv": [48, 63], "uv_size": [1, 4]},
								"south": {"uv": [49, 63], "uv_size": [1, 4]},
								"west": {"uv": [28, 65], "uv_size": [1, 4]},
								"up": {"uv": [65, 23], "uv_size": [1, 1]},
								"down": {"uv": [49, 68], "uv_size": [1, -1]}
							}
						}
					]
				},
				{
					"name": "doorRight",
					"parent": "bone",
					"pivot": [7.75, 9, -4],
					"rotation": [-180, -77.5, 180],
					"cubes": [
						{
							"origin": [1, 1.75, -4.25],
							"size": [7, 11.5, 1],
							"uv": {
								"north": {"uv": [56, 0], "uv_size": [7, 12]},
								"east": {"uv": [71, 56], "uv_size": [1, 12]},
								"south": {"uv": [56, 12], "uv_size": [7, 12]},
								"west": {"uv": [0, 72], "uv_size": [1, 12]},
								"up": {"uv": [16, 73], "uv_size": [7, 1]},
								"down": {"uv": [73, 22], "uv_size": [7, -1]}
							}
						},
						{
							"origin": [1.75, 6.75, -4.5],
							"size": [1, 3.5, 1],
							"uv": {
								"north": {"uv": [29, 65], "uv_size": [1, 4]},
								"east": {"uv": [30, 65], "uv_size": [1, 4]},
								"south": {"uv": [31, 65], "uv_size": [1, 4]},
								"west": {"uv": [23, 73], "uv_size": [1, 4]},
								"up": {"uv": [63, 68], "uv_size": [1, 1]},
								"down": {"uv": [63, 70], "uv_size": [1, -1]}
							}
						}
					]
				},
				{
					"name": "bone4",
					"parent": "bone",
					"pivot": [0, 13.5, 21]
				},
				{
					"name": "bone2",
					"parent": "bone4",
					"pivot": [0, 13.5, 21],
					"cubes": [
						{
							"origin": [-1, 14.5, -2],
							"size": [7, 1, 6],
							"uv": {
								"north": {"uv": [73, 24], "uv_size": [7, 1]},
								"east": {"uv": [18, 72], "uv_size": [6, 1]},
								"south": {"uv": [73, 25], "uv_size": [7, 1]},
								"west": {"uv": [75, 72], "uv_size": [6, 1]},
								"up": {"uv": [7, 65], "uv_size": [7, 6]},
								"down": {"uv": [14, 71], "uv_size": [7, -6]}
							}
						},
						{
							"origin": [-1.25, 14.5, 4],
							"size": [7.5, 1, 0.25],
							"uv": {
								"north": {"uv": [72, 47], "uv_size": [8, 1]},
								"east": {"uv": [22, 74], "uv_size": [1, 1]},
								"south": {"uv": [72, 48], "uv_size": [8, 1]},
								"west": {"uv": [22, 75], "uv_size": [1, 1]},
								"up": {"uv": [72, 49], "uv_size": [8, 1]},
								"down": {"uv": [72, 51], "uv_size": [8, -1]}
							}
						},
						{
							"origin": [-1.25, 15.5, -2.25],
							"size": [7.5, 0.25, 6.5],
							"uv": {
								"north": {"uv": [72, 43], "uv_size": [8, 1]},
								"east": {"uv": [73, 26], "uv_size": [7, 1]},
								"south": {"uv": [72, 44], "uv_size": [8, 1]},
								"west": {"uv": [47, 73], "uv_size": [7, 1]},
								"up": {"uv": [0, 58], "uv_size": [8, 7]},
								"down": {"uv": [8, 65], "uv_size": [8, -7]}
							}
						},
						{
							"origin": [-1.25, 14.25, -2.25],
							"size": [7.5, 0.25, 6.5],
							"uv": {
								"north": {"uv": [72, 45], "uv_size": [8, 1]},
								"east": {"uv": [54, 73], "uv_size": [7, 1]},
								"south": {"uv": [72, 46], "uv_size": [8, 1]},
								"west": {"uv": [8, 74], "uv_size": [7, 1]},
								"up": {"uv": [16, 58], "uv_size": [8, 7]},
								"down": {"uv": [24, 65], "uv_size": [8, -7]}
							}
						}
					]
				},
				{
					"name": "bone5",
					"parent": "bone4",
					"pivot": [-3.5, 16.5, 1.78125],
					"rotation": [0, -30, -32.5],
					"cubes": [
						{
							"origin": [-7, 16, -2],
							"size": [7, 1, 6],
							"uv": {
								"north": {"uv": [74, 28], "uv_size": [7, 1]},
								"east": {"uv": [75, 73], "uv_size": [6, 1]},
								"south": {"uv": [74, 29], "uv_size": [7, 1]},
								"west": {"uv": [75, 74], "uv_size": [6, 1]},
								"up": {"uv": [21, 65], "uv_size": [7, 6]},
								"down": {"uv": [66, 27], "uv_size": [7, -6]}
							}
						},
						{
							"origin": [-7.25, 16, 4],
							"size": [7.5, 1, 0.25],
							"uv": {
								"north": {"uv": [72, 61], "uv_size": [8, 1]},
								"east": {"uv": [41, 76], "uv_size": [1, 1]},
								"south": {"uv": [72, 62], "uv_size": [8, 1]},
								"west": {"uv": [77, 7], "uv_size": [1, 1]},
								"up": {"uv": [72, 63], "uv_size": [8, 1]},
								"down": {"uv": [72, 65], "uv_size": [8, -1]}
							}
						},
						{
							"origin": [-7.25, 17, -2.25],
							"size": [7.5, 0.25, 6.5],
							"uv": {
								"north": {"uv": [72, 65], "uv_size": [8, 1]},
								"east": {"uv": [74, 30], "uv_size": [7, 1]},
								"south": {"uv": [72, 66], "uv_size": [8, 1]},
								"west": {"uv": [74, 31], "uv_size": [7, 1]},
								"up": {"uv": [63, 0], "uv_size": [8, 7]},
								"down": {"uv": [63, 14], "uv_size": [8, -7]}
							}
						},
						{
							"origin": [-7.25, 15.75, -2.25],
							"size": [7.5, 0.25, 6.5],
							"uv": {
								"north": {"uv": [72, 67], "uv_size": [8, 1]},
								"east": {"uv": [74, 32], "uv_size": [7, 1]},
								"south": {"uv": [8, 73], "uv_size": [8, 1]},
								"west": {"uv": [74, 33], "uv_size": [7, 1]},
								"up": {"uv": [63, 14], "uv_size": [8, 7]},
								"down": {"uv": [32, 70], "uv_size": [8, -7]}
							}
						}
					]
				},
				{
					"name": "bone3",
					"parent": "bone4",
					"pivot": [2.5, 16.5, 2.34375],
					"rotation": [0, -17.5, 0],
					"cubes": [
						{
							"origin": [-1, 16, -0.5],
							"size": [7, 1, 4.5],
							"uv": {
								"north": {"uv": [15, 74], "uv_size": [7, 1]},
								"east": {"uv": [53, 76], "uv_size": [5, 1]},
								"south": {"uv": [74, 27], "uv_size": [7, 1]},
								"west": {"uv": [58, 76], "uv_size": [5, 1]},
								"up": {"uv": [47, 68], "uv_size": [7, 5]},
								"down": {"uv": [54, 73], "uv_size": [7, -5]}
							}
						},
						{
							"origin": [-1.25, 16, 4],
							"size": [7.5, 1, 0.25],
							"uv": {
								"north": {"uv": [72, 51], "uv_size": [8, 1]},
								"east": {"uv": [22, 76], "uv_size": [1, 1]},
								"south": {"uv": [72, 52], "uv_size": [8, 1]},
								"west": {"uv": [40, 76], "uv_size": [1, 1]},
								"up": {"uv": [72, 53], "uv_size": [8, 1]},
								"down": {"uv": [72, 57], "uv_size": [8, -1]}
							}
						},
						{
							"origin": [-1.25, 17, -0.75],
							"size": [7.5, 0.25, 5],
							"uv": {
								"north": {"uv": [72, 57], "uv_size": [8, 1]},
								"east": {"uv": [63, 76], "uv_size": [5, 1]},
								"south": {"uv": [72, 58], "uv_size": [8, 1]},
								"west": {"uv": [68, 76], "uv_size": [5, 1]},
								"up": {"uv": [40, 24], "uv_size": [8, 5]},
								"down": {"uv": [66, 32], "uv_size": [8, -5]}
							}
						},
						{
							"origin": [-1.25, 15.75, -0.75],
							"size": [7.5, 0.25, 5],
							"uv": {
								"north": {"uv": [72, 59], "uv_size": [8, 1]},
								"east": {"uv": [73, 76], "uv_size": [5, 1]},
								"south": {"uv": [72, 60], "uv_size": [8, 1]},
								"west": {"uv": [77, 0], "uv_size": [5, 1]},
								"up": {"uv": [66, 32], "uv_size": [8, 5]},
								"down": {"uv": [66, 42], "uv_size": [8, -5]}
							}
						}
					]
				},
				{
					"name": "bone6",
					"parent": "bone",
					"pivot": [0, 0, 0]
				},
				{
					"name": "bone7",
					"parent": "bone6",
					"pivot": [-6.25, 26.75, 2.53125],
					"rotation": [180, 0, -90],
					"cubes": [
						{
							"origin": [-9.75, 26.25, -1.25],
							"size": [6, 1, 6],
							"uv": {
								"north": {"uv": [75, 75], "uv_size": [6, 1]},
								"east": {"uv": [8, 76], "uv_size": [6, 1]},
								"south": {"uv": [14, 76], "uv_size": [6, 1]},
								"west": {"uv": [28, 76], "uv_size": [6, 1]},
								"up": {"uv": [66, 42], "uv_size": [6, 6]},
								"down": {"uv": [66, 54], "uv_size": [6, -6]}
							}
						},
						{
							"origin": [-10, 26.25, 4.75],
							"size": [6.5, 1, 0.25],
							"uv": {
								"north": {"uv": [74, 34], "uv_size": [7, 1]},
								"east": {"uv": [8, 77], "uv_size": [1, 1]},
								"south": {"uv": [74, 35], "uv_size": [7, 1]},
								"west": {"uv": [77, 8], "uv_size": [1, 1]},
								"up": {"uv": [74, 36], "uv_size": [7, 1]},
								"down": {"uv": [74, 38], "uv_size": [7, -1]}
							}
						},
						{
							"origin": [-10, 27.25, -1.5],
							"size": [6.5, 0.25, 6.5],
							"uv": {
								"north": {"uv": [74, 38], "uv_size": [7, 1]},
								"east": {"uv": [74, 39], "uv_size": [7, 1]},
								"south": {"uv": [74, 40], "uv_size": [7, 1]},
								"west": {"uv": [74, 41], "uv_size": [7, 1]},
								"up": {"uv": [40, 63], "uv_size": [7, 7]},
								"down": {"uv": [64, 63], "uv_size": [7, -7]}
							}
						},
						{
							"origin": [-10, 26, -1.5],
							"size": [6.5, 0.25, 6.5],
							"uv": {
								"north": {"uv": [47, 74], "uv_size": [7, 1]},
								"east": {"uv": [54, 74], "uv_size": [7, 1]},
								"south": {"uv": [8, 75], "uv_size": [7, 1]},
								"west": {"uv": [15, 75], "uv_size": [7, 1]},
								"up": {"uv": [64, 63], "uv_size": [7, 7]},
								"down": {"uv": [0, 72], "uv_size": [7, -7]}
							}
						}
					]
				},
				{
					"name": "bone8",
					"parent": "bone6",
					"pivot": [-4, 26, 2.5],
					"rotation": [180, 0, -102.5],
					"cubes": [
						{
							"origin": [-7, 25.5, -0.5],
							"size": [6, 1, 4.75],
							"uv": {
								"north": {"uv": [34, 76], "uv_size": [6, 1]},
								"east": {"uv": [77, 1], "uv_size": [5, 1]},
								"south": {"uv": [47, 76], "uv_size": [6, 1]},
								"west": {"uv": [77, 2], "uv_size": [5, 1]},
								"up": {"uv": [71, 0], "uv_size": [6, 5]},
								"down": {"uv": [71, 10], "uv_size": [6, -5]}
							}
						},
						{
							"origin": [-7.25, 25.5, 4.25],
							"size": [6.5, 1, 0.25],
							"uv": {
								"north": {"uv": [28, 75], "uv_size": [7, 1]},
								"east": {"uv": [9, 77], "uv_size": [1, 1]},
								"south": {"uv": [35, 75], "uv_size": [7, 1]},
								"west": {"uv": [77, 9], "uv_size": [1, 1]},
								"up": {"uv": [47, 75], "uv_size": [7, 1]},
								"down": {"uv": [54, 76], "uv_size": [7, -1]}
							}
						},
						{
							"origin": [-7.25, 26.5, -0.75],
							"size": [6.5, 0.25, 5.25],
							"uv": {
								"north": {"uv": [61, 75], "uv_size": [7, 1]},
								"east": {"uv": [77, 3], "uv_size": [5, 1]},
								"south": {"uv": [68, 75], "uv_size": [7, 1]},
								"west": {"uv": [77, 4], "uv_size": [5, 1]},
								"up": {"uv": [28, 70], "uv_size": [7, 5]},
								"down": {"uv": [35, 75], "uv_size": [7, -5]}
							}
						},
						{
							"origin": [-7.25, 25.25, -0.75],
							"size": [6.5, 0.25, 5.25],
							"uv": {
								"north": {"uv": [75, 70], "uv_size": [7, 1]},
								"east": {"uv": [77, 5], "uv_size": [5, 1]},
								"south": {"uv": [75, 71], "uv_size": [7, 1]},
								"west": {"uv": [77, 6], "uv_size": [5, 1]},
								"up": {"uv": [61, 70], "uv_size": [7, 5]},
								"down": {"uv": [68, 75], "uv_size": [7, -5]}
							}
						}
					]
				}
			]
		}
	]
}