{
	"format_version": "1.12.0",
	"minecraft:geometry": [
		{
			"description": {
				"identifier": "geometry.kitchen_cabinet_open",
				"texture_width": 128,
				"texture_height": 128,
				"visible_bounds_width": 3,
				"visible_bounds_height": 2.5,
				"visible_bounds_offset": [0, 0.75, 0]
			},
			"bones": [
				{
					"name": "bb_main",
					"pivot": [0, 0, 0],
					"cubes": [
						{"origin": [-8, 0, -8], "size": [1, 16, 16], "uv": [44, 1]},
						{"origin": [7, 0, -8], "size": [1, 16, 16], "uv": [42, 34]},
						{"origin": [-7, 0, -8], "size": [14, 1, 16], "uv": [0, 17]},
						{"origin": [-7, 7, -8], "size": [14, 1, 15], "uv": [0, 34]},
						{"origin": [-7, 15, -8], "size": [14, 1, 16], "uv": [0, 0]},
						{"origin": [-7, 1, 7], "size": [14, 14, 1], "uv": [60, 33]}
					]
				},
				{
					"name": "bone",
					"pivot": [0, 0, 0]
				},
				{
					"name": "door",
					"parent": "bone",
					"pivot": [-7.4, 7, -8],
					"rotation": [0, 90, 0],
					"cubes": [
						{"origin": [5.5, 3, -8.75], "size": [1, 5, 1], "uv": [0, 0]},
						{"origin": [-7.5, 0.5, -8.5], "size": [15, 15, 1], "uv": [0, 50]}
					]
				}
			]
		}
	]
}