{
	"format_version": [
		1,
		1,
		0
	],
	"bony:small_lamp_0": {
		"sound": "glass"
	},
	"bony:small_lamp_1": {
		"sound": "glass"
	},
	"bony:plushie_panda": {
		"sound": "cloth"
	},
	"bony:plushie_elephant": {
		"sound": "cloth"
	},
	"bony:plushie_deer": {
		"sound": "cloth"
	},
	"bony:plushie_squirrel": {
		"sound": "cloth"
	},
	"bony:plushie_raccoon": {
		"sound": "cloth"
	},
	"bony:plushie_mouse": {
		"sound": "cloth"
	},
	"bony:plushie_cat": {
		"sound": "cloth"
	},
	"bony:plushie_fox": {
		"sound": "cloth"
	},
	"bony:plushie_dog": {
		"sound": "cloth"
	},
	"bony:plushie_bunny": {
		"sound": "cloth"
	},
	"bony:plushie_bear": {
		"sound": "cloth"
	},
	"bony:bottle_0": {
		"sound": "glass"
	},
	"bony:chair_1": {
		"sound": "wood"
	},
	"bony:chair_2": {
		"sound": "wood"
	},
	"bony:shelf_0": {
		"sound": "wood"
	},
	"bony:stove_1": {
		"sound": "metal"
	},
	"bony:gravestone_0": {
		"sound": "nether_brick"
	},
	"bony:gravestone_1": {
		"sound": "nether_brick"
	},
	"bony:gravestone_2": {
		"sound": "nether_brick"
	},
	"bony:gravestone_3": {
		"sound": "nether_brick"
	},
	"bony:gravestone_4": {
		"sound": "nether_brick"
	},
	"bony:gravestone_5": {
		"sound": "nether_brick"
	},
	"bony:drawer_0": {
		"sound": "wood"
	},
	"bony:sand_castle_0": {
		"sound": "grass"
	},
	"bony:dog_house_0": {
		"sound": "wood"
	},
	"bony:table_0_a": {
		"sound": "glass"
	},
	"bony:table_0_b": {
		"sound": "glass"
	},
	"bony:table_0_c": {
		"sound": "glass"
	},
	"bony:table_0_d": {
		"sound": "glass"
	},
	"bony:table_0_e": {
		"sound": "glass"
	},
	"bony:table_0_f": {
		"sound": "glass"
	}
}