{
	"format_version": "1.12.0",
	"minecraft:geometry": [
		{
			"description": {
				"identifier": "geometry.bottle_0",
				"texture_width": 256,
				"texture_height": 256,
				"visible_bounds_width": 2,
				"visible_bounds_height": 1.5,
				"visible_bounds_offset": [0, 0.25, 0]
			},
			"bones": [
				{
					"name": "bone",
					"pivot": [0, 0, 0]
				},
				{
					"name": "bone12",
					"parent": "bone",
					"pivot": [-18.5, -1, 0],
					"cubes": [
						{
							"origin": [-1.5, 0, -2],
							"size": [3, 5, 3],
							"uv": {
								"north": {"uv": [49, 26], "uv_size": [3, 5]},
								"east": {"uv": [46, 26], "uv_size": [3, 5]},
								"south": {"uv": [55, 26], "uv_size": [3, 5]},
								"west": {"uv": [52, 26], "uv_size": [3, 5]},
								"up": {"uv": [49, 23], "uv_size": [3, 3]},
								"down": {"uv": [52, 26], "uv_size": [3, -3]}
							}
						},
						{
							"origin": [-0.5, 5.5, -1],
							"size": [1, 2.5, 1],
							"uv": {
								"north": {"uv": [28, 17], "uv_size": [1, 2]},
								"east": {"uv": [27, 17], "uv_size": [1, 2]},
								"south": {"uv": [30, 17], "uv_size": [1, 2]},
								"west": {"uv": [29, 17], "uv_size": [1, 2]},
								"up": {"uv": [28, 16], "uv_size": [1, 1]},
								"down": {"uv": [29, 17], "uv_size": [1, -1]}
							}
						},
						{
							"origin": [-1.25, 4.5, -1.75],
							"size": [2.5, 1, 2.5],
							"uv": {
								"north": {"uv": [24, 25], "uv_size": [2, 1]},
								"east": {"uv": [22, 25], "uv_size": [2, 1]},
								"south": {"uv": [28, 25], "uv_size": [2, 1]},
								"west": {"uv": [26, 25], "uv_size": [2, 1]},
								"up": {"uv": [24, 23], "uv_size": [2, 2]},
								"down": {"uv": [26, 25], "uv_size": [2, -2]}
							}
						},
						{
							"origin": [-0.75, 4.75, -1.25],
							"size": [1.5, 1, 1.5],
							"uv": {
								"north": {"uv": [7, 1], "uv_size": [1, 1]},
								"east": {"uv": [6, 1], "uv_size": [1, 1]},
								"south": {"uv": [9, 1], "uv_size": [1, 1]},
								"west": {"uv": [8, 1], "uv_size": [1, 1]},
								"up": {"uv": [7, 0], "uv_size": [1, 1]},
								"down": {"uv": [8, 1], "uv_size": [1, -1]}
							}
						}
					]
				}
			]
		}
	]
}