{
	"format_version": "1.12.0",
	"minecraft:geometry": [
		{
			"description": {
				"identifier": "geometry.picnic_basket_0",
				"texture_width": 256,
				"texture_height": 256,
				"visible_bounds_width": 2,
				"visible_bounds_height": 2.5,
				"visible_bounds_offset": [0, 0.75, 0]
			},
			"bones": [
				{
					"name": "bone",
					"pivot": [0, 0, 0]
				},
				{
					"name": "bone2",
					"parent": "bone",
					"pivot": [0, -1, 0],
					"rotation": [0, -90, 0],
					"cubes": [
						{
							"origin": [-7, 0, -5],
							"size": [14, 1, 10],
							"uv": {
								"north": {"uv": [10, 10], "uv_size": [14, 1]},
								"east": {"uv": [0, 10], "uv_size": [10, 1]},
								"south": {"uv": [34, 10], "uv_size": [14, 1]},
								"west": {"uv": [24, 10], "uv_size": [10, 1]},
								"up": {"uv": [10, 0], "uv_size": [14, 10]},
								"down": {"uv": [24, 10], "uv_size": [14, -10]}
							}
						},
						{
							"origin": [0, 5.5, -5],
							"size": [6, 1, 10],
							"uv": {
								"north": {"uv": [32, 22], "uv_size": [6, 1]},
								"east": {"uv": [22, 22], "uv_size": [10, 1]},
								"south": {"uv": [48, 22], "uv_size": [6, 1]},
								"west": {"uv": [38, 22], "uv_size": [10, 1]},
								"up": {"uv": [32, 12], "uv_size": [6, 10]},
								"down": {"uv": [38, 22], "uv_size": [6, -10]}
							}
						},
						{
							"origin": [-8.22313, 5.108, -5],
							"size": [6, 1, 10],
							"pivot": [0, 0, 0],
							"rotation": [0, 0, 20],
							"uv": {
								"north": {"uv": [10, 32], "uv_size": [6, 1]},
								"east": {"uv": [0, 32], "uv_size": [10, 1]},
								"south": {"uv": [26, 32], "uv_size": [6, 1]},
								"west": {"uv": [16, 32], "uv_size": [10, 1]},
								"up": {"uv": [10, 22], "uv_size": [6, 10]},
								"down": {"uv": [16, 32], "uv_size": [6, -10]}
							}
						},
						{
							"origin": [6, 5.5, -4.75],
							"size": [1, 1, 9.5],
							"uv": {
								"north": {"uv": [52, 51], "uv_size": [1, 1]},
								"east": {"uv": [43, 51], "uv_size": [9, 1]},
								"south": {"uv": [62, 51], "uv_size": [1, 1]},
								"west": {"uv": [53, 51], "uv_size": [9, 1]},
								"up": {"uv": [52, 42], "uv_size": [1, 9]},
								"down": {"uv": [53, 51], "uv_size": [1, -9]}
							}
						},
						{
							"origin": [-9.22313, 5.108, -4.5],
							"size": [1, 1, 9.5],
							"pivot": [0, 0, 0],
							"rotation": [0, 0, 20],
							"uv": {
								"north": {"uv": [47, 9], "uv_size": [1, 1]},
								"east": {"uv": [38, 9], "uv_size": [9, 1]},
								"south": {"uv": [57, 9], "uv_size": [1, 1]},
								"west": {"uv": [48, 9], "uv_size": [9, 1]},
								"up": {"uv": [47, 0], "uv_size": [1, 9]},
								"down": {"uv": [48, 9], "uv_size": [1, -9]}
							}
						},
						{
							"origin": [-7.5, 1, -5],
							"size": [1, 5, 10],
							"uv": {
								"north": {"uv": [10, 43], "uv_size": [1, 5]},
								"east": {"uv": [0, 43], "uv_size": [10, 5]},
								"south": {"uv": [21, 43], "uv_size": [1, 5]},
								"west": {"uv": [11, 43], "uv_size": [10, 5]},
								"up": {"uv": [10, 33], "uv_size": [1, 10]},
								"down": {"uv": [11, 43], "uv_size": [1, -10]}
							}
						},
						{
							"origin": [6.5, 1, -5],
							"size": [1, 5, 10],
							"uv": {
								"north": {"uv": [32, 33], "uv_size": [1, 5]},
								"east": {"uv": [22, 33], "uv_size": [10, 5]},
								"south": {"uv": [43, 33], "uv_size": [1, 5]},
								"west": {"uv": [33, 33], "uv_size": [10, 5]},
								"up": {"uv": [32, 23], "uv_size": [1, 10]},
								"down": {"uv": [33, 33], "uv_size": [1, -10]}
							}
						},
						{
							"origin": [-7, 1, 4.5],
							"size": [14, 5, 1],
							"uv": {
								"north": {"uv": [23, 46], "uv_size": [14, 5]},
								"east": {"uv": [22, 46], "uv_size": [1, 5]},
								"south": {"uv": [38, 46], "uv_size": [14, 5]},
								"west": {"uv": [37, 46], "uv_size": [1, 5]},
								"up": {"uv": [23, 45], "uv_size": [14, 1]},
								"down": {"uv": [37, 46], "uv_size": [14, -1]}
							}
						},
						{
							"origin": [-7, 1, -5.5],
							"size": [14, 5, 1],
							"uv": {
								"north": {"uv": [23, 40], "uv_size": [14, 5]},
								"east": {"uv": [22, 40], "uv_size": [1, 5]},
								"south": {"uv": [38, 40], "uv_size": [14, 5]},
								"west": {"uv": [37, 40], "uv_size": [1, 5]},
								"up": {"uv": [23, 39], "uv_size": [14, 1]},
								"down": {"uv": [37, 40], "uv_size": [14, -1]}
							}
						},
						{
							"origin": [-0.5, 5, 5],
							"size": [1, 5, 1],
							"uv": {
								"north": {"uv": [1, 27], "uv_size": [1, 5]},
								"east": {"uv": [0, 27], "uv_size": [1, 5]},
								"south": {"uv": [3, 27], "uv_size": [1, 5]},
								"west": {"uv": [2, 27], "uv_size": [1, 5]},
								"up": {"uv": [1, 26], "uv_size": [1, 1]},
								"down": {"uv": [2, 27], "uv_size": [1, -1]}
							}
						},
						{
							"origin": [-0.5, 5, -6],
							"size": [1, 5, 1],
							"uv": {
								"north": {"uv": [25, 12], "uv_size": [1, 5]},
								"east": {"uv": [24, 12], "uv_size": [1, 5]},
								"south": {"uv": [27, 12], "uv_size": [1, 5]},
								"west": {"uv": [26, 12], "uv_size": [1, 5]},
								"up": {"uv": [25, 11], "uv_size": [1, 1]},
								"down": {"uv": [26, 12], "uv_size": [1, -1]}
							}
						},
						{
							"origin": [-0.5, 9.5, -5.5],
							"size": [1, 1, 11],
							"uv": {
								"north": {"uv": [44, 38], "uv_size": [1, 1]},
								"east": {"uv": [33, 38], "uv_size": [11, 1]},
								"south": {"uv": [56, 38], "uv_size": [1, 1]},
								"west": {"uv": [45, 38], "uv_size": [11, 1]},
								"up": {"uv": [44, 27], "uv_size": [1, 11]},
								"down": {"uv": [45, 38], "uv_size": [1, -11]}
							}
						}
					]
				}
			]
		}
	]
}