{
	"format_version": "1.12.0",
	"minecraft:geometry": [
		{
			"description": {
				"identifier": "geometry.refrigerator_0_closed",
				"texture_width": 128,
				"texture_height": 128,
				"visible_bounds_width": 2,
				"visible_bounds_height": 3.5,
				"visible_bounds_offset": [0, 1.25, 0]
			},
			"bones": [
				{
					"name": "bone",
					"pivot": [0, 0, 0],
					"cubes": [
						{
							"origin": [-8, 29.5, -8],
							"size": [16, 2.5, 16],
							"uv": {
								"north": {"uv": [72.032, 20.032], "uv_size": [15.936, 2.468]},
								"east": {"uv": [72.032, 23.032], "uv_size": [15.936, 2.468]},
								"south": {"uv": [72.032, 26.032], "uv_size": [15.936, 2.468]},
								"west": {"uv": [72.032, 29.032], "uv_size": [15.936, 2.468]},
								"up": {"uv": [42.032, 27.032], "uv_size": [15.936, 15.936]},
								"down": {"uv": [42.032, 58.968], "uv_size": [15.936, -15.936]}
							}
						},
						{
							"origin": [-8, 0, -8],
							"size": [16, 3, 16],
							"uv": {
								"north": {"uv": [62.032, 11.032], "uv_size": [15.936, 2.936]},
								"east": {"uv": [70.032, 71.032], "uv_size": [15.936, 2.936]},
								"south": {"uv": [72.032, 14.032], "uv_size": [15.936, 2.936]},
								"west": {"uv": [72.032, 17.032], "uv_size": [15.936, 2.936]},
								"up": {"uv": [46.032, 0.032], "uv_size": [15.936, 15.936]},
								"down": {"uv": [0.032, 69.968], "uv_size": [15.936, -15.936]}
							}
						},
						{
							"origin": [-6.5, 26.75, -4],
							"size": [5, 2.75, 10],
							"uv": {
								"north": {"uv": [64.032, 85.032], "uv_size": [4.936, 2.936]},
								"east": {"uv": [75.032, 65.032], "uv_size": [9.936, 2.936]},
								"south": {"uv": [85.032, 67.032], "uv_size": [4.936, 2.936]},
								"west": {"uv": [75.032, 68.032], "uv_size": [9.936, 2.936]},
								"up": {"uv": [60.032, 71.032], "uv_size": [4.936, 9.936]},
								"down": {"uv": [65.032, 80.968], "uv_size": [4.936, -9.936]}
							}
						},
						{
							"origin": [-6.5, 17.5, -8],
							"size": [13, 1.75, 14],
							"uv": {
								"north": {"uv": [77.032, 32.032], "uv_size": [12.936, 1.936]},
								"east": {"uv": [76.032, 74.032], "uv_size": [13.936, 1.936]},
								"south": {"uv": [77.032, 34.032], "uv_size": [12.936, 1.936]},
								"west": {"uv": [76.032, 76.032], "uv_size": [13.936, 1.936]},
								"up": {"uv": [58.032, 32.032], "uv_size": [12.936, 13.936]},
								"down": {"uv": [58.032, 59.968], "uv_size": [12.936, -13.936]}
							}
						},
						{
							"origin": [-6.5, 23.25, -5],
							"size": [13, 0, 11],
							"uv": {
								"north": {"uv": [0.032, 0.032], "uv_size": [12.936, -0.132]},
								"east": {"uv": [0.032, 0.032], "uv_size": [10.936, -0.132]},
								"south": {"uv": [0.032, 0.032], "uv_size": [12.936, -0.132]},
								"west": {"uv": [0.032, 0.032], "uv_size": [10.936, -0.132]},
								"up": {"uv": [58.032, 60.032], "uv_size": [12.936, 10.936]},
								"down": {"uv": [62.032, 10.968], "uv_size": [12.936, -10.936]}
							}
						},
						{
							"origin": [-6.5, 13.25, -5],
							"size": [13, 0, 11],
							"uv": {
								"north": {"uv": [0.032, 0.032], "uv_size": [12.936, -0.132]},
								"east": {"uv": [0.032, 0.032], "uv_size": [10.936, -0.132]},
								"south": {"uv": [0.032, 0.032], "uv_size": [12.936, -0.132]},
								"west": {"uv": [0.032, 0.032], "uv_size": [10.936, -0.132]},
								"up": {"uv": [0.032, 70.032], "uv_size": [12.936, 10.936]},
								"down": {"uv": [13.032, 80.968], "uv_size": [12.936, -10.936]}
							}
						},
						{
							"origin": [-6.5, 8.25, -5],
							"size": [13, 0, 11],
							"uv": {
								"north": {"uv": [0.032, 0.032], "uv_size": [12.936, -0.132]},
								"east": {"uv": [0.032, 0.032], "uv_size": [10.936, -0.132]},
								"south": {"uv": [0.032, 0.032], "uv_size": [12.936, -0.132]},
								"west": {"uv": [0.032, 0.032], "uv_size": [10.936, -0.132]},
								"up": {"uv": [26.032, 70.032], "uv_size": [12.936, 10.936]},
								"down": {"uv": [39.032, 80.968], "uv_size": [12.936, -10.936]}
							}
						},
						{
							"origin": [-8, 3, 6],
							"size": [16, 26.5, 2],
							"uv": {
								"north": {"uv": [0.032, 0.032], "uv_size": [15.936, 26.468]},
								"east": {"uv": [71.032, 43.032], "uv_size": [1.936, 26.468]},
								"south": {"uv": [16.032, 0.032], "uv_size": [15.936, 26.468]},
								"west": {"uv": [58.032, 71.032], "uv_size": [1.936, 26.468]},
								"up": {"uv": [75.032, 8.032], "uv_size": [15.936, 1.936]},
								"down": {"uv": [75.032, 64.968], "uv_size": [15.936, -1.936]}
							}
						},
						{
							"origin": [-8, 3, -8],
							"size": [1.5, 26.5, 14],
							"uv": {
								"north": {"uv": [73.032, 43.032], "uv_size": [1.468, 26.468]},
								"east": {"uv": [0.032, 27.032], "uv_size": [13.936, 26.468]},
								"south": {"uv": [70.032, 74.032], "uv_size": [1.468, 26.468]},
								"west": {"uv": [14.032, 27.032], "uv_size": [13.936, 26.468]},
								"up": {"uv": [54.032, 81.032], "uv_size": [1.468, 13.936]},
								"down": {"uv": [56.032, 94.968], "uv_size": [1.468, -13.936]}
							}
						},
						{
							"origin": [6.5, 3, -8],
							"size": [1.5, 26.5, 14],
							"uv": {
								"north": {"uv": [72.032, 74.032], "uv_size": [1.468, 26.468]},
								"east": {"uv": [28.032, 27.032], "uv_size": [13.936, 26.468]},
								"south": {"uv": [74.032, 74.032], "uv_size": [1.468, 26.468]},
								"west": {"uv": [32.032, 0.032], "uv_size": [13.936, 26.468]},
								"up": {"uv": [60.032, 81.032], "uv_size": [1.468, 13.936]},
								"down": {"uv": [62.032, 94.968], "uv_size": [1.468, -13.936]}
							}
						}
					]
				},
				{
					"name": "bone4",
					"parent": "bone",
					"pivot": [7, 18, -8],
					"rotation": [0, -87.5, 0]
				},
				{
					"name": "bone2",
					"parent": "bone4",
					"pivot": [6.6, 23, -8.4],
					"rotation": [0, 87.5, 0],
					"cubes": [
						{
							"origin": [-7.4, 19, -8.4],
							"size": [14, 11, 1],
							"uv": {
								"north": {"uv": [30.032, 59.032], "uv_size": [13.936, 10.936]},
								"east": {"uv": [26.032, 85.032], "uv_size": [0.936, 10.936]},
								"south": {"uv": [44.032, 59.032], "uv_size": [13.936, 10.936]},
								"west": {"uv": [27.032, 85.032], "uv_size": [0.936, 10.936]},
								"up": {"uv": [86.032, 0.032], "uv_size": [13.936, 0.936]},
								"down": {"uv": [86.032, 1.968], "uv_size": [13.936, -0.936]}
							}
						},
						{
							"origin": [-6.4, 19.5, -7.4],
							"size": [12, 0.5, 2],
							"uv": {
								"north": {"uv": [86.032, 56.032], "uv_size": [11.936, 0.468]},
								"east": {"uv": [0.032, 90.032], "uv_size": [1.936, 0.468]},
								"south": {"uv": [86.032, 57.032], "uv_size": [11.936, 0.468]},
								"west": {"uv": [2.032, 90.032], "uv_size": [1.936, 0.468]},
								"up": {"uv": [77.032, 40.032], "uv_size": [11.936, 1.936]},
								"down": {"uv": [6.032, 82.968], "uv_size": [11.936, -1.936]}
							}
						},
						{
							"origin": [5.6, 15, -7.4],
							"size": [0, 0.5, 2],
							"uv": {
								"north": {"uv": [0.032, 0.032], "uv_size": [-0.132, 0.468]},
								"east": {"uv": [34.032, 90.032], "uv_size": [1.936, 0.468]},
								"south": {"uv": [0.032, 0.032], "uv_size": [-0.132, 0.468]},
								"west": {"uv": [90.032, 34.032], "uv_size": [1.936, 0.468]},
								"up": {"uv": [-0.1, 0.032], "uv_size": [0.132, 1.936]},
								"down": {"uv": [-0.1, 1.968], "uv_size": [0.132, -1.936]}
							}
						},
						{
							"origin": [-6.4, 20, -5.4],
							"size": [12, 1.25, 0],
							"uv": {
								"north": {"uv": [42.032, 83.032], "uv_size": [11.936, 1.468]},
								"east": {"uv": [0.032, 0.032], "uv_size": [-0.132, 1.468]},
								"south": {"uv": [84.032, 10.032], "uv_size": [11.936, 1.468]},
								"west": {"uv": [0.032, 0.032], "uv_size": [-0.132, 1.468]},
								"up": {"uv": [0.032, -0.1], "uv_size": [11.936, 0.132]},
								"down": {"uv": [0.032, -0.1], "uv_size": [11.936, 0.132]}
							}
						},
						{
							"origin": [-6.4, 25, -5.4],
							"size": [12, 1.25, 0],
							"uv": {
								"north": {"uv": [84.032, 12.032], "uv_size": [11.936, 1.468]},
								"east": {"uv": [0.032, 0.032], "uv_size": [-0.132, 1.468]},
								"south": {"uv": [76.032, 84.032], "uv_size": [11.936, 1.468]},
								"west": {"uv": [0.032, 0.032], "uv_size": [-0.132, 1.468]},
								"up": {"uv": [0.032, -0.1], "uv_size": [11.936, 0.132]},
								"down": {"uv": [0.032, -0.1], "uv_size": [11.936, 0.132]}
							}
						},
						{
							"origin": [-6.4, 24.5, -7.4],
							"size": [12, 0.5, 2],
							"uv": {
								"north": {"uv": [86.032, 58.032], "uv_size": [11.936, 0.468]},
								"east": {"uv": [6.032, 90.032], "uv_size": [1.936, 0.468]},
								"south": {"uv": [86.032, 59.032], "uv_size": [11.936, 0.468]},
								"west": {"uv": [8.032, 90.032], "uv_size": [1.936, 0.468]},
								"up": {"uv": [18.032, 81.032], "uv_size": [11.936, 1.936]},
								"down": {"uv": [30.032, 82.968], "uv_size": [11.936, -1.936]}
							}
						},
						{
							"origin": [-6.4, 20, -7.4],
							"size": [0, 1.25, 2],
							"uv": {
								"north": {"uv": [0.032, 0.032], "uv_size": [-0.132, 1.468]},
								"east": {"uv": [6.032, 88.032], "uv_size": [1.936, 1.468]},
								"south": {"uv": [0.032, 0.032], "uv_size": [-0.132, 1.468]},
								"west": {"uv": [8.032, 88.032], "uv_size": [1.936, 1.468]},
								"up": {"uv": [-0.1, 0.032], "uv_size": [0.132, 1.936]},
								"down": {"uv": [-0.1, 1.968], "uv_size": [0.132, -1.936]}
							}
						},
						{
							"origin": [5.6, 20, -7.4],
							"size": [0, 1.25, 2],
							"uv": {
								"north": {"uv": [0.032, 0.032], "uv_size": [-0.132, 1.468]},
								"east": {"uv": [32.032, 88.032], "uv_size": [1.936, 1.468]},
								"south": {"uv": [0.032, 0.032], "uv_size": [-0.132, 1.468]},
								"west": {"uv": [34.032, 88.032], "uv_size": [1.936, 1.468]},
								"up": {"uv": [-0.1, 0.032], "uv_size": [0.132, 1.936]},
								"down": {"uv": [-0.1, 1.968], "uv_size": [0.132, -1.936]}
							}
						},
						{
							"origin": [-6.4, 25, -7.4],
							"size": [0, 1.25, 2],
							"uv": {
								"north": {"uv": [0.032, 0.032], "uv_size": [-0.132, 1.468]},
								"east": {"uv": [30.032, 88.032], "uv_size": [1.936, 1.468]},
								"south": {"uv": [0.032, 0.032], "uv_size": [-0.132, 1.468]},
								"west": {"uv": [88.032, 30.032], "uv_size": [1.936, 1.468]},
								"up": {"uv": [-0.1, 0.032], "uv_size": [0.132, 1.936]},
								"down": {"uv": [-0.1, 1.968], "uv_size": [0.132, -1.936]}
							}
						},
						{
							"origin": [5.6, 25, -7.4],
							"size": [0, 1.25, 2],
							"uv": {
								"north": {"uv": [0.032, 0.032], "uv_size": [-0.132, 1.468]},
								"east": {"uv": [88.032, 26.032], "uv_size": [1.936, 1.468]},
								"south": {"uv": [0.032, 0.032], "uv_size": [-0.132, 1.468]},
								"west": {"uv": [88.032, 28.032], "uv_size": [1.936, 1.468]},
								"up": {"uv": [-0.1, 0.032], "uv_size": [0.132, 1.936]},
								"down": {"uv": [-0.1, 1.968], "uv_size": [0.132, -1.936]}
							}
						},
						{
							"origin": [-6.4, 20, -9.4],
							"size": [1, 4, 1],
							"uv": {
								"north": {"uv": [41.032, 54.032], "uv_size": [0.936, 3.936]},
								"east": {"uv": [20.032, 87.032], "uv_size": [0.936, 3.936]},
								"south": {"uv": [21.032, 87.032], "uv_size": [0.936, 3.936]},
								"west": {"uv": [22.032, 87.032], "uv_size": [0.936, 3.936]},
								"up": {"uv": [81.032, 89.032], "uv_size": [0.936, 0.936]},
								"down": {"uv": [82.032, 89.968], "uv_size": [0.936, -0.936]}
							}
						}
					]
				},
				{
					"name": "bone3",
					"parent": "bone4",
					"pivot": [6.7, 10, -8.5],
					"rotation": [0, 87.5, 0],
					"cubes": [
						{
							"origin": [-7.3, 2, -8.5],
							"size": [14, 16, 1],
							"uv": {
								"north": {"uv": [16.032, 54.032], "uv_size": [13.936, 15.936]},
								"east": {"uv": [24.032, 85.032], "uv_size": [0.936, 15.936]},
								"south": {"uv": [58.032, 16.032], "uv_size": [13.936, 15.936]},
								"west": {"uv": [25.032, 85.032], "uv_size": [0.936, 15.936]},
								"up": {"uv": [77.032, 42.032], "uv_size": [13.936, 0.936]},
								"down": {"uv": [85.032, 70.968], "uv_size": [13.936, -0.936]}
							}
						},
						{
							"origin": [-6.3, 12, -9.5],
							"size": [1, 5, 1],
							"uv": {
								"north": {"uv": [16.032, 87.032], "uv_size": [0.936, 4.936]},
								"east": {"uv": [17.032, 87.032], "uv_size": [0.936, 4.936]},
								"south": {"uv": [18.032, 87.032], "uv_size": [0.936, 4.936]},
								"west": {"uv": [19.032, 87.032], "uv_size": [0.936, 4.936]},
								"up": {"uv": [77.032, 10.032], "uv_size": [0.936, 0.936]},
								"down": {"uv": [89.032, 41.968], "uv_size": [0.936, -0.936]}
							}
						},
						{
							"origin": [-6.3, 16.13341, -0.02958],
							"size": [6, 2.15, 0],
							"pivot": [-0.3, 0, 0.5],
							"rotation": [20, 0, 0],
							"uv": {
								"north": {"uv": [62.032, 14.032], "uv_size": [5.936, 1.936]},
								"east": {"uv": [0.032, 0.032], "uv_size": [-0.132, 1.936]},
								"south": {"uv": [86.032, 2.032], "uv_size": [5.936, 1.936]},
								"west": {"uv": [0.032, 0.032], "uv_size": [-0.132, 1.936]},
								"up": {"uv": [0.032, -0.1], "uv_size": [5.936, 0.132]},
								"down": {"uv": [0.032, -0.1], "uv_size": [5.936, 0.132]}
							}
						},
						{
							"origin": [-6.3, 16.75, -7.5],
							"size": [6, 0.25, 1.25],
							"uv": {
								"north": {"uv": [78.032, 88.032], "uv_size": [5.936, 0.468]},
								"east": {"uv": [90.032, 41.032], "uv_size": [1.468, 0.468]},
								"south": {"uv": [88.032, 82.032], "uv_size": [5.936, 0.468]},
								"west": {"uv": [48.032, 90.032], "uv_size": [1.468, 0.468]},
								"up": {"uv": [86.032, 48.032], "uv_size": [5.936, 1.468]},
								"down": {"uv": [86.032, 51.5], "uv_size": [5.936, -1.468]}
							}
						},
						{
							"origin": [-6.3, 15, -7.5],
							"size": [0, 1.75, 2],
							"uv": {
								"north": {"uv": [0.032, 0.032], "uv_size": [-0.132, 1.936]},
								"east": {"uv": [68.032, 14.032], "uv_size": [1.936, 1.936]},
								"south": {"uv": [0.032, 0.032], "uv_size": [-0.132, 1.936]},
								"west": {"uv": [70.032, 14.032], "uv_size": [1.936, 1.936]},
								"up": {"uv": [-0.1, 0.032], "uv_size": [0.132, 1.936]},
								"down": {"uv": [-0.1, 1.968], "uv_size": [0.132, -1.936]}
							}
						},
						{
							"origin": [-6.3, 14.5, -7.5],
							"size": [6, 0.5, 2],
							"uv": {
								"north": {"uv": [36.032, 88.032], "uv_size": [5.936, 0.468]},
								"east": {"uv": [90.032, 31.032], "uv_size": [1.936, 0.468]},
								"south": {"uv": [42.032, 88.032], "uv_size": [5.936, 0.468]},
								"west": {"uv": [32.032, 90.032], "uv_size": [1.936, 0.468]},
								"up": {"uv": [86.032, 4.032], "uv_size": [5.936, 1.936]},
								"down": {"uv": [86.032, 7.968], "uv_size": [5.936, -1.936]}
							}
						},
						{
							"origin": [0.7, 15, -5.5],
							"size": [5, 0.5, 0],
							"uv": {
								"north": {"uv": [36.032, 89.032], "uv_size": [4.936, 0.468]},
								"east": {"uv": [0.032, 0.032], "uv_size": [-0.132, 0.468]},
								"south": {"uv": [89.032, 36.032], "uv_size": [4.936, 0.468]},
								"west": {"uv": [0.032, 0.032], "uv_size": [-0.132, 0.468]},
								"up": {"uv": [0.032, -0.1], "uv_size": [4.936, 0.132]},
								"down": {"uv": [0.032, -0.1], "uv_size": [4.936, 0.132]}
							}
						},
						{
							"origin": [0.7, 15, -7.5],
							"size": [0, 0.5, 2],
							"uv": {
								"north": {"uv": [0.032, 0.032], "uv_size": [-0.132, 0.468]},
								"east": {"uv": [90.032, 35.032], "uv_size": [1.936, 0.468]},
								"south": {"uv": [0.032, 0.032], "uv_size": [-0.132, 0.468]},
								"west": {"uv": [36.032, 90.032], "uv_size": [1.936, 0.468]},
								"up": {"uv": [-0.1, 0.032], "uv_size": [0.132, 1.936]},
								"down": {"uv": [-0.1, 1.968], "uv_size": [0.132, -1.936]}
							}
						},
						{
							"origin": [0.7, 14.5, -7.5],
							"size": [5, 0.5, 2],
							"uv": {
								"north": {"uv": [88.032, 85.032], "uv_size": [4.936, 0.468]},
								"east": {"uv": [30.032, 90.032], "uv_size": [1.936, 0.468]},
								"south": {"uv": [0.032, 89.032], "uv_size": [4.936, 0.468]},
								"west": {"uv": [90.032, 30.032], "uv_size": [1.936, 0.468]},
								"up": {"uv": [86.032, 44.032], "uv_size": [4.936, 1.936]},
								"down": {"uv": [86.032, 47.968], "uv_size": [4.936, -1.936]}
							}
						},
						{
							"origin": [-6.3, 11, -5.5],
							"size": [12, 0.75, 0],
							"uv": {
								"north": {"uv": [30.032, 58.032], "uv_size": [11.936, 0.936]},
								"east": {"uv": [0.032, 0.032], "uv_size": [-0.132, 0.936]},
								"south": {"uv": [86.032, 43.032], "uv_size": [11.936, 0.936]},
								"west": {"uv": [0.032, 0.032], "uv_size": [-0.132, 0.936]},
								"up": {"uv": [0.032, -0.1], "uv_size": [11.936, 0.132]},
								"down": {"uv": [0.032, -0.1], "uv_size": [11.936, 0.132]}
							}
						},
						{
							"origin": [-2.3, 11, -7.5],
							"size": [0, 0.75, 2],
							"uv": {
								"north": {"uv": [0.032, 0.032], "uv_size": [-0.132, 0.936]},
								"east": {"uv": [89.032, 40.032], "uv_size": [1.936, 0.936]},
								"south": {"uv": [0.032, 0.032], "uv_size": [-0.132, 0.936]},
								"west": {"uv": [41.032, 89.032], "uv_size": [1.936, 0.936]},
								"up": {"uv": [-0.1, 0.032], "uv_size": [0.132, 1.936]},
								"down": {"uv": [-0.1, 1.968], "uv_size": [0.132, -1.936]}
							}
						},
						{
							"origin": [-6.3, 10.5, -7.5],
							"size": [12, 0.5, 2],
							"uv": {
								"north": {"uv": [86.032, 72.032], "uv_size": [11.936, 0.468]},
								"east": {"uv": [38.032, 90.032], "uv_size": [1.936, 0.468]},
								"south": {"uv": [86.032, 73.032], "uv_size": [11.936, 0.468]},
								"west": {"uv": [40.032, 90.032], "uv_size": [1.936, 0.468]},
								"up": {"uv": [6.032, 83.032], "uv_size": [11.936, 1.936]},
								"down": {"uv": [18.032, 84.968], "uv_size": [11.936, -1.936]}
							}
						},
						{
							"origin": [-6.3, 11, -7.5],
							"size": [0, 0.75, 2],
							"uv": {
								"north": {"uv": [0.032, 0.032], "uv_size": [-0.132, 0.936]},
								"east": {"uv": [71.032, 70.032], "uv_size": [1.936, 0.936]},
								"south": {"uv": [0.032, 0.032], "uv_size": [-0.132, 0.936]},
								"west": {"uv": [73.032, 70.032], "uv_size": [1.936, 0.936]},
								"up": {"uv": [-0.1, 0.032], "uv_size": [0.132, 1.936]},
								"down": {"uv": [-0.1, 1.968], "uv_size": [0.132, -1.936]}
							}
						},
						{
							"origin": [1.7, 11, -7.5],
							"size": [0, 0.75, 2],
							"uv": {
								"north": {"uv": [0.032, 0.032], "uv_size": [-0.132, 0.936]},
								"east": {"uv": [89.032, 38.032], "uv_size": [1.936, 0.936]},
								"south": {"uv": [0.032, 0.032], "uv_size": [-0.132, 0.936]},
								"west": {"uv": [89.032, 39.032], "uv_size": [1.936, 0.936]},
								"up": {"uv": [-0.1, 0.032], "uv_size": [0.132, 1.936]},
								"down": {"uv": [-0.1, 1.968], "uv_size": [0.132, -1.936]}
							}
						},
						{
							"origin": [5.7, 11, -7.5],
							"size": [0, 0.75, 2],
							"uv": {
								"north": {"uv": [0.032, 0.032], "uv_size": [-0.132, 0.936]},
								"east": {"uv": [75.032, 10.032], "uv_size": [1.936, 0.936]},
								"south": {"uv": [0.032, 0.032], "uv_size": [-0.132, 0.936]},
								"west": {"uv": [89.032, 37.032], "uv_size": [1.936, 0.936]},
								"up": {"uv": [-0.1, 0.032], "uv_size": [0.132, 1.936]},
								"down": {"uv": [-0.1, 1.968], "uv_size": [0.132, -1.936]}
							}
						},
						{
							"origin": [-6.3, 3.75, -5.5],
							"size": [12, 1.25, 0],
							"uv": {
								"north": {"uv": [42.032, 85.032], "uv_size": [11.936, 1.468]},
								"east": {"uv": [0.032, 0.032], "uv_size": [-0.132, 1.468]},
								"south": {"uv": [85.032, 65.032], "uv_size": [11.936, 1.468]},
								"west": {"uv": [0.032, 0.032], "uv_size": [-0.132, 1.468]},
								"up": {"uv": [0.032, -0.1], "uv_size": [11.936, 0.132]},
								"down": {"uv": [0.032, -0.1], "uv_size": [11.936, 0.132]}
							}
						},
						{
							"origin": [-6.3, 3.25, -7.5],
							"size": [12, 0.5, 2],
							"uv": {
								"north": {"uv": [86.032, 60.032], "uv_size": [11.936, 0.468]},
								"east": {"uv": [90.032, 26.032], "uv_size": [1.936, 0.468]},
								"south": {"uv": [86.032, 61.032], "uv_size": [11.936, 0.468]},
								"west": {"uv": [90.032, 27.032], "uv_size": [1.936, 0.468]},
								"up": {"uv": [42.032, 81.032], "uv_size": [11.936, 1.936]},
								"down": {"uv": [76.032, 83.968], "uv_size": [11.936, -1.936]}
							}
						},
						{
							"origin": [-6.3, 3.75, -7.5],
							"size": [0, 1.25, 2],
							"uv": {
								"north": {"uv": [0.032, 0.032], "uv_size": [-0.132, 1.468]},
								"east": {"uv": [88.032, 83.032], "uv_size": [1.936, 1.468]},
								"south": {"uv": [0.032, 0.032], "uv_size": [-0.132, 1.468]},
								"west": {"uv": [84.032, 88.032], "uv_size": [1.936, 1.468]},
								"up": {"uv": [-0.1, 0.032], "uv_size": [0.132, 1.936]},
								"down": {"uv": [-0.1, 1.968], "uv_size": [0.132, -1.936]}
							}
						},
						{
							"origin": [-0.3, 15, -7.5],
							"size": [0, 1.75, 2],
							"uv": {
								"north": {"uv": [0.032, 0.032], "uv_size": [-0.132, 1.936]},
								"east": {"uv": [52.032, 87.032], "uv_size": [1.936, 1.936]},
								"south": {"uv": [0.032, 0.032], "uv_size": [-0.132, 1.936]},
								"west": {"uv": [76.032, 87.032], "uv_size": [1.936, 1.936]},
								"up": {"uv": [-0.1, 0.032], "uv_size": [0.132, 1.936]},
								"down": {"uv": [-0.1, 1.968], "uv_size": [0.132, -1.936]}
							}
						},
						{
							"origin": [-4.3, 10.02532, -12.24701],
							"size": [2, 0.4, 0],
							"pivot": [-0.3, 0, 0.5],
							"rotation": [-30, 0, 0],
							"uv": {
								"north": {"uv": [90.032, 32.032], "uv_size": [1.936, 0.468]},
								"east": {"uv": [0.032, 0.032], "uv_size": [-0.132, 0.468]},
								"south": {"uv": [90.032, 33.032], "uv_size": [1.936, 0.468]},
								"west": {"uv": [0.032, 0.032], "uv_size": [-0.132, 0.468]},
								"up": {"uv": [0.032, -0.1], "uv_size": [1.936, 0.132]},
								"down": {"uv": [0.032, -0.1], "uv_size": [1.936, 0.132]}
							}
						},
						{
							"origin": [-6.3, 7, -7.5],
							"size": [0, 1.25, 2],
							"uv": {
								"north": {"uv": [0.032, 0.032], "uv_size": [-0.132, 1.468]},
								"east": {"uv": [86.032, 88.032], "uv_size": [1.936, 1.468]},
								"south": {"uv": [0.032, 0.032], "uv_size": [-0.132, 1.468]},
								"west": {"uv": [88.032, 88.032], "uv_size": [1.936, 1.468]},
								"up": {"uv": [-0.1, 0.032], "uv_size": [0.132, 1.936]},
								"down": {"uv": [-0.1, 1.968], "uv_size": [0.132, -1.936]}
							}
						},
						{
							"origin": [5.7, 7, -7.5],
							"size": [0, 1.25, 2],
							"uv": {
								"north": {"uv": [0.032, 0.032], "uv_size": [-0.132, 1.468]},
								"east": {"uv": [48.032, 88.032], "uv_size": [1.936, 1.468]},
								"south": {"uv": [0.032, 0.032], "uv_size": [-0.132, 1.468]},
								"west": {"uv": [50.032, 88.032], "uv_size": [1.936, 1.468]},
								"up": {"uv": [-0.1, 0.032], "uv_size": [0.132, 1.936]},
								"down": {"uv": [-0.1, 1.968], "uv_size": [0.132, -1.936]}
							}
						},
						{
							"origin": [-6.3, 7, -5.5],
							"size": [12, 1.25, 0],
							"uv": {
								"north": {"uv": [0.032, 85.032], "uv_size": [11.936, 1.468]},
								"east": {"uv": [0.032, 0.032], "uv_size": [-0.132, 1.468]},
								"south": {"uv": [12.032, 85.032], "uv_size": [11.936, 1.468]},
								"west": {"uv": [0.032, 0.032], "uv_size": [-0.132, 1.468]},
								"up": {"uv": [0.032, -0.1], "uv_size": [11.936, 0.132]},
								"down": {"uv": [0.032, -0.1], "uv_size": [11.936, 0.132]}
							}
						},
						{
							"origin": [-6.3, 6.5, -7.5],
							"size": [12, 0.5, 2],
							"uv": {
								"north": {"uv": [86.032, 62.032], "uv_size": [11.936, 0.468]},
								"east": {"uv": [90.032, 28.032], "uv_size": [1.936, 0.468]},
								"south": {"uv": [86.032, 71.032], "uv_size": [11.936, 0.468]},
								"west": {"uv": [90.032, 29.032], "uv_size": [1.936, 0.468]},
								"up": {"uv": [82.032, 78.032], "uv_size": [11.936, 1.936]},
								"down": {"uv": [82.032, 81.968], "uv_size": [11.936, -1.936]}
							}
						},
						{
							"origin": [5.7, 3.75, -7.5],
							"size": [0, 1.25, 2],
							"uv": {
								"north": {"uv": [0.032, 0.032], "uv_size": [-0.132, 1.468]},
								"east": {"uv": [64.032, 88.032], "uv_size": [1.936, 1.468]},
								"south": {"uv": [0.032, 0.032], "uv_size": [-0.132, 1.468]},
								"west": {"uv": [66.032, 88.032], "uv_size": [1.936, 1.468]},
								"up": {"uv": [-0.1, 0.032], "uv_size": [0.132, 1.936]},
								"down": {"uv": [-0.1, 1.968], "uv_size": [0.132, -1.936]}
							}
						}
					]
				},
				{
					"name": "bone5",
					"parent": "bone",
					"pivot": [0.25, 0.25, -0.25],
					"cubes": [
						{
							"origin": [-6, 4.30927, -4.42213],
							"size": [5.75, 3.75, 0.5],
							"pivot": [0, 0, 0],
							"rotation": [12.5, 0, 0],
							"uv": {
								"north": {"uv": [77.032, 36.032], "uv_size": [5.936, 3.936]},
								"east": {"uv": [23.032, 87.032], "uv_size": [0.468, 3.936]},
								"south": {"uv": [78.032, 10.032], "uv_size": [5.936, 3.936]},
								"west": {"uv": [10.032, 88.032], "uv_size": [0.468, 3.936]},
								"up": {"uv": [87.032, 86.032], "uv_size": [5.936, 0.468]},
								"down": {"uv": [0.032, 88.5], "uv_size": [5.936, -0.468]}
							}
						},
						{
							"origin": [-6, 3.5, -5.25],
							"size": [0.25, 3.5, 10.75],
							"uv": {
								"north": {"uv": [43.032, 89.032], "uv_size": [0.468, 3.468]},
								"east": {"uv": [30.032, 54.032], "uv_size": [10.936, 3.468]},
								"south": {"uv": [44.032, 89.032], "uv_size": [0.468, 3.468]},
								"west": {"uv": [75.032, 0.032], "uv_size": [10.936, 3.468]},
								"up": {"uv": [28.032, 85.032], "uv_size": [0.468, 10.936]},
								"down": {"uv": [29.032, 95.968], "uv_size": [0.468, -10.936]}
							}
						},
						{
							"origin": [-0.5, 3.5, -5.25],
							"size": [0.25, 3.5, 10.75],
							"uv": {
								"north": {"uv": [45.032, 89.032], "uv_size": [0.468, 3.468]},
								"east": {"uv": [75.032, 4.032], "uv_size": [10.936, 3.468]},
								"south": {"uv": [46.032, 89.032], "uv_size": [0.468, 3.468]},
								"west": {"uv": [75.032, 43.032], "uv_size": [10.936, 3.468]},
								"up": {"uv": [69.032, 85.032], "uv_size": [0.468, 10.936]},
								"down": {"uv": [11.032, 97.968], "uv_size": [0.468, -10.936]}
							}
						},
						{
							"origin": [-6, 8.05927, -4.67213],
							"size": [5.75, 0.25, 0.75],
							"pivot": [0, 0, 0],
							"rotation": [12.5, 0, 0],
							"uv": {
								"north": {"uv": [88.032, 16.032], "uv_size": [5.936, 0.468]},
								"east": {"uv": [83.032, 89.032], "uv_size": [0.936, 0.468]},
								"south": {"uv": [88.032, 17.032], "uv_size": [5.936, 0.468]},
								"west": {"uv": [4.032, 90.032], "uv_size": [0.936, 0.468]},
								"up": {"uv": [86.032, 52.032], "uv_size": [5.936, 0.936]},
								"down": {"uv": [86.032, 53.968], "uv_size": [5.936, -0.936]}
							}
						},
						{
							"origin": [-6, 3.5, 5.5],
							"size": [5.75, 3.5, 0.25],
							"uv": {
								"north": {"uv": [64.032, 81.032], "uv_size": [5.936, 3.468]},
								"east": {"uv": [47.032, 89.032], "uv_size": [0.468, 3.468]},
								"south": {"uv": [30.032, 83.032], "uv_size": [5.936, 3.468]},
								"west": {"uv": [52.032, 89.032], "uv_size": [0.468, 3.468]},
								"up": {"uv": [88.032, 14.032], "uv_size": [5.936, 0.468]},
								"down": {"uv": [88.032, 15.5], "uv_size": [5.936, -0.468]}
							}
						},
						{
							"origin": [-6, 3.25, -5.25],
							"size": [5.75, 0.25, 11],
							"uv": {
								"north": {"uv": [78.032, 87.032], "uv_size": [5.936, 0.468]},
								"east": {"uv": [76.032, 86.032], "uv_size": [10.936, 0.468]},
								"south": {"uv": [84.032, 87.032], "uv_size": [5.936, 0.468]},
								"west": {"uv": [0.032, 87.032], "uv_size": [10.936, 0.468]},
								"up": {"uv": [46.032, 16.032], "uv_size": [5.936, 10.936]},
								"down": {"uv": [52.032, 26.968], "uv_size": [5.936, -10.936]}
							}
						}
					]
				},
				{
					"name": "bone6",
					"parent": "bone",
					"pivot": [6.5, 0.25, -0.25],
					"cubes": [
						{
							"origin": [0.25, 4.30927, -4.42213],
							"size": [5.75, 3.75, 0.5],
							"pivot": [0, 0, 0],
							"rotation": [12.5, 0, 0],
							"uv": {
								"north": {"uv": [76.032, 78.032], "uv_size": [5.936, 3.936]},
								"east": {"uv": [68.032, 88.032], "uv_size": [0.468, 3.936]},
								"south": {"uv": [0.032, 81.032], "uv_size": [5.936, 3.936]},
								"west": {"uv": [5.032, 89.032], "uv_size": [0.468, 3.936]},
								"up": {"uv": [88.032, 18.032], "uv_size": [5.936, 0.468]},
								"down": {"uv": [88.032, 19.5], "uv_size": [5.936, -0.468]}
							}
						},
						{
							"origin": [0.25, 3.5, -5.25],
							"size": [0.25, 3.5, 10.75],
							"uv": {
								"north": {"uv": [53.032, 89.032], "uv_size": [0.468, 3.468]},
								"east": {"uv": [75.032, 47.032], "uv_size": [10.936, 3.468]},
								"south": {"uv": [76.032, 89.032], "uv_size": [0.468, 3.468]},
								"west": {"uv": [75.032, 51.032], "uv_size": [10.936, 3.468]},
								"up": {"uv": [12.032, 87.032], "uv_size": [0.468, 10.936]},
								"down": {"uv": [13.032, 97.968], "uv_size": [0.468, -10.936]}
							}
						},
						{
							"origin": [5.75, 3.5, -5.25],
							"size": [0.25, 3.5, 10.75],
							"uv": {
								"north": {"uv": [77.032, 89.032], "uv_size": [0.468, 3.468]},
								"east": {"uv": [75.032, 55.032], "uv_size": [10.936, 3.468]},
								"south": {"uv": [78.032, 89.032], "uv_size": [0.468, 3.468]},
								"west": {"uv": [75.032, 59.032], "uv_size": [10.936, 3.468]},
								"up": {"uv": [14.032, 87.032], "uv_size": [0.468, 10.936]},
								"down": {"uv": [15.032, 97.968], "uv_size": [0.468, -10.936]}
							}
						},
						{
							"origin": [0.25, 8.05927, -4.67213],
							"size": [5.75, 0.25, 0.75],
							"pivot": [0, 0, 0],
							"rotation": [12.5, 0, 0],
							"uv": {
								"north": {"uv": [88.032, 20.032], "uv_size": [5.936, 0.468]},
								"east": {"uv": [42.032, 90.032], "uv_size": [0.936, 0.468]},
								"south": {"uv": [88.032, 21.032], "uv_size": [5.936, 0.468]},
								"west": {"uv": [50.032, 90.032], "uv_size": [0.936, 0.468]},
								"up": {"uv": [86.032, 54.032], "uv_size": [5.936, 0.936]},
								"down": {"uv": [86.032, 55.968], "uv_size": [5.936, -0.936]}
							}
						},
						{
							"origin": [0.25, 3.5, 5.5],
							"size": [5.75, 3.5, 0.25],
							"uv": {
								"north": {"uv": [36.032, 83.032], "uv_size": [5.936, 3.468]},
								"east": {"uv": [79.032, 89.032], "uv_size": [0.468, 3.468]},
								"south": {"uv": [83.032, 36.032], "uv_size": [5.936, 3.468]},
								"west": {"uv": [80.032, 89.032], "uv_size": [0.468, 3.468]},
								"up": {"uv": [88.032, 22.032], "uv_size": [5.936, 0.468]},
								"down": {"uv": [88.032, 23.5], "uv_size": [5.936, -0.468]}
							}
						},
						{
							"origin": [0.25, 3.25, -5.25],
							"size": [5.75, 0.25, 11],
							"uv": {
								"north": {"uv": [88.032, 24.032], "uv_size": [5.936, 0.468]},
								"east": {"uv": [30.032, 87.032], "uv_size": [10.936, 0.468]},
								"south": {"uv": [88.032, 25.032], "uv_size": [5.936, 0.468]},
								"west": {"uv": [41.032, 87.032], "uv_size": [10.936, 0.468]},
								"up": {"uv": [52.032, 70.032], "uv_size": [5.936, 10.936]},
								"down": {"uv": [71.032, 42.968], "uv_size": [5.936, -10.936]}
							}
						}
					]
				}
			]
		}
	]
}