{
	"format_version": "1.17.0",
	"minecraft:block": {
		"description": {
			"identifier": "bony:beach_umbrella_0"
		},
		"components": {
			"minecraft:creative_category": {
				"group": "itemGroup.name.Construction",
				"category": "Construction"
			},
			"minecraft:geometry": "geometry.beach_umbrella_0",
			"minecraft:material_instances": {
				"*": {
					"texture": "beach_umbrella_0",
					"render_method": "alpha_test"
				}
			},
			"minecraft:block_light_absorption": 0.9,
			"minecraft:entity_collision": {
				"origin": [
					-1,
					0,
					-1
				],
				"size": [
					2,
					16,
					2
				]
			}
		},
		"events": {}
	}
}