{
	"minecraft:block": {
		"description": {
			"properties": {
				"bridge:block_rotation": [
					2,
					3,
					4,
					5
				],
				"bn:stack": [
					0,
					1,
					2,
					3,
					4,
					5,
					6
				]
			},
			"identifier": "bony:book_0"
		},
		"permutations": [
			{
				"condition": "query.block_property('bridge:block_rotation') == 2",
				"components": {
					"minecraft:rotation": [
						0,
						180,
						0
					]
				}
			},
			{
				"condition": "query.block_property('bridge:block_rotation') == 3",
				"components": {
					"minecraft:rotation": [
						0,
						0,
						0
					]
				}
			},
			{
				"condition": "query.block_property('bridge:block_rotation') == 4",
				"components": {
					"minecraft:rotation": [
						0,
						270,
						0
					]
				}
			},
			{
				"condition": "query.block_property('bridge:block_rotation') == 5",
				"components": {
					"minecraft:rotation": [
						0,
						90,
						0
					]
				}
			},
			{
				"condition": "query.block_property('bn:stack') == 0",
				"components": {
					"minecraft:geometry": "geometry.books_0_a",
					"minecraft:on_interact": {
						"condition": "query.get_equipped_item_name=='book_0'",
						"event": "stack_1"
					},
					"minecraft:entity_collision": {
						"origin": [
							-4,
							0,
							-4
						],
						"size": [
							8,
							1.75,
							8
						]
					},
					"minecraft:pick_collision": {
						"origin": [
							-4,
							0,
							-4
						],
						"size": [
							8,
							1.75,
							8
						]
					}
				}
			},
			{
				"condition": "query.block_property('bn:stack') == 1",
				"components": {
					"minecraft:geometry": "geometry.books_0_b",
					"minecraft:on_interact": {
						"condition": "query.get_equipped_item_name=='book_0'",
						"event": "stack_2"
					},
					"minecraft:pick_collision": {
						"origin": [
							-4,
							0,
							-4
						],
						"size": [
							8,
							2.75,
							8
						]
					},
					"minecraft:entity_collision": {
						"origin": [
							-4,
							0,
							-4
						],
						"size": [
							8,
							2.75,
							8
						]
					},
					"minecraft:loot": "loot_tables/books/books_0_2.json"
				}
			},
			{
				"condition": "query.block_property('bn:stack') == 2",
				"components": {
					"minecraft:geometry": "geometry.books_0_c",
					"minecraft:on_interact": {
						"condition": "query.get_equipped_item_name=='book_0'",
						"event": "stack_3"
					},
					"minecraft:pick_collision": {
						"origin": [
							-4,
							0,
							-4
						],
						"size": [
							8,
							4,
							8
						]
					},
					"minecraft:entity_collision": {
						"origin": [
							-4,
							0,
							-4
						],
						"size": [
							8,
							4,
							8
						]
					},
					"minecraft:loot": "loot_tables/books/books_0_3.json"
				}
			},
			{
				"condition": "query.block_property('bn:stack') == 3",
				"components": {
					"minecraft:geometry": "geometry.books_0_d",
					"minecraft:pick_collision": {
						"origin": [
							-4,
							0,
							-4
						],
						"size": [
							8,
							5.25,
							8
						]
					},
					"minecraft:entity_collision": {
						"origin": [
							-4,
							0,
							-4
						],
						"size": [
							8,
							5.25,
							8
						]
					},
					"minecraft:on_interact": {
						"condition": "query.get_equipped_item_name=='book_0'",
						"event": "stack_4"
					},
					"minecraft:loot": "loot_tables/books/books_0_4.json"
				}
			},
			{
				"condition": "query.block_property('bn:stack') == 4",
				"components": {
					"minecraft:geometry": "geometry.books_0_e",
					"minecraft:pick_collision": {
						"origin": [
							-4,
							0,
							-4
						],
						"size": [
							8,
							6.5,
							8
						]
					},
					"minecraft:entity_collision": {
						"origin": [
							-4,
							0,
							-4
						],
						"size": [
							8,
							6.5,
							8
						]
					},
					"minecraft:loot": "loot_tables/books/books_0_5.json"
				}
			}
		],
		"components": {
			"minecraft:on_player_placing": {
				"event": "bridge:update_rotation"
			},
			"minecraft:material_instances": {
				"*": {
					"render_method": "alpha_test",
					"texture": "books_0"
				}
			},
			"minecraft:block_light_absorption": 0.9,
			"minecraft:creative_category": {
				"group": "itemGroup.name.Construction",
				"category": "Construction"
			}
		},
		"events": {
			"bridge:update_rotation": {
				"set_block_property": {
					"bridge:block_rotation": "query.cardinal_facing_2d"
				}
			},
			"stack_0": {
				"set_block_property": {
					"bn:stack": 0
				}
			},
			"stack_1": {
				"set_block_property": {
					"bn:stack": 1
				},
				"decrement_stack": {}
			},
			"stack_2": {
				"set_block_property": {
					"bn:stack": 2
				},
				"decrement_stack": {}
			},
			"stack_3": {
				"set_block_property": {
					"bn:stack": 3
				},
				"decrement_stack": {}
			},
			"stack_4": {
				"set_block_property": {
					"bn:stack": 4
				},
				"decrement_stack": {}
			}
		}
	},
	"format_version": "1.17.0"
}