{
	"format_version": "1.17.0",
	"minecraft:block": {
		"description": {
			"properties": {
				"bridge:block_rotation": [
					2,
					3,
					4,
					5
				],
				"bn:music": [
					0,
					1
				]
			},
			"identifier": "bony:boombox_0"
		},
		"permutations": [
			{
				"condition": "query.block_property('bridge:block_rotation') == 2",
				"components": {
					"minecraft:rotation": [
						0,
						180,
						0
					],
					"minecraft:on_interact": {
						"event": "music:1"
					}
				}
			},
			{
				"condition": "query.block_property('bridge:block_rotation') == 3",
				"components": {
					"minecraft:rotation": [
						0,
						0,
						0
					]
				}
			},
			{
				"condition": "query.block_property('bridge:block_rotation') == 4",
				"components": {
					"minecraft:rotation": [
						0,
						270,
						0
					]
				}
			},
			{
				"condition": "query.block_property('bridge:block_rotation') == 5",
				"components": {
					"minecraft:rotation": [
						0,
						90,
						0
					]
				}
			},
			{
				"condition": "query.block_property('bn:music') == 0",
				"components": {
					"minecraft:ticking": {
						"looping": false,
						"range": [
							1,
							2
						],
						"on_tick": {
							"event": "stop:music"
						}
					},
					"minecraft:on_interact": {
						"event": "music:1"
					}
				}
			},
			{
				"condition": "query.block_property('bn:music') == 1",
				"components": {
					"minecraft:ticking": {
						"looping": true,
						"on_tick": {
							"event": "music:1"
						},
						"range": [
							254,
							254
						]
					},
					"minecraft:on_interact": {
						"event": "music:0"
					}
				}
			}
		],
		"components": {
			"minecraft:on_player_placing": {
				"event": "bridge:update_rotation"
			},
			"minecraft:material_instances": {
				"*": {
					"texture": "boombox_0",
					"render_method": "alpha_test"
				}
			},
			"minecraft:geometry": "geometry.boombox_0",
			"minecraft:pick_collision": {
				"origin": [
					-8,
					0,
					-4
				],
				"size": [
					16,
					8,
					8
				]
			},
			"minecraft:entity_collision": {
				"origin": [
					-8,
					0,
					-4
				],
				"size": [
					16,
					8,
					8
				]
			},
			"minecraft:block_light_absorption": 0.9,
			"minecraft:on_player_destroyed": {
				"event": "stop:music"
			},
			"minecraft:creative_category": {
				"group": "itemGroup.name.Construction",
				"category": "Construction"
			}
		},
		"events": {
			"bridge:update_rotation": {
				"set_block_property": {
					"bridge:block_rotation": "query.cardinal_facing_2d"
				}
			},
			"stop:music": {
				"sequence": [
					{
						"run_command": {
							"command": [
								"stopsound @a"
							]
						}
					}
				]
			},
			"music:0": {
				"sequence": [
					{
						"set_block_property": {
							"bn:music": 0
						}
					},
					{
						"trigger": {
							"event": "stop:music"
						}
					}
				]
			},
			"music:1": {
				"run_command": {
					"command": [
						"stopsound @a[r=7]",
						"playsound music.revange @a[r=7]"
					]
				},
				"set_block_property": {
					"bn:music": 1
				}
			}
		}
	}
}