{
	"format_version": "1.17.0",
	"minecraft:block": {
		"description": {
			"identifier": "bony:bottle_0"
		},
		"components": {
			"minecraft:material_instances": {
				"*": {
					"texture": "picnic",
					"render_method": "alpha_test"
				}
			},
			"minecraft:geometry": "geometry.bottle_0",
			"minecraft:block_light_absorption": 0.9,
			"minecraft:pick_collision": {
				"origin": [
					-1.5,
					0,
					-2
				],
				"size": [
					3,
					8,
					3
				]
			},
			"minecraft:creative_category": {
				"group": "itemGroup.name.Construction",
				"category": "Construction"
			}
		},
		"events": {}
	}
}