{
	"minecraft:block": {
		"description": {
			"properties": {
				"bridge:block_rotation": [
					2,
					3,
					4,
					5
				]
			},
			"identifier": "bony:cam_0"
		},
		"permutations": [
			{
				"condition": "query.block_property('bridge:block_rotation') == 2",
				"components": {
					"minecraft:rotation": [
						0,
						180,
						0
					]
				}
			},
			{
				"condition": "query.block_property('bridge:block_rotation') == 3",
				"components": {
					"minecraft:rotation": [
						0,
						0,
						0
					]
				}
			},
			{
				"condition": "query.block_property('bridge:block_rotation') == 4",
				"components": {
					"minecraft:rotation": [
						0,
						270,
						0
					]
				}
			},
			{
				"condition": "query.block_property('bridge:block_rotation') == 5",
				"components": {
					"minecraft:rotation": [
						0,
						90,
						0
					]
				}
			}
		],
		"components": {
			"minecraft:on_player_placing": {
				"event": "bridge:update_rotation"
			},
			"minecraft:geometry": "geometry.camera_0",
			"minecraft:material_instances": {
				"*": {
					"texture": "camera_0",
					"render_method": "alpha_test"
				}
			},
			"minecraft:entity_collision": {
				"origin": [
					-4,
					0.1,
					-3
				],
				"size": [
					8,
					16,
					7
				]
			},
			"minecraft:pick_collision": {
				"origin": [
					-4,
					0.1,
					-3
				],
				"size": [
					8,
					16,
					7
				]
			},
			"minecraft:block_light_absorption": 0.9,
			"minecraft:on_interact": {
				"event": "take_picture"
			},
			"minecraft:creative_category": {
				"group": "itemGroup.name.Construction",
				"category": "Construction"
			}
		},
		"events": {
			"bridge:update_rotation": {
				"set_block_property": {
					"bridge:block_rotation": "query.cardinal_facing_2d"
				}
			},
			"take_picture": {
				"sequence": [
					{
						"play_sound": {
							"sound": "camera.take_picture"
						}
					},
					{
						"run_command": {
							"command": [
								"particle minecraft:camera_shoot_explosion ~ ~0.5 ~"
							]
						}
					}
				]
			}
		}
	},
	"format_version": "1.17.0"
}