{
	"format_version": "1.17.0",
	"minecraft:block": {
		"description": {
			"identifier": "bony:ceiling_fan_0"
		},
		"components": {
			"minecraft:geometry": "geometry.ceiling_fan_0",
			"minecraft:material_instances": {
				"*": {
					"texture": "ceiling_fan_0",
					"render_method": "alpha_test"
				}
			},
			"minecraft:on_placed": {
				"event": "set"
			},
			"minecraft:block_light_absorption": 0.9,
			"minecraft:on_player_destroyed": {
				"event": "remove"
			},
			"minecraft:creative_category": {
				"group": "itemGroup.name.Construction",
				"category": "Construction"
			}
		},
		"events": {
			"set": {
				"run_command": {
					"command": [
						"summon bony:fan_0_blades ~ ~-0.5 ~"
					]
				}
			},
			"remove": {
				"run_command": {
					"command": [
						"event entity @e[type=bony:fan_0_blades,c=1,r=2] remove"
					]
				}
			}
		}
	}
}