{
	"minecraft:block": {
		"description": {
			"properties": {
				"bridge:block_rotation": [
					2,
					3,
					4,
					5
				],
				"bn:board": [
					0,
					1,
					2
				]
			},
			"identifier": "bony:chalkboard_0"
		},
		"permutations": [
			{
				"condition": "query.block_property('bridge:block_rotation') == 2",
				"components": {
					"minecraft:rotation": [
						0,
						180,
						0
					]
				}
			},
			{
				"condition": "query.block_property('bridge:block_rotation') == 3",
				"components": {
					"minecraft:rotation": [
						0,
						0,
						0
					]
				}
			},
			{
				"condition": "query.block_property('bridge:block_rotation') == 4",
				"components": {
					"minecraft:rotation": [
						0,
						270,
						0
					]
				}
			},
			{
				"condition": "query.block_property('bridge:block_rotation') == 5",
				"components": {
					"minecraft:rotation": [
						0,
						90,
						0
					]
				}
			},
			{
				"condition": "query.block_property('bn:board') == 0",
				"components": {
					"minecraft:material_instances": {
						"*": {
							"texture": "chalkboard_0"
						}
					},
					"minecraft:on_interact": {
						"event": "board_1"
					}
				}
			},
			{
				"condition": "query.block_property('bn:board') == 1",
				"components": {
					"minecraft:material_instances": {
						"*": {
							"texture": "chalkboard_0_b"
						}
					},
					"minecraft:on_interact": {
						"event": "board_2"
					}
				}
			},
			{
				"condition": "query.block_property('bn:board') == 2",
				"components": {
					"minecraft:material_instances": {
						"*": {
							"texture": "chalkboard_0_c"
						}
					},
					"minecraft:on_interact": {
						"event": "board_0"
					}
				}
			}
		],
		"components": {
			"minecraft:on_player_placing": {
				"event": "bridge:update_rotation"
			},
			"minecraft:geometry": "geometry.chalkboard_0",
			"minecraft:material_instances": {
				"*": {
					"render_method": "alpha_test",
					"texture": "chalkboard_0"
				}
			},
			"minecraft:block_light_absorption": 0.9,
			"minecraft:entity_collision": {
				"origin": [
					-8,
					0,
					5
				],
				"size": [
					16,
					16,
					3
				]
			},
			"minecraft:pick_collision": {
				"origin": [
					-8,
					0,
					5
				],
				"size": [
					16,
					16,
					3
				]
			},
			"minecraft:on_interact": {
				"event": "board_1"
			},
			"minecraft:creative_category": {
				"group": "itemGroup.name.Construction",
				"category": "Construction"
			}
		},
		"events": {
			"bridge:update_rotation": {
				"set_block_property": {
					"bridge:block_rotation": "query.cardinal_facing_2d"
				}
			},
			"board_0": {
				"set_block_property": {
					"bn:board": 0
				}
			},
			"board_1": {
				"set_block_property": {
					"bn:board": 1
				}
			},
			"board_2": {
				"set_block_property": {
					"bn:board": 2
				}
			}
		}
	},
	"format_version": "1.17.0"
}