{
	"format_version": "1.17.0",
	"minecraft:block": {
		"description": {
			"properties": {
				"bridge:block_rotation": [
					2,
					3,
					4,
					5
				]
			},
			"identifier": "bony:clock_0"
		},
		"permutations": [
			{
				"condition": "query.block_property('bridge:block_rotation') == 2",
				"components": {
					"minecraft:rotation": [
						0,
						180,
						0
					],
					"minecraft:on_placed": {
						"event": "rot_0"
					}
				}
			},
			{
				"condition": "query.block_property('bridge:block_rotation') == 3",
				"components": {
					"minecraft:rotation": [
						0,
						0,
						0
					],
					"minecraft:on_placed": {
						"event": "rot_1"
					}
				}
			},
			{
				"condition": "query.block_property('bridge:block_rotation') == 4",
				"components": {
					"minecraft:rotation": [
						0,
						270,
						0
					],
					"minecraft:on_placed": {
						"event": "rot_2"
					}
				}
			},
			{
				"condition": "query.block_property('bridge:block_rotation') == 5",
				"components": {
					"minecraft:rotation": [
						0,
						90,
						0
					],
					"minecraft:on_placed": {
						"event": "rot_3"
					}
				}
			}
		],
		"components": {
			"minecraft:on_player_placing": {
				"event": "bridge:update_rotation"
			},
			"minecraft:material_instances": {
				"*": {
					"texture": "clock_0",
					"render_method": "alpha_test"
				}
			},
			"minecraft:block_light_absorption": 0.9,
			"minecraft:entity_collision": {
				"origin": [
					-8,
					0,
					6
				],
				"size": [
					16,
					16,
					2
				]
			},
			"minecraft:pick_collision": {
				"origin": [
					-8,
					0,
					6
				],
				"size": [
					16,
					16,
					2
				]
			},
			"minecraft:geometry": "geometry.clock_0",
			"minecraft:on_placed": {
				"event": "summon"
			},
			"minecraft:on_player_destroyed": {
				"event": "remove"
			},
			"minecraft:creative_category": {
				"group": "itemGroup.name.Construction",
				"category": "Construction"
			}
		},
		"events": {
			"bridge:update_rotation": {
				"set_block_property": {
					"bridge:block_rotation": "query.cardinal_facing_2d"
				}
			},
			"rot_0": {
				"sequence": [
					{
						"run_command": {
							"command": [
								"summon bony:clock_0_face ~ ~-0.5 ~",
								"execute @e[type=bony:clock_0_face,c=1] ~ ~ ~ tp @s ~ ~ ~ facing ~ ~ ~1"
							]
						}
					}
				]
			},
			"rot_1": {
				"sequence": [
					{
						"run_command": {
							"command": [
								"summon bony:clock_0_face ~ ~-0.5 ~",
								"execute @e[type=bony:clock_0_face,c=1] ~ ~ ~ tp @s ~ ~ ~ facing ~ ~ ~-1"
							]
						}
					}
				]
			},
			"rot_2": {
				"sequence": [
					{
						"run_command": {
							"command": [
								"summon bony:clock_0_face ~ ~-0.5 ~",
								"execute @e[type=bony:clock_0_face,c=1] ~ ~ ~ tp @s ~ ~ ~ facing ~1 ~ ~"
							]
						}
					}
				]
			},
			"rot_3": {
				"sequence": [
					{
						"run_command": {
							"command": [
								"summon bony:clock_0_face ~ ~-0.5 ~",
								"execute @e[type=bony:clock_0_face,c=1] ~ ~ ~ tp @s ~ ~ ~ facing ~-1 ~ ~"
							]
						}
					}
				]
			},
			"remove": {
				"run_command": {
					"command": [
						"event entity @e[type=bony:clock_0_face,c=1,r=1] remove"
					]
				}
			}
		}
	}
}