{
	"format_version": "1.17.0",
	"minecraft:block": {
		"description": {
			"properties": {
				"bridge:block_rotation": [
					2,
					3,
					4,
					5
				],
				"bn:toggle": [
					0,
					1,
					2
				]
			},
			"identifier": "bony:refrigerator_1"
		},
		"permutations": [
			{
				"condition": "query.block_property('bridge:block_rotation') == 2",
				"components": {
					"minecraft:rotation": [
						0,
						180,
						0
					]
				}
			},
			{
				"condition": "query.block_property('bridge:block_rotation') == 3",
				"components": {
					"minecraft:rotation": [
						0,
						0,
						0
					]
				}
			},
			{
				"condition": "query.block_property('bridge:block_rotation') == 4",
				"components": {
					"minecraft:rotation": [
						0,
						270,
						0
					]
				}
			},
			{
				"condition": "query.block_property('bridge:block_rotation') == 5",
				"components": {
					"minecraft:rotation": [
						0,
						90,
						0
					]
				}
			},
			{
				"condition": "query.block_property('bn:toggle') == 1",
				"components": {
					"minecraft:on_interact": {
						"event": "open",
						"target": "self"
					},
					"minecraft:geometry": "geometry.refrigerator_1_closed",
					"minecraft:on_placed": {
						"event": "nothing"
					},
					"minecraft:block_light_emission": 0
				}
			},
			{
				"condition": "query.block_property('bn:toggle') == 2",
				"components": {
					"minecraft:geometry": "geometry.refrigerator_1_open",
					"minecraft:ticking": {
						"on_tick": {
							"event": "close"
						},
						"range": [
							3,
							3
						],
						"looping": false
					},
					"minecraft:on_placed": {
						"event": "nothing"
					},
					"minecraft:pick_collision": false,
					"minecraft:block_light_emission": 0.9
				}
			}
		],
		"components": {
			"minecraft:on_player_placing": {
				"event": "bridge:update_rotation"
			},
			"minecraft:material_instances": {
				"*": {
					"render_method": "alpha_test",
					"texture": "refrigerator_1"
				}
			},
			"minecraft:geometry": "geometry.refrigerator_1_closed",
			"minecraft:on_placed": {
				"event": "summon_mob"
			},
			"minecraft:on_player_destroyed": {
				"event": "remove"
			},
			"minecraft:on_interact": {
				"event": "open"
			},
			"minecraft:creative_category": {
				"group": "itemGroup.name.Construction",
				"category": "Construction"
			}
		},
		"events": {
			"bridge:update_rotation": {
				"set_block_property": {
					"bridge:block_rotation": "query.cardinal_facing_2d"
				}
			},
			"close": {
				"set_block_property": {
					"bn:toggle": 1
				},
				"run_command": {
					"command": [
						"playsound block.barrel.close @a[r=7]"
					]
				}
			},
			"open": {
				"set_block_property": {
					"bn:toggle": 2
				},
				"run_command": {
					"command": [
						"playsound block.barrel.close @a[r=7]"
					]
				}
			},
			"summon_mob": {
				"run_command": {
					"command": [
						"summon bony:inventory ~ ~-0.2 ~"
					]
				}
			},
			"remove": {
				"run_command": {
					"command": [
						"kill @e[type=bony:inventory,c=1,r=3]"
					]
				}
			}
		}
	}
}