{
	"format_version": "1.17.0",
	"minecraft:block": {
		"description": {
			"properties": {
				"bridge:block_rotation": [
					2,
					3,
					4,
					5
				],
				"bn:toggle": [
					0,
					1,
					2,
					3,
					4,
					5
				]
			},
			"identifier": "bony:kitchen_sink_0"
		},
		"permutations": [
			{
				"condition": "query.block_property('bridge:block_rotation') == 2",
				"components": {
					"minecraft:rotation": [
						0,
						180,
						0
					]
				}
			},
			{
				"condition": "query.block_property('bridge:block_rotation') == 3",
				"components": {
					"minecraft:rotation": [
						0,
						0,
						0
					]
				}
			},
			{
				"condition": "query.block_property('bridge:block_rotation') == 4",
				"components": {
					"minecraft:rotation": [
						0,
						270,
						0
					]
				}
			},
			{
				"condition": "query.block_property('bridge:block_rotation') == 5",
				"components": {
					"minecraft:rotation": [
						0,
						90,
						0
					]
				}
			},
			{
				"condition": "query.block_property('bn:toggle') == 0",
				"components": {
					"minecraft:on_interact": {
						"event": "open",
						"target": "self"
					},
					"minecraft:geometry": "geometry.kitchen_sink_0_a",
					"minecraft:on_placed": {
						"event": "nothing"
					}
				}
			},
			{
				"condition": "query.block_property('bn:toggle') == 1",
				"components": {
					"minecraft:geometry": "geometry.kitchen_sink_0_b",
					"minecraft:ticking": {
						"on_tick": {
							"event": "1c"
						},
						"range": [
							0.1,
							0.1
						],
						"looping": false
					}
				}
			},
			{
				"condition": "query.block_property('bn:toggle') == 2",
				"components": {
					"minecraft:geometry": "geometry.kitchen_sink_0_c",
					"minecraft:ticking": {
						"on_tick": {
							"event": "1d"
						},
						"range": [
							0.1,
							0.1
						],
						"looping": false
					}
				}
			},
			{
				"condition": "query.block_property('bn:toggle') == 3",
				"components": {
					"minecraft:geometry": "geometry.kitchen_sink_0_d",
					"minecraft:ticking": {
						"on_tick": {
							"event": "1e"
						},
						"range": [
							0.1,
							0.1
						],
						"looping": false
					}
				}
			},
			{
				"condition": "query.block_property('bn:toggle') == 4",
				"components": {
					"minecraft:geometry": "geometry.kitchen_sink_0_e",
					"minecraft:ticking": {
						"on_tick": {
							"event": "1f"
						},
						"range": [
							0.1,
							0.1
						],
						"looping": false
					}
				}
			},
			{
				"condition": "query.block_property('bn:toggle') == 5",
				"components": {
					"minecraft:geometry": "geometry.kitchen_sink_0_f",
					"minecraft:on_interact": {
						"event": "close"
					},
					"minecraft:ticking": {
						"looping": true,
						"range": [
							0,
							1
						],
						"on_tick": {
							"event": "commands"
						}
					}
				}
			}
		],
		"components": {
			"minecraft:on_player_placing": {
				"event": "bridge:update_rotation"
			},
			"minecraft:block_light_absorption": 0.9,
			"minecraft:material_instances": {
				"*": {
					"texture": "kitchen_sink_0",
					"render_method": "alpha_test"
				}
			},
			"minecraft:geometry": "geometry.kitchen_sink_1_a",
			"minecraft:creative_category": {
				"group": "itemGroup.name.Construction",
				"category": "Construction"
			}
		},
		"events": {
			"bridge:update_rotation": {
				"set_block_property": {
					"bridge:block_rotation": "query.cardinal_facing_2d"
				}
			},
			"open": {
				"set_block_property": {
					"bn:toggle": 1
				}
			},
			"close": {
				"set_block_property": {
					"bn:toggle": 0
				}
			},
			"1c": {
				"set_block_property": {
					"bn:toggle": 2
				}
			},
			"1d": {
				"set_block_property": {
					"bn:toggle": 3
				}
			},
			"1e": {
				"set_block_property": {
					"bn:toggle": 4
				}
			},
			"1f": {
				"set_block_property": {
					"bn:toggle": 5
				}
			},
			"commands": {
				"run_command": {
					"command": [
						"particle minecraft:rain_splash_particle ~ ~1 ~",
						"playsound mob.dolphin.splash @a[r=4]"
					]
				}
			}
		}
	}
}