{
	"format_version": "1.17.0",
	"minecraft:block": {
		"description": {
			"identifier": "bony:plant_stand_0"
		},
		"components": {
			"minecraft:material_instances": {
				"*": {
					"texture": "plants",
					"render_method": "alpha_test"
				}
			},
			"minecraft:geometry": "geometry.plant_stand_0",
			"minecraft:block_light_absorption": 0.9,
			"minecraft:entity_collision": {
				"origin": [
					-6.25,
					0,
					-6.25
				],
				"size": [
					12.5,
					16,
					12.5
				]
			},
			"minecraft:pick_collision": {
				"origin": [
					-6.25,
					0,
					-6.25
				],
				"size": [
					12.5,
					16,
					12.5
				]
			},
			"minecraft:creative_category": {
				"group": "itemGroup.name.Construction",
				"category": "Construction"
			}
		},
		"events": {}
	}
}