{
	"minecraft:block": {
		"description": {
			"properties": {
				"bridge:block_rotation": [
					2,
					3,
					4,
					5
				],
				"bn:plate": [
					0,
					1
				]
			},
			"identifier": "bony:plate_1"
		},
		"permutations": [
			{
				"condition": "query.block_property('bridge:block_rotation') == 2",
				"components": {
					"minecraft:rotation": [
						0,
						180,
						0
					]
				}
			},
			{
				"condition": "query.block_property('bridge:block_rotation') == 3",
				"components": {
					"minecraft:rotation": [
						0,
						0,
						0
					]
				}
			},
			{
				"condition": "query.block_property('bridge:block_rotation') == 4",
				"components": {
					"minecraft:rotation": [
						0,
						270,
						0
					]
				}
			},
			{
				"condition": "query.block_property('bridge:block_rotation') == 5",
				"components": {
					"minecraft:rotation": [
						0,
						90,
						0
					]
				}
			},
			{
				"condition": "query.block_property('bn:plate') == 0",
				"components": {
					"minecraft:geometry": "geometry.plate_1",
					"minecraft:on_interact": {
						"condition": "query.get_equipped_item_name=='cooked_chicken'",
						"event": "plate_1"
					},
					"minecraft:entity_collision": {
						"origin": [
							-6,
							0,
							-7
						],
						"size": [
							12,
							1.75,
							14
						]
					},
					"minecraft:pick_collision": {
						"origin": [
							-6,
							0,
							-7
						],
						"size": [
							12,
							1.75,
							14
						]
					}
				}
			},
			{
				"condition": "query.block_property('bn:plate') == 1",
				"components": {
					"minecraft:geometry": "geometry.plate_1_chicken",
					"minecraft:entity_collision": {
						"origin": [
							-6,
							0,
							-7
						],
						"size": [
							12,
							6,
							14
						]
					},
					"minecraft:pick_collision": {
						"origin": [
							-6,
							0,
							-7
						],
						"size": [
							12,
							6,
							14
						]
					},
					"minecraft:loot": "loot_tables/plate_chicken.json",
					"minecraft:on_interact": {
						"event": "eat"
					}
				}
			}
		],
		"components": {
			"minecraft:on_player_placing": {
				"event": "bridge:update_rotation"
			},
			"minecraft:material_instances": {
				"*": {
					"texture": "plate_1",
					"render_method": "alpha_test"
				}
			},
			"minecraft:entity_collision": {
				"origin": [
					-6,
					0,
					-7
				],
				"size": [
					12,
					1.75,
					14
				]
			},
			"minecraft:pick_collision": {
				"origin": [
					-6,
					0,
					-7
				],
				"size": [
					12,
					1.75,
					14
				]
			},
			"minecraft:block_light_absorption": 0.9,
			"minecraft:creative_category": {
				"group": "itemGroup.name.Construction",
				"category": "Construction"
			}
		},
		"events": {
			"bridge:update_rotation": {
				"set_block_property": {
					"bridge:block_rotation": "query.cardinal_facing_2d"
				}
			},
			"plate_0": {
				"set_block_property": {
					"bn:plate": 0
				}
			},
			"plate_1": {
				"set_block_property": {
					"bn:plate": 1
				},
				"decrement_stack": {}
			},
			"eat": {
				"add_mob_effect": {
					"effect": "saturation",
					"target": "other",
					"duration": 1,
					"amplifier": 255
				},
				"set_block": {
					"block_type": "minecraft:air"
				},
				"play_sound": {
					"target": "other",
					"sound": "random.burp"
				},
				"trigger": {
					"event": "plate_0"
				},
				"run_command": {
					"command": [
						"playsound random.burp @a[r=7]"
					]
				}
			}
		}
	},
	"format_version": "1.17.0"
}