{
	"format_version": "1.17.0",
	"minecraft:block": {
		"description": {
			"identifier": "bony:plate_0",
			"properties": {
				"bn:plate": [
					0,
					1,
					2,
					3,
					4,
					5,
					6
				]
			}
		},
		"components": {
			"minecraft:material_instances": {
				"*": {
					"texture": "plate_0",
					"render_method": "alpha_test"
				}
			},
			"minecraft:block_light_absorption": 0.9,
			"minecraft:geometry": "geometry.plate_0_a",
			"minecraft:on_player_placing": {
				"event": "plate_0"
			},
			"minecraft:creative_category": {
				"group": "itemGroup.name.Construction",
				"category": "Construction"
			}
		},
		"events": {
			"plate_0": {
				"set_block_property": {
					"bn:plate": 0
				}
			},
			"plate_1": {
				"set_block_property": {
					"bn:plate": 1
				},
				"decrement_stack": {}
			},
			"plate_2": {
				"set_block_property": {
					"bn:plate": 2
				},
				"decrement_stack": {}
			},
			"plate_3": {
				"set_block_property": {
					"bn:plate": 3
				},
				"decrement_stack": {}
			},
			"plate_4": {
				"set_block_property": {
					"bn:plate": 4
				},
				"decrement_stack": {}
			},
			"plate_5": {
				"set_block_property": {
					"bn:plate": 5
				},
				"decrement_stack": {}
			},
			"plate_6": {
				"set_block_property": {
					"bn:plate": 6
				},
				"decrement_stack": {}
			}
		},
		"permutations": [
			{
				"condition": "query.block_property('bn:plate') == 0",
				"components": {
					"minecraft:geometry": "geometry.plate_0_a",
					"minecraft:on_interact": {
						"condition": "query.get_equipped_item_name=='plate_0'",
						"event": "plate_1"
					},
					"minecraft:entity_collision": {
						"origin": [
							-4,
							0,
							-4
						],
						"size": [
							8,
							1.75,
							8
						]
					},
					"minecraft:pick_collision": {
						"origin": [
							-4,
							0,
							-4
						],
						"size": [
							8,
							1.75,
							8
						]
					}
				}
			},
			{
				"condition": "query.block_property('bn:plate') == 1",
				"components": {
					"minecraft:geometry": "geometry.plate_0_b",
					"minecraft:on_interact": {
						"condition": "query.get_equipped_item_name=='plate_0'",
						"event": "plate_2"
					},
					"minecraft:pick_collision": {
						"origin": [
							-4,
							0,
							-4
						],
						"size": [
							8,
							2.75,
							8
						]
					},
					"minecraft:entity_collision": {
						"origin": [
							-4,
							0,
							-4
						],
						"size": [
							8,
							2.75,
							8
						]
					},
					"minecraft:loot": "loot_tables/plate_0_2.json"
				}
			},
			{
				"condition": "query.block_property('bn:plate') == 2",
				"components": {
					"minecraft:geometry": "geometry.plate_0_c",
					"minecraft:on_interact": {
						"condition": "query.get_equipped_item_name=='plate_0'",
						"event": "plate_3"
					},
					"minecraft:pick_collision": {
						"origin": [
							-4,
							0,
							-4
						],
						"size": [
							8,
							4,
							8
						]
					},
					"minecraft:entity_collision": {
						"origin": [
							-4,
							0,
							-4
						],
						"size": [
							8,
							4,
							8
						]
					},
					"minecraft:loot": "loot_tables/plate_0_3.json"
				}
			},
			{
				"condition": "query.block_property('bn:plate') == 3",
				"components": {
					"minecraft:geometry": "geometry.plate_0_d",
					"minecraft:pick_collision": {
						"origin": [
							-4,
							0,
							-4
						],
						"size": [
							8,
							5.25,
							8
						]
					},
					"minecraft:entity_collision": {
						"origin": [
							-4,
							0,
							-4
						],
						"size": [
							8,
							5.25,
							8
						]
					},
					"minecraft:loot": "loot_tables/plate_0_4.json",
					"minecraft:on_interact": {
						"condition": "query.get_equipped_item_name=='plate_0'",
						"event": "plate_4"
					}
				}
			},
			{
				"condition": "query.block_property('bn:plate') == 4",
				"components": {
					"minecraft:geometry": "geometry.plate_0_e",
					"minecraft:pick_collision": {
						"origin": [
							-4,
							0,
							-4
						],
						"size": [
							8,
							6.5,
							8
						]
					},
					"minecraft:entity_collision": {
						"origin": [
							-4,
							0,
							-4
						],
						"size": [
							8,
							6.5,
							8
						]
					},
					"minecraft:loot": "loot_tables/plate_0_5.json",
					"minecraft:on_interact": {
						"condition": "query.get_equipped_item_name=='plate_0'",
						"event": "plate_5"
					}
				}
			},
			{
				"condition": "query.block_property('bn:plate') == 5",
				"components": {
					"minecraft:geometry": "geometry.plate_0_f",
					"minecraft:pick_collision": {
						"origin": [
							-4,
							0,
							-4
						],
						"size": [
							8,
							7.75,
							8
						]
					},
					"minecraft:entity_collision": {
						"origin": [
							-4,
							0,
							-4
						],
						"size": [
							8,
							7.75,
							8
						]
					},
					"minecraft:loot": "loot_tables/plate_0_6.json",
					"minecraft:on_interact": {
						"condition": "query.get_equipped_item_name=='plate_0'",
						"event": "plate_6"
					}
				}
			},
			{
				"condition": "query.block_property('bn:plate') == 6",
				"components": {
					"minecraft:geometry": "geometry.plate_0_g",
					"minecraft:pick_collision": {
						"origin": [
							-4,
							0,
							-4
						],
						"size": [
							8,
							9,
							8
						]
					},
					"minecraft:entity_collision": {
						"origin": [
							-4,
							0,
							-4
						],
						"size": [
							8,
							9,
							8
						]
					},
					"minecraft:loot": "loot_tables/plate_0_7.json"
				}
			}
		]
	}
}