{
	"minecraft:block": {
		"description": {
			"properties": {
				"bridge:block_rotation": [
					2,
					3,
					4,
					5
				]
			},
			"identifier": "bony:sand_castle_0"
		},
		"permutations": [
			{
				"condition": "query.block_property('bridge:block_rotation') == 2",
				"components": {
					"minecraft:rotation": [
						0,
						180,
						0
					]
				}
			},
			{
				"condition": "query.block_property('bridge:block_rotation') == 3",
				"components": {
					"minecraft:rotation": [
						0,
						0,
						0
					]
				}
			},
			{
				"condition": "query.block_property('bridge:block_rotation') == 4",
				"components": {
					"minecraft:rotation": [
						0,
						270,
						0
					]
				}
			},
			{
				"condition": "query.block_property('bridge:block_rotation') == 5",
				"components": {
					"minecraft:rotation": [
						0,
						90,
						0
					]
				}
			}
		],
		"components": {
			"minecraft:on_player_placing": {
				"event": "bridge:update_rotation"
			},
			"minecraft:creative_category": {
				"group": "itemGroup.name.Construction",
				"category": "Construction"
			},
			"minecraft:material_instances": {
				"*": {
					"texture": "sand_castle_0",
					"render_method": "alpha_test"
				}
			},
			"minecraft:geometry": "geometry.sand_castle_0",
			"minecraft:block_light_absorption": 0.9,
			"minecraft:entity_collision": {
				"origin": [
					-6,
					0,
					-6
				],
				"size": [
					12,
					9,
					12
				]
			},
			"minecraft:on_step_on": {
				"event": "destroy"
			},
			"minecraft:loot": "loot_tables/castle.json"
		},
		"events": {
			"bridge:update_rotation": {
				"set_block_property": {
					"bridge:block_rotation": "query.cardinal_facing_2d"
				}
			},
			"destroy": {
				"die": {
					"target": "self"
				}
			}
		}
	},
	"format_version": "1.17.0"
}