{
	"format_version": "1.17.0",
	"minecraft:block": {
		"description": {
			"identifier": "bony:small_lamp_0",
			"properties": {
				"bn:lamp": [
					0,
					1
				]
			}
		},
		"components": {
			"minecraft:material_instances": {
				"*": {
					"texture": "lamp_0",
					"render_method": "opaque"
				}
			},
			"minecraft:geometry": "geometry.small_lamp_0",
			"minecraft:on_interact": {
				"event": "on"
			},
			"minecraft:creative_category": {
				"group": "itemGroup.name.Construction",
				"category": "Construction"
			}
		},
		"events": {
			"off": {
				"set_block_property": {
					"bn:lamp": 1
				}
			},
			"on": {
				"set_block_property": {
					"bn:lamp": 0
				}
			}
		},
		"permutations": [
			{
				"condition": "query.block_property('bn:lamp') == 0",
				"components": {
					"minecraft:block_light_emission": 0.9,
					"minecraft:on_interact": {
						"event": "off"
					},
					"minecraft:material_instances": {
						"*": {
							"texture": "small_lamp_0_on"
						}
					}
				}
			},
			{
				"components": {
					"minecraft:block_light_emission": 0,
					"minecraft:on_interact": {
						"event": "on"
					},
					"minecraft:material_instances": {
						"*": {
							"texture": "small_lamp_0_off"
						}
					}
				},
				"condition": "query.block_property('bn:lamp') == 1"
			}
		]
	}
}