{
	"format_version": "1.17.0",
	"minecraft:block": {
		"description": {
			"properties": {
				"bridge:block_rotation": [
					2,
					3,
					4,
					5
				],
				"bn:toggle": [
					0,
					1,
					2
				]
			},
			"identifier": "bony:speaker_1_a"
		},
		"permutations": [
			{
				"condition": "query.block_property('bridge:block_rotation') == 2",
				"components": {
					"minecraft:rotation": [
						0,
						180,
						0
					],
					"minecraft:on_placed": {
						"event": "rot_a"
					}
				}
			},
			{
				"condition": "query.block_property('bridge:block_rotation') == 3",
				"components": {
					"minecraft:rotation": [
						0,
						0,
						0
					],
					"minecraft:on_placed": {
						"event": "rot_b"
					}
				}
			},
			{
				"condition": "query.block_property('bridge:block_rotation') == 4",
				"components": {
					"minecraft:rotation": [
						0,
						270,
						0
					],
					"minecraft:on_placed": {
						"event": "rot_c"
					}
				}
			},
			{
				"condition": "query.block_property('bridge:block_rotation') == 5",
				"components": {
					"minecraft:rotation": [
						0,
						90,
						0
					],
					"minecraft:on_placed": {
						"event": "rot_d"
					}
				}
			}
		],
		"components": {
			"minecraft:on_player_placing": {
				"event": "bridge:update_rotation"
			},
			"minecraft:material_instances": {
				"*": {
					"texture": "speaker_1",
					"render_method": "alpha_test"
				}
			},
			"minecraft:geometry": "geometry.speaker_1_a",
			"minecraft:on_placed": {
				"event": "summon_mob"
			},
			"minecraft:on_player_destroyed": {
				"event": "remove"
			},
			"minecraft:creative_category": {
				"group": "itemGroup.name.Construction",
				"category": "Construction"
			}
		},
		"events": {
			"bridge:update_rotation": {
				"set_block_property": {
					"bridge:block_rotation": "query.cardinal_facing_2d"
				}
			},
			"rot_a": {
				"run_command": {
					"command": [
						"structure load speaker_1_a ~ ~1 ~"
					]
				}
			},
			"rot_b": {
				"run_command": {
					"command": [
						"structure load speaker_1_b ~ ~1 ~"
					]
				}
			},
			"rot_c": {
				"run_command": {
					"command": [
						"structure load speaker_1_c ~ ~1 ~"
					]
				}
			},
			"rot_d": {
				"run_command": {
					"command": [
						"structure load speaker_1_d ~ ~1 ~"
					]
				}
			}
		}
	}
}