{
	"minecraft:block": {
		"description": {
			"properties": {
				"bridge:block_rotation": [
					2,
					3,
					4,
					5
				],
				"bn:lamp": [
					0,
					1
				]
			},
			"identifier": "bony:stove_1"
		},
		"permutations": [
			{
				"condition": "query.block_property('bridge:block_rotation') == 2",
				"components": {
					"minecraft:rotation": [
						0,
						180,
						0
					]
				}
			},
			{
				"condition": "query.block_property('bridge:block_rotation') == 3",
				"components": {
					"minecraft:rotation": [
						0,
						0,
						0
					]
				}
			},
			{
				"condition": "query.block_property('bridge:block_rotation') == 4",
				"components": {
					"minecraft:rotation": [
						0,
						270,
						0
					]
				}
			},
			{
				"condition": "query.block_property('bridge:block_rotation') == 5",
				"components": {
					"minecraft:rotation": [
						0,
						90,
						0
					]
				}
			},
			{
				"condition": "query.block_property('bn:lamp') == 0",
				"components": {
					"minecraft:block_light_emission": 0,
					"minecraft:on_interact": {
						"event": "on"
					},
					"minecraft:material_instances": {
						"*": {
							"texture": "stove_1_off",
							"render_method": "alpha_test"
						}
					}
				}
			},
			{
				"condition": "query.block_property('bn:lamp') == 1",
				"components": {
					"minecraft:block_light_emission": 0.9,
					"minecraft:on_interact": {
						"event": "off"
					},
					"minecraft:material_instances": {
						"*": {
							"texture": "stove_1_on",
							"render_method": "alpha_test"
						}
					}
				}
			}
		],
		"components": {
			"minecraft:on_player_placing": {
				"event": "bridge:update_rotation"
			},
			"minecraft:material_instances": {
				"*": {
					"texture": "stove_1_off",
					"render_method": "alpha_test"
				}
			},
			"minecraft:geometry": "geometry.stove_1",
			"minecraft:on_interact": {
				"event": "off"
			},
			"minecraft:block_light_absorption": 0.9,
			"minecraft:creative_category": {
				"group": "itemGroup.name.Construction",
				"category": "Construction"
			}
		},
		"events": {
			"bridge:update_rotation": {
				"set_block_property": {
					"bridge:block_rotation": "query.cardinal_facing_2d"
				}
			},
			"off": {
				"set_block_property": {
					"bn:lamp": 0
				}
			},
			"on": {
				"set_block_property": {
					"bn:lamp": 1
				}
			}
		}
	},
	"format_version": "1.17.0"
}