{
	"format_version": "1.17.0",
	"minecraft:block": {
		"description": {
			"properties": {
				"bridge:block_rotation": [
					2,
					3,
					4,
					5
				],
				"bn:bread": [
					0,
					1,
					2
				]
			},
			"identifier": "bony:toaster_0"
		},
		"permutations": [
			{
				"condition": "query.block_property('bridge:block_rotation') == 2",
				"components": {
					"minecraft:rotation": [
						0,
						180,
						0
					]
				}
			},
			{
				"condition": "query.block_property('bridge:block_rotation') == 3",
				"components": {
					"minecraft:rotation": [
						0,
						0,
						0
					]
				}
			},
			{
				"condition": "query.block_property('bridge:block_rotation') == 4",
				"components": {
					"minecraft:rotation": [
						0,
						270,
						0
					]
				}
			},
			{
				"condition": "query.block_property('bridge:block_rotation') == 5",
				"components": {
					"minecraft:rotation": [
						0,
						90,
						0
					]
				}
			},
			{
				"condition": "query.block_property('bn:bread') == 0",
				"components": {
					"minecraft:geometry": "geometry.toaster_0",
					"minecraft:on_interact": {
						"condition": "query.get_equipped_item_name=='bread'",
						"event": "toast"
					}
				}
			},
			{
				"condition": "query.block_property('bn:bread') == 1",
				"components": {
					"minecraft:geometry": "geometry.toastergeometry.toaster_b",
					"minecraft:on_interact": {
						"event": "cook"
					}
				}
			},
			{
				"condition": "query.block_property('bn:bread') == 2",
				"components": {
					"minecraft:geometry": "geometry.toaster_c",
					"minecraft:ticking": {
						"looping": false,
						"range": [
							3,
							5
						],
						"on_tick": {
							"event": "finish"
						}
					}
				}
			}
		],
		"components": {
			"minecraft:on_player_placing": {
				"event": "bridge:update_rotation"
			},
			"minecraft:material_instances": {
				"*": {
					"texture": "toaster_0",
					"render_method": "alpha_test"
				}
			},
			"minecraft:geometry": "geometry.toaster_0",
			"minecraft:entity_collision": {
				"origin": [
					-2.5,
					0,
					-4
				],
				"size": [
					5,
					5,
					8
				]
			},
			"minecraft:pick_collision": {
				"origin": [
					-2.5,
					0,
					-4
				],
				"size": [
					5,
					5,
					8
				]
			},
			"minecraft:block_light_absorption": 0.9,
			"minecraft:creative_category": {
				"group": "itemGroup.name.Construction",
				"category": "Construction"
			}
		},
		"events": {
			"bridge:update_rotation": {
				"set_block_property": {
					"bridge:block_rotation": "query.cardinal_facing_2d"
				}
			},
			"no_toast": {
				"set_block_property": {
					"bn:bread": 0
				}
			},
			"toast": {
				"set_block_property": {
					"bn:bread": 1
				},
				"decrement_stack": {}
			},
			"cook": {
				"set_block_property": {
					"bn:bread": 2
				},
				"play_sound": {
					"target": "other",
					"sound": "block.stonecutter.use"
				}
			},
			"finish": {
				"spawn_loot": {
					"table": "loot_tables/toast.json"
				},
				"trigger": {
					"event": "no_toast"
				},
				"play_sound": {
					"sound": "block.stonecutter.use"
				}
			}
		}
	}
}