{
	"minecraft:block": {
		"description": {
			"properties": {
				"bridge:block_rotation": [
					2,
					3,
					4,
					5
				],
				"bony:lights": [
					0,
					1,
					2
				]
			},
			"identifier": "bony:traffic_light_0"
		},
		"permutations": [
			{
				"condition": "query.block_property('bridge:block_rotation') == 2",
				"components": {
					"minecraft:rotation": [
						0,
						180,
						0
					]
				}
			},
			{
				"condition": "query.block_property('bridge:block_rotation') == 3",
				"components": {
					"minecraft:rotation": [
						0,
						0,
						0
					]
				}
			},
			{
				"condition": "query.block_property('bridge:block_rotation') == 4",
				"components": {
					"minecraft:rotation": [
						0,
						270,
						0
					]
				}
			},
			{
				"condition": "query.block_property('bridge:block_rotation') == 5",
				"components": {
					"minecraft:rotation": [
						0,
						90,
						0
					]
				}
			},
			{
				"condition": "query.block_property('bony:lights') == 0",
				"components": {
					"minecraft:material_instances": {
						"*": {
							"texture": "traffic_light_0_red"
						}
					},
					"minecraft:ticking": {
						"looping": false,
						"range": [
							5,
							5
						],
						"on_tick": {
							"event": "yellow_light",
							"target": "self"
						}
					}
				}
			},
			{
				"condition": "query.block_property('bony:lights') == 1",
				"components": {
					"minecraft:material_instances": {
						"*": {
							"texture": "traffic_light_0_yellow"
						}
					},
					"minecraft:ticking": {
						"looping": false,
						"range": [
							5,
							5
						],
						"on_tick": {
							"target": "self",
							"event": "green_light"
						}
					}
				}
			},
			{
				"condition": "query.block_property('bony:lights') == 2",
				"components": {
					"minecraft:material_instances": {
						"*": {
							"texture": "traffic_light_0_green"
						}
					},
					"minecraft:ticking": {
						"looping": false,
						"range": [
							5,
							5
						],
						"on_tick": {
							"target": "self",
							"event": "red_light"
						}
					}
				}
			}
		],
		"components": {
			"minecraft:on_player_placing": {
				"event": "bridge:update_rotation"
			},
			"minecraft:geometry": "geometry.traffic_light_0",
			"minecraft:block_light_absorption": 0.9,
			"minecraft:block_light_emission": 0.5,
			"minecraft:entity_collision": {
				"origin": [
					-3,
					0,
					3
				],
				"size": [
					6,
					16,
					5
				]
			},
			"minecraft:pick_collision": {
				"origin": [
					-3,
					0,
					3
				],
				"size": [
					6,
					16,
					5
				]
			},
			"minecraft:creative_category": {
				"group": "itemGroup.name.Construction",
				"category": "Construction"
			}
		},
		"events": {
			"bridge:update_rotation": {
				"set_block_property": {
					"bridge:block_rotation": "query.cardinal_facing_2d"
				}
			},
			"red_light": {
				"set_block_property": {
					"bony:lights": 0
				},
				"play_sound": {
					"sound": "block.beehive.shear"
				}
			},
			"yellow_light": {
				"set_block_property": {
					"bony:lights": 1
				},
				"play_sound": {
					"sound": "block.beehive.shear"
				}
			},
			"green_light": {
				"set_block_property": {
					"bony:lights": 2
				},
				"play_sound": {
					"sound": "block.beehive.shear"
				}
			}
		}
	},
	"format_version": "1.17.0"
}