{
	"format_version": "1.17.0",
	"minecraft:block": {
		"description": {
			"identifier": "bony:traffic_cone_0"
		},
		"components": {
			"minecraft:material_instances": {
				"*": {
					"texture": "traffic_cone_0",
					"render_method": "alpha_test"
				}
			},
			"minecraft:geometry": "geometry.traffic_cone_0",
			"minecraft:block_light_absorption": 0.9,
			"minecraft:block_light_emission": 0.3,
			"minecraft:entity_collision": {
				"origin": [
					-1.75,
					0,
					-1.75
				],
				"size": [
					3.5,
					16,
					3.5
				]
			},
			"minecraft:pick_collision": {
				"origin": [
					-1.75,
					0,
					-1.75
				],
				"size": [
					3.5,
					16,
					3.5
				]
			},
			"minecraft:creative_category": {
				"group": "itemGroup.name.Construction",
				"category": "Construction"
			}
		},
		"events": {}
	}
}