{
	"format_version": "1.17.0",
	"minecraft:block": {
		"description": {
			"identifier": "bony:trash_bin_0"
		},
		"components": {
			"minecraft:material_instances": {
				"*": {
					"texture": "trash",
					"render_method": "alpha_test"
				}
			},
			"minecraft:geometry": "geometry.trash_bin_0",
			"minecraft:pick_collision": {
				"origin": [
					-7,
					0,
					-7
				],
				"size": [
					14,
					15,
					14
				]
			},
			"minecraft:entity_collision": {
				"origin": [
					-7,
					0,
					-7
				],
				"size": [
					14,
					15,
					14
				]
			},
			"minecraft:on_placed": {
				"event": "inventory"
			},
			"minecraft:on_player_destroyed": {
				"event": "remove"
			},
			"minecraft:creative_category": {
				"group": "itemGroup.name.Construction",
				"category": "Construction"
			},
			"minecraft:ticking": {
				"looping": true,
				"range": [
					5,
					5
				],
				"on_tick": {
					"event": "clear"
				}
			}
		},
		"events": {
			"inventory": {
				"run_command": {
					"command": [
						"summon bony:inventory_trash ~ ~0.4 ~ size_1"
					]
				}
			},
			"remove": {
				"run_command": {
					"command": [
						"event entity @e[type=bony:inventory,c=1] remove"
					]
				}
			},
			"clear": {
				"run_command": {
					"command": [
						"function trash"
					]
				}
			}
		}
	}
}