{
	"format_version": "1.17.0",
	"minecraft:block": {
		"description": {
			"properties": {
				"bridge:block_rotation": [
					2,
					3,
					4,
					5
				],
				"bn:channel": [
					0,
					1,
					2,
					3,
					4,
					5,
					6
				]
			},
			"identifier": "bony:tv_2"
		},
		"permutations": [
			{
				"condition": "query.block_property('bridge:block_rotation') == 2",
				"components": {
					"minecraft:rotation": [
						0,
						180,
						0
					]
				}
			},
			{
				"condition": "query.block_property('bridge:block_rotation') == 3",
				"components": {
					"minecraft:rotation": [
						0,
						0,
						0
					]
				}
			},
			{
				"condition": "query.block_property('bridge:block_rotation') == 4",
				"components": {
					"minecraft:rotation": [
						0,
						270,
						0
					]
				}
			},
			{
				"condition": "query.block_property('bridge:block_rotation') == 5",
				"components": {
					"minecraft:rotation": [
						0,
						90,
						0
					]
				}
			},
			{
				"condition": "query.block_property('bn:channel') == 0",
				"components": {
					"minecraft:material_instances": {
						"*": {
							"texture": "tv_off"
						}
					},
					"minecraft:on_interact": {
						"event": "channel_1"
					},
					"minecraft:block_light_absorption": 0.9,
					"minecraft:block_light_emission": 0
				}
			},
			{
				"condition": "query.block_property('bn:channel') == 1",
				"components": {
					"minecraft:material_instances": {
						"*": {
							"texture": "channel_1"
						}
					},
					"minecraft:on_interact": {
						"event": "channel_2"
					},
					"minecraft:block_light_emission": 0.4
				}
			},
			{
				"condition": "query.block_property('bn:channel') == 2",
				"components": {
					"minecraft:material_instances": {
						"*": {
							"texture": "channel_2"
						}
					},
					"minecraft:on_interact": {
						"event": "channel_3"
					},
					"minecraft:block_light_emission": 0.4
				}
			},
			{
				"condition": "query.block_property('bn:channel') == 3",
				"components": {
					"minecraft:material_instances": {
						"*": {
							"texture": "channel_3"
						}
					},
					"minecraft:on_interact": {
						"event": "channel_4"
					},
					"minecraft:block_light_emission": 0.4
				}
			},
			{
				"condition": "query.block_property('bn:channel') == 4",
				"components": {
					"minecraft:material_instances": {
						"*": {
							"texture": "channel_4"
						}
					},
					"minecraft:on_interact": {
						"event": "channel_5"
					},
					"minecraft:block_light_emission": 0.4
				}
			},
			{
				"condition": "query.block_property('bn:channel') == 5",
				"components": {
					"minecraft:material_instances": {
						"*": {
							"texture": "channel_5"
						}
					},
					"minecraft:on_interact": {
						"event": "channel_6"
					},
					"minecraft:block_light_emission": 0.4
				}
			},
			{
				"condition": "query.block_property('bn:channel') == 6",
				"components": {
					"minecraft:material_instances": {
						"*": {
							"texture": "channel_6"
						}
					},
					"minecraft:on_interact": {
						"event": "channel_0"
					},
					"minecraft:block_light_emission": 0.4
				}
			}
		],
		"components": {
			"minecraft:on_player_placing": {
				"event": "bridge:update_rotation"
			},
			"minecraft:material_instances": {
				"*": {
					"texture": "tv_off",
					"render_method": "alpha_test"
				}
			},
			"minecraft:geometry": "geometry.tv_2",
			"minecraft:entity_collision": {
				"origin": [
					-8,
					0,
					7
				],
				"size": [
					16,
					16,
					1
				]
			},
			"minecraft:pick_collision": {
				"size": [
					16,
					16,
					1
				],
				"origin": [
					-8,
					0,
					7
				]
			},
			"minecraft:on_interact": {
				"event": "channel_1"
			},
			"minecraft:creative_category": {
				"group": "itemGroup.name.Construction",
				"category": "Construction"
			}
		},
		"events": {
			"bridge:update_rotation": {
				"set_block_property": {
					"bridge:block_rotation": "query.cardinal_facing_2d"
				}
			},
			"channel_0": {
				"set_block_property": {
					"bn:channel": 0
				}
			},
			"channel_1": {
				"set_block_property": {
					"bn:channel": 1
				}
			},
			"channel_2": {
				"set_block_property": {
					"bn:channel": 2
				}
			},
			"channel_3": {
				"set_block_property": {
					"bn:channel": 3
				}
			},
			"channel_4": {
				"set_block_property": {
					"bn:channel": 4
				}
			},
			"channel_5": {
				"set_block_property": {
					"bn:channel": 5
				}
			},
			"channel_6": {
				"set_block_property": {
					"bn:channel": 6
				}
			}
		}
	}
}