{
	"format_version": "1.17.0",
	"minecraft:block": {
		"description": {
			"properties": {
				"bridge:block_rotation": [
					2,
					3,
					4,
					5
				],
				"bn:toggle": [
					0,
					1
				]
			},
			"identifier": "bony:xbox_0"
		},
		"permutations": [
			{
				"condition": "query.block_property('bridge:block_rotation') == 2",
				"components": {
					"minecraft:rotation": [
						0,
						180,
						0
					]
				}
			},
			{
				"condition": "query.block_property('bridge:block_rotation') == 3",
				"components": {
					"minecraft:rotation": [
						0,
						0,
						0
					]
				}
			},
			{
				"condition": "query.block_property('bridge:block_rotation') == 4",
				"components": {
					"minecraft:rotation": [
						0,
						270,
						0
					]
				}
			},
			{
				"condition": "query.block_property('bridge:block_rotation') == 5",
				"components": {
					"minecraft:rotation": [
						0,
						90,
						0
					]
				}
			},
			{
				"condition": "query.block_property('bn:toggle') == 0",
				"components": {
					"minecraft:on_interact": {
						"event": "on",
						"target": "self"
					},
					"minecraft:material_instances": {
						"*": {
							"texture": "xbox_off",
							"render_method": "alpha_test"
						}
					}
				}
			},
			{
				"condition": "query.block_property('bn:toggle') == 1",
				"components": {
					"minecraft:on_interact": {
						"event": "off",
						"target": "self"
					},
					"minecraft:material_instances": {
						"*": {
							"texture": "xbox_on",
							"render_method": "alpha_test"
						}
					}
				}
			}
		],
		"components": {
			"minecraft:on_player_placing": {
				"event": "bridge:update_rotation"
			},
			"minecraft:material_instances": {
				"*": {
					"texture": "xbox_off",
					"render_method": "alpha_test"
				}
			},
			"minecraft:geometry": "geometry.xbox_series_x",
			"minecraft:block_light_absorption": 0.9,
			"minecraft:entity_collision": {
				"origin": [
					-2.5,
					0,
					-2.5
				],
				"size": [
					5,
					10,
					5
				]
			},
			"minecraft:pick_collision": {
				"origin": [
					-2.5,
					0,
					-2.5
				],
				"size": [
					5,
					10,
					5
				]
			},
			"minecraft:on_interact": {
				"event": "on"
			},
			"minecraft:creative_category": {
				"group": "itemGroup.name.Construction",
				"category": "Construction"
			}
		},
		"events": {
			"bridge:update_rotation": {
				"set_block_property": {
					"bridge:block_rotation": "query.cardinal_facing_2d"
				}
			},
			"off": {
				"set_block_property": {
					"bn:toggle": 0
				},
				"run_command": {
					"command": [
						"playsound random.orb @a[r=7]"
					]
				}
			},
			"on": {
				"set_block_property": {
					"bn:toggle": 1
				},
				"run_command": {
					"command": [
						"playsound random.orb @a[r=7]"
					]
				}
			}
		}
	}
}