{
	"format_version": "1.17.0",
	"minecraft:block": {
		"description": {
			"properties": {
				"bridge:block_rotation": [
					2,
					3,
					4,
					5
				]
			},
			"identifier": "bony:tv_stand_0_a"
		},
		"permutations": [
			{
				"condition": "query.block_property('bridge:block_rotation') == 2",
				"components": {
					"minecraft:rotation": [
						0,
						180,
						0
					],
					"minecraft:ticking": {
						"on_tick": {
							"event": "d0"
						},
						"range": [
							0,
							0
						],
						"looping": false
					}
				}
			},
			{
				"condition": "query.block_property('bridge:block_rotation') == 3",
				"components": {
					"minecraft:rotation": [
						0,
						0,
						0
					],
					"minecraft:ticking": {
						"on_tick": {
							"event": "d1"
						},
						"range": [
							0,
							0
						],
						"looping": false
					}
				}
			},
			{
				"condition": "query.block_property('bridge:block_rotation') == 4",
				"components": {
					"minecraft:rotation": [
						0,
						270,
						0
					],
					"minecraft:ticking": {
						"on_tick": {
							"event": "d2"
						},
						"range": [
							0,
							0
						],
						"looping": false
					}
				}
			},
			{
				"condition": "query.block_property('bridge:block_rotation') == 5",
				"components": {
					"minecraft:rotation": [
						0,
						90,
						0
					],
					"minecraft:ticking": {
						"on_tick": {
							"event": "d3"
						},
						"range": [
							0,
							0
						],
						"looping": false
					}
				}
			}
		],
		"components": {
			"minecraft:on_player_placing": {
				"event": "bridge:update_rotation"
			},
			"minecraft:material_instances": {
				"*": {
					"texture": "tv_stand_0",
					"render_method": "alpha_test"
				}
			},
			"minecraft:geometry": "geometry.tv_stand_0_a",
			"minecraft:block_light_absorption": 0.9,
			"minecraft:creative_category": {
				"group": "itemGroup.name.Construction",
				"category": "Construction"
			}
		},
		"events": {
			"bridge:update_rotation": {
				"set_block_property": {
					"bridge:block_rotation": "query.cardinal_facing_2d"
				}
			},
			"d0": {
				"run_command": {
					"command": [
						"structure load tv_stand_0_d0 ~1 ~ ~"
					]
				}
			},
			"d1": {
				"run_command": {
					"command": [
						"structure load tv_stand_0_d1 ~-2 ~ ~"
					]
				}
			},
			"d2": {
				"run_command": {
					"command": [
						"structure load tv_stand_0_d2 ~ ~ ~-2"
					]
				}
			},
			"d3": {
				"run_command": {
					"command": [
						"structure load tv_stand_0_d3 ~ ~ ~1"
					]
				}
			}
		}
	}
}