{
	"format_version": "1.12.0",
	"minecraft:geometry": [
		{
			"description": {
				"identifier": "geometry.bathroom_sink_b",
				"texture_width": 64,
				"texture_height": 64,
				"visible_bounds_width": 3,
				"visible_bounds_height": 3.5,
				"visible_bounds_offset": [0, 1.25, 0]
			},
			"bones": [
				{
					"name": "bone",
					"pivot": [0, 0, 2],
					"cubes": [
						{
							"origin": [-4, 0, -2],
							"size": [8, 1, 8],
							"uv": {
								"north": {"uv": [8, 20], "uv_size": [8, 1]},
								"east": {"uv": [0, 20], "uv_size": [8, 1]},
								"south": {"uv": [24, 20], "uv_size": [8, 1]},
								"west": {"uv": [16, 20], "uv_size": [8, 1]},
								"up": {"uv": [8, 12], "uv_size": [8, 8]},
								"down": {"uv": [16, 20], "uv_size": [8, -8]}
							}
						},
						{
							"origin": [-3, 1, -1],
							"size": [6, 10, 6],
							"uv": {
								"north": {"uv": [6, 27], "uv_size": [6, 10]},
								"east": {"uv": [0, 27], "uv_size": [6, 10]},
								"south": {"uv": [18, 27], "uv_size": [6, 10]},
								"west": {"uv": [12, 27], "uv_size": [6, 10]},
								"up": {"uv": [6, 21], "uv_size": [6, 6]},
								"down": {"uv": [12, 27], "uv_size": [6, -6]}
							}
						},
						{
							"origin": [-5, 11, -3],
							"size": [10, 1, 11],
							"uv": {
								"north": {"uv": [11, 11], "uv_size": [10, 1]},
								"east": {"uv": [0, 11], "uv_size": [11, 1]},
								"south": {"uv": [32, 11], "uv_size": [10, 1]},
								"west": {"uv": [21, 11], "uv_size": [11, 1]},
								"up": {"uv": [11, 0], "uv_size": [10, 11]},
								"down": {"uv": [21, 11], "uv_size": [10, -11]}
							}
						},
						{
							"origin": [-6, 12, 6],
							"size": [12, 2, 2],
							"uv": {
								"north": {"uv": [38, 14], "uv_size": [12, 2]},
								"east": {"uv": [36, 14], "uv_size": [2, 2]},
								"south": {"uv": [52, 14], "uv_size": [12, 2]},
								"west": {"uv": [50, 14], "uv_size": [2, 2]},
								"up": {"uv": [38, 12], "uv_size": [12, 2]},
								"down": {"uv": [50, 14], "uv_size": [12, -2]}
							}
						},
						{
							"origin": [-5, 12, -4],
							"size": [10, 2, 2],
							"uv": {
								"north": {"uv": [38, 18], "uv_size": [10, 2]},
								"east": {"uv": [36, 18], "uv_size": [2, 2]},
								"south": {"uv": [50, 18], "uv_size": [10, 2]},
								"west": {"uv": [48, 18], "uv_size": [2, 2]},
								"up": {"uv": [38, 16], "uv_size": [10, 2]},
								"down": {"uv": [48, 18], "uv_size": [10, -2]}
							}
						},
						{
							"origin": [-6, 12, -3],
							"size": [2, 2, 9],
							"uv": {
								"north": {"uv": [40, 9], "uv_size": [2, 2]},
								"east": {"uv": [31, 9], "uv_size": [9, 2]},
								"south": {"uv": [51, 9], "uv_size": [2, 2]},
								"west": {"uv": [42, 9], "uv_size": [9, 2]},
								"up": {"uv": [40, 0], "uv_size": [2, 9]},
								"down": {"uv": [42, 9], "uv_size": [2, -9]}
							}
						},
						{
							"origin": [4, 12, -3],
							"size": [2, 2, 9],
							"uv": {
								"north": {"uv": [32, 21], "uv_size": [2, 2]},
								"east": {"uv": [23, 21], "uv_size": [9, 2]},
								"south": {"uv": [43, 21], "uv_size": [2, 2]},
								"west": {"uv": [34, 21], "uv_size": [9, 2]},
								"up": {"uv": [32, 12], "uv_size": [2, 9]},
								"down": {"uv": [34, 21], "uv_size": [2, -9]}
							}
						},
						{
							"origin": [-4, 7.3923, 9.19615],
							"size": [8, 1, 3],
							"pivot": [0, 0, 0],
							"rotation": [30, 0, 0],
							"uv": {
								"north": {"uv": [25, 44], "uv_size": [8, 1]},
								"east": {"uv": [22, 44], "uv_size": [3, 1]},
								"south": {"uv": [36, 44], "uv_size": [8, 1]},
								"west": {"uv": [33, 44], "uv_size": [3, 1]},
								"up": {"uv": [25, 41], "uv_size": [8, 3]},
								"down": {"uv": [33, 44], "uv_size": [8, -3]}
							}
						},
						{
							"origin": [-4, 9.3923, -8.73205],
							"size": [8, 1, 3],
							"pivot": [0, 0, 0],
							"rotation": [-30, 0, 0],
							"uv": {
								"north": {"uv": [3, 44], "uv_size": [8, 1]},
								"east": {"uv": [0, 44], "uv_size": [3, 1]},
								"south": {"uv": [14, 44], "uv_size": [8, 1]},
								"west": {"uv": [11, 44], "uv_size": [3, 1]},
								"up": {"uv": [3, 41], "uv_size": [8, 3]},
								"down": {"uv": [11, 44], "uv_size": [8, -3]}
							}
						},
						{
							"origin": [-2, 8.3923, -10.4641],
							"size": [8, 1, 3],
							"pivot": [0, 0, 0],
							"rotation": [-30, -90, 0],
							"uv": {
								"north": {"uv": [25, 40], "uv_size": [8, 1]},
								"east": {"uv": [22, 40], "uv_size": [3, 1]},
								"south": {"uv": [36, 40], "uv_size": [8, 1]},
								"west": {"uv": [33, 40], "uv_size": [3, 1]},
								"up": {"uv": [25, 37], "uv_size": [8, 3]},
								"down": {"uv": [33, 40], "uv_size": [8, -3]}
							}
						},
						{
							"origin": [-6, 8.3923, -10.4641],
							"size": [8, 1, 3],
							"pivot": [0, 0, 0],
							"rotation": [-30, 90, 0],
							"uv": {
								"north": {"uv": [3, 40], "uv_size": [8, 1]},
								"east": {"uv": [0, 40], "uv_size": [3, 1]},
								"south": {"uv": [14, 40], "uv_size": [8, 1]},
								"west": {"uv": [11, 40], "uv_size": [3, 1]},
								"up": {"uv": [3, 37], "uv_size": [8, 3]},
								"down": {"uv": [11, 40], "uv_size": [8, -3]}
							}
						},
						{
							"origin": [-0.75, -5.53961, 17.66936],
							"size": [1.5, 4, 1],
							"pivot": [0, 0, 0],
							"rotation": [85, 0, 0],
							"uv": {
								"north": {"uv": [5, 5], "uv_size": [1, 4]},
								"east": {"uv": [4, 5], "uv_size": [1, 4]},
								"south": {"uv": [7, 5], "uv_size": [1, 4]},
								"west": {"uv": [6, 5], "uv_size": [1, 4]},
								"up": {"uv": [5, 4], "uv_size": [1, 1]},
								"down": {"uv": [6, 5], "uv_size": [1, -1]}
							}
						},
						{
							"origin": [-0.75, 12.42379, 7.69735],
							"size": [1.5, 5, 1],
							"pivot": [0, 0, 0],
							"rotation": [5, 0, 0],
							"uv": {
								"north": {"uv": [1, 1], "uv_size": [1, 5]},
								"east": {"uv": [0, 1], "uv_size": [1, 5]},
								"south": {"uv": [3, 1], "uv_size": [1, 5]},
								"west": {"uv": [2, 1], "uv_size": [1, 5]},
								"up": {"uv": [1, 0], "uv_size": [1, 1]},
								"down": {"uv": [2, 1], "uv_size": [1, -1]}
							}
						},
						{
							"origin": [3, 14, 6.25],
							"size": [1.5, 1, 1.5],
							"uv": {
								"north": {"uv": [5, 3], "uv_size": [1, 1]},
								"east": {"uv": [4, 3], "uv_size": [1, 1]},
								"south": {"uv": [7, 3], "uv_size": [1, 1]},
								"west": {"uv": [6, 3], "uv_size": [1, 1]},
								"up": {"uv": [5, 2], "uv_size": [1, 1]},
								"down": {"uv": [6, 3], "uv_size": [1, -1]}
							}
						},
						{
							"origin": [-4.5, 14, 6.25],
							"size": [1.5, 1, 1.5],
							"uv": {
								"north": {"uv": [5, 1], "uv_size": [1, 1]},
								"east": {"uv": [4, 1], "uv_size": [1, 1]},
								"south": {"uv": [7, 1], "uv_size": [1, 1]},
								"west": {"uv": [6, 1], "uv_size": [1, 1]},
								"up": {"uv": [5, 0], "uv_size": [1, 1]},
								"down": {"uv": [6, 1], "uv_size": [1, -1]}
							}
						},
						{
							"origin": [-5, 16, 8],
							"size": [10, 13, 0],
							"uv": {
								"north": {"uv": [24, 24], "uv_size": [10, 13]},
								"east": {"uv": [24, 24], "uv_size": [0, 13]},
								"south": {"uv": [49, 37], "uv_size": [10, 13]},
								"west": {"uv": [34, 24], "uv_size": [0, 13]},
								"up": {"uv": [24, 24], "uv_size": [10, 0]},
								"down": {"uv": [34, 24], "uv_size": [10, 0]}
							}
						},
						{
							"origin": [-0.5, 15.75, 3.3],
							"size": [1, 2.25, 1],
							"uv": {
								"north": {"uv": [49, 27], "uv_size": [1, 6]},
								"east": {"uv": [49, 27], "uv_size": [1, 6]},
								"south": {"uv": [49, 27], "uv_size": [1, 6]},
								"west": {"uv": [49, 27], "uv_size": [1, 6]},
								"up": {"uv": [1, 1], "uv_size": [-1, -1]},
								"down": {"uv": [1, 1], "uv_size": [-1, -1]}
							}
						}
					]
				}
			]
		}
	]
}