{
	"format_version": "1.12.0",
	"minecraft:geometry": [
		{
			"description": {
				"identifier": "geometry.toastergeometry.toaster_b",
				"texture_width": 64,
				"texture_height": 64,
				"visible_bounds_width": 2,
				"visible_bounds_height": 1.5,
				"visible_bounds_offset": [0, 0.25, 0]
			},
			"bones": [
				{
					"name": "main",
					"pivot": [-1.5, 0, 0]
				},
				{
					"name": "body",
					"parent": "main",
					"pivot": [-1.5, 0, 0],
					"cubes": [
						{
							"origin": [1.5, 0, -3],
							"size": [1, 5, 7],
							"uv": {
								"north": {"uv": [7, 7], "uv_size": [1, 5]},
								"east": {"uv": [0, 7], "uv_size": [7, 5]},
								"south": {"uv": [15, 7], "uv_size": [1, 5]},
								"west": {"uv": [8, 7], "uv_size": [7, 5]},
								"up": {"uv": [7, 0], "uv_size": [1, 7]},
								"down": {"uv": [8, 7], "uv_size": [1, -7]}
							}
						},
						{
							"origin": [-2.5, 0, 3],
							"size": [4, 5, 1],
							"uv": {
								"north": {"uv": [11, 26], "uv_size": [4, 5]},
								"east": {"uv": [10, 26], "uv_size": [1, 5]},
								"south": {"uv": [16, 26], "uv_size": [4, 5]},
								"west": {"uv": [15, 26], "uv_size": [1, 5]},
								"up": {"uv": [11, 25], "uv_size": [4, 1]},
								"down": {"uv": [15, 26], "uv_size": [4, -1]}
							}
						},
						{
							"origin": [-2.5, 0, -4],
							"size": [5, 5, 1],
							"uv": {
								"north": {"uv": [10, 1], "uv_size": [5, 5]},
								"east": {"uv": [9, 1], "uv_size": [1, 5]},
								"south": {"uv": [16, 1], "uv_size": [5, 5]},
								"west": {"uv": [15, 1], "uv_size": [1, 5]},
								"up": {"uv": [10, 0], "uv_size": [5, 1]},
								"down": {"uv": [15, 1], "uv_size": [5, -1]}
							}
						},
						{
							"origin": [-1.5, 0, -3],
							"size": [3, 1, 6],
							"uv": {
								"north": {"uv": [6, 23], "uv_size": [3, 1]},
								"east": {"uv": [0, 23], "uv_size": [6, 1]},
								"south": {"uv": [15, 23], "uv_size": [3, 1]},
								"west": {"uv": [9, 23], "uv_size": [6, 1]},
								"up": {"uv": [6, 17], "uv_size": [3, 6]},
								"down": {"uv": [9, 23], "uv_size": [3, -6]}
							}
						},
						{
							"origin": [-2.5, 0, -3],
							"size": [1, 5, 6],
							"uv": {
								"north": {"uv": [16, 12], "uv_size": [1, 5]},
								"east": {"uv": [10, 12], "uv_size": [6, 5]},
								"south": {"uv": [23, 12], "uv_size": [1, 5]},
								"west": {"uv": [17, 12], "uv_size": [6, 5]},
								"up": {"uv": [16, 6], "uv_size": [1, 6]},
								"down": {"uv": [17, 12], "uv_size": [1, -6]}
							}
						},
						{
							"origin": [-0.5, 1, -3],
							"size": [1, 4, 6],
							"uv": {
								"north": {"uv": [24, 6], "uv_size": [1, 4]},
								"east": {"uv": [18, 6], "uv_size": [6, 4]},
								"south": {"uv": [31, 6], "uv_size": [1, 4]},
								"west": {"uv": [25, 6], "uv_size": [6, 4]},
								"up": {"uv": [24, 0], "uv_size": [1, 6]},
								"down": {"uv": [25, 6], "uv_size": [1, -6]}
							}
						},
						{
							"origin": [-1.5, 3, -5],
							"size": [3, 1, 1],
							"uv": {
								"north": {"uv": [21, 19], "uv_size": [3, 1]},
								"east": {"uv": [20, 19], "uv_size": [1, 1]},
								"south": {"uv": [25, 19], "uv_size": [3, 1]},
								"west": {"uv": [24, 19], "uv_size": [1, 1]},
								"up": {"uv": [21, 18], "uv_size": [3, 1]},
								"down": {"uv": [24, 19], "uv_size": [3, -1]}
							}
						}
					]
				},
				{
					"name": "bread",
					"parent": "main",
					"pivot": [-1.5, 0, 0]
				},
				{
					"name": "left",
					"parent": "bread",
					"pivot": [-1.5, 0, 0],
					"cubes": [
						{
							"origin": [-1.5, 2, -2],
							"size": [1, 4, 4],
							"uv": {
								"north": {"uv": [4, 28], "uv_size": [1, 4]},
								"east": {"uv": [0, 28], "uv_size": [4, 4]},
								"south": {"uv": [9, 28], "uv_size": [1, 4]},
								"west": {"uv": [5, 28], "uv_size": [4, 4]},
								"up": {"uv": [4, 24], "uv_size": [1, 4]},
								"down": {"uv": [5, 28], "uv_size": [1, -4]}
							}
						},
						{
							"origin": [-1.5, 6, -3],
							"size": [1, 1, 6],
							"uv": {
								"north": {"uv": [18, 24], "uv_size": [1, 1]},
								"east": {"uv": [12, 24], "uv_size": [6, 1]},
								"south": {"uv": [25, 24], "uv_size": [1, 1]},
								"west": {"uv": [19, 24], "uv_size": [6, 1]},
								"up": {"uv": [18, 18], "uv_size": [1, 6]},
								"down": {"uv": [19, 24], "uv_size": [1, -6]}
							}
						},
						{
							"origin": [-1.5, 7, -2],
							"size": [1, 1, 4],
							"uv": {
								"north": {"uv": [30, 4], "uv_size": [1, 1]},
								"east": {"uv": [26, 4], "uv_size": [4, 1]},
								"south": {"uv": [35, 4], "uv_size": [1, 1]},
								"west": {"uv": [31, 4], "uv_size": [4, 1]},
								"up": {"uv": [30, 0], "uv_size": [1, 4]},
								"down": {"uv": [31, 4], "uv_size": [1, -4]}
							}
						}
					]
				},
				{
					"name": "right",
					"parent": "bread",
					"pivot": [0.5, 0, 0],
					"cubes": [
						{
							"origin": [0.5, 2, -2],
							"size": [1, 4, 4],
							"uv": {
								"north": {"uv": [26, 25], "uv_size": [1, 4]},
								"east": {"uv": [22, 25], "uv_size": [4, 4]},
								"south": {"uv": [31, 25], "uv_size": [1, 4]},
								"west": {"uv": [27, 25], "uv_size": [4, 4]},
								"up": {"uv": [26, 21], "uv_size": [1, 4]},
								"down": {"uv": [27, 25], "uv_size": [1, -4]}
							}
						},
						{
							"origin": [0.5, 6, -3],
							"size": [1, 1, 6],
							"uv": {
								"north": {"uv": [24, 17], "uv_size": [1, 1]},
								"east": {"uv": [18, 17], "uv_size": [6, 1]},
								"south": {"uv": [31, 17], "uv_size": [1, 1]},
								"west": {"uv": [25, 17], "uv_size": [6, 1]},
								"up": {"uv": [24, 11], "uv_size": [1, 6]},
								"down": {"uv": [25, 17], "uv_size": [1, -6]}
							}
						},
						{
							"origin": [0.5, 7, -2],
							"size": [1, 1, 4],
							"uv": {
								"north": {"uv": [4, 16], "uv_size": [1, 1]},
								"east": {"uv": [0, 16], "uv_size": [4, 1]},
								"south": {"uv": [9, 16], "uv_size": [1, 1]},
								"west": {"uv": [5, 16], "uv_size": [4, 1]},
								"up": {"uv": [4, 12], "uv_size": [1, 4]},
								"down": {"uv": [5, 16], "uv_size": [1, -4]}
							}
						}
					]
				}
			]
		}
	]
}