{
	"format_version": "1.17.0",
	"minecraft:block": {
		"description": {
			"properties": {
				"bridge:block_rotation": [
					2,
					3,
					4,
					5
				]
			},
			"identifier": "bony:pool_table_c"
		},
		"permutations": [
			{
				"condition": "query.block_property('bridge:block_rotation') == 2",
				"components": {
					"minecraft:rotation": [
						0,
						180,
						0
					]
				}
			},
			{
				"condition": "query.block_property('bridge:block_rotation') == 3",
				"components": {
					"minecraft:rotation": [
						0,
						0,
						0
					]
				}
			},
			{
				"condition": "query.block_property('bridge:block_rotation') == 4",
				"components": {
					"minecraft:rotation": [
						0,
						270,
						0
					]
				}
			},
			{
				"condition": "query.block_property('bridge:block_rotation') == 5",
				"components": {
					"minecraft:rotation": [
						0,
						90,
						0
					]
				}
			}
		],
		"components": {
			"minecraft:on_player_placing": {
				"event": "bridge:update_rotation"
			},
			"minecraft:geometry": "geometry.pool_table_c",
			"minecraft:material_instances": {
				"*": {
					"texture": "pool_table",
					"render_method": "alpha_test"
				}
			},
			"minecraft:block_light_absorption": 0.9,
			"minecraft:loot": "loot_tables/empty.json"
		},
		"events": {
			"bridge:update_rotation": {
				"set_block_property": {
					"bridge:block_rotation": "query.cardinal_facing_2d"
				}
			}
		}
	}
}