{
	"format_version": "1.12.0",
	"minecraft:geometry": [
		{
			"description": {
				"identifier": "geometry.kitchen_sink_1_e",
				"texture_width": 128,
				"texture_height": 128,
				"visible_bounds_width": 2,
				"visible_bounds_height": 3.5,
				"visible_bounds_offset": [0, 1.25, 0]
			},
			"bones": [
				{
					"name": "bone",
					"pivot": [0, 0, 0],
					"cubes": [
						{
							"origin": [-8, 0, -8],
							"size": [16, 12, 16],
							"uv": {
								"north": {"uv": [16, 16], "uv_size": [16, 12]},
								"east": {"uv": [0, 16], "uv_size": [16, 12]},
								"south": {"uv": [48, 16], "uv_size": [16, 12]},
								"west": {"uv": [32, 16], "uv_size": [16, 12]},
								"up": {"uv": [16, 0], "uv_size": [16, 16]},
								"down": {"uv": [32, 16], "uv_size": [16, -16]}
							}
						},
						{
							"origin": [-8, 12, -8],
							"size": [16, 4, 2],
							"uv": {
								"north": {"uv": [2, 37], "uv_size": [16, 4]},
								"east": {"uv": [0, 37], "uv_size": [2, 4]},
								"south": {"uv": [20, 37], "uv_size": [16, 4]},
								"west": {"uv": [18, 37], "uv_size": [2, 4]},
								"up": {"uv": [2, 37], "uv_size": [16, -2]},
								"down": {"uv": [18, 37], "uv_size": [16, -2]}
							}
						},
						{
							"origin": [-8, 12, 5],
							"size": [16, 4, 3],
							"uv": {
								"north": {"uv": [3, 31], "uv_size": [16, 4]},
								"east": {"uv": [0, 31], "uv_size": [3, 4]},
								"south": {"uv": [22, 31], "uv_size": [16, 4]},
								"west": {"uv": [19, 31], "uv_size": [3, 4]},
								"up": {"uv": [3, 28], "uv_size": [16, 3]},
								"down": {"uv": [19, 31], "uv_size": [16, -3]}
							}
						},
						{
							"origin": [-8, 12, -6],
							"size": [2, 4, 11],
							"uv": {
								"north": {"uv": [26, 56], "uv_size": [2, 4]},
								"east": {"uv": [15, 56], "uv_size": [11, 4]},
								"south": {"uv": [39, 56], "uv_size": [2, 4]},
								"west": {"uv": [28, 56], "uv_size": [11, 4]},
								"up": {"uv": [53, 42], "uv_size": [2, 11]},
								"down": {"uv": [28, 56], "uv_size": [2, -11]}
							}
						},
						{
							"origin": [6, 12, -6],
							"size": [2, 4, 11],
							"uv": {
								"north": {"uv": [53, 53], "uv_size": [2, 4]},
								"east": {"uv": [42, 53], "uv_size": [11, 4]},
								"south": {"uv": [66, 53], "uv_size": [2, 4]},
								"west": {"uv": [55, 53], "uv_size": [11, 4]},
								"up": {"uv": [26, 45], "uv_size": [2, 11]},
								"down": {"uv": [55, 53], "uv_size": [2, -11]}
							}
						},
						{
							"origin": [-5.71019, 11.1127, -6],
							"size": [2, 4, 11],
							"pivot": [0, 0, 0],
							"rotation": [0, 0, 42.5],
							"uv": {
								"north": {"uv": [11, 52], "uv_size": [2, 4]},
								"east": {"uv": [0, 52], "uv_size": [11, 4]},
								"south": {"uv": [24, 52], "uv_size": [2, 4]},
								"west": {"uv": [13, 52], "uv_size": [11, 4]},
								"up": {"uv": [11, 41], "uv_size": [2, 11]},
								"down": {"uv": [13, 52], "uv_size": [2, -11]}
							}
						},
						{
							"origin": [3.71019, 11.1127, -6],
							"size": [2, 4, 11],
							"pivot": [0, 0, 0],
							"rotation": [0, 0, -42.5],
							"uv": {
								"north": {"uv": [38, 41], "uv_size": [2, 4]},
								"east": {"uv": [27, 41], "uv_size": [11, 4]},
								"south": {"uv": [51, 41], "uv_size": [2, 4]},
								"west": {"uv": [40, 41], "uv_size": [11, 4]},
								"up": {"uv": [38, 30], "uv_size": [2, 11]},
								"down": {"uv": [40, 41], "uv_size": [2, -11]}
							}
						},
						{
							"origin": [-0.75, 16, 5.75],
							"size": [1.5, 1, 1.5],
							"uv": {
								"north": {"uv": [4, 12], "uv_size": [1, 1]},
								"east": {"uv": [3, 12], "uv_size": [1, 1]},
								"south": {"uv": [6, 12], "uv_size": [1, 1]},
								"west": {"uv": [5, 12], "uv_size": [1, 1]},
								"up": {"uv": [4, 11], "uv_size": [1, 1]},
								"down": {"uv": [5, 12], "uv_size": [1, -1]}
							}
						},
						{
							"origin": [-4.75, 16, 5.75],
							"size": [1.5, 1, 1.5],
							"uv": {
								"north": {"uv": [8, 4], "uv_size": [1, 1]},
								"east": {"uv": [7, 4], "uv_size": [1, 1]},
								"south": {"uv": [10, 4], "uv_size": [1, 1]},
								"west": {"uv": [9, 4], "uv_size": [1, 1]},
								"up": {"uv": [8, 3], "uv_size": [1, 1]},
								"down": {"uv": [9, 4], "uv_size": [1, -1]}
							}
						},
						{
							"origin": [3.25, 16, 5.75],
							"size": [1.5, 1, 1.5],
							"uv": {
								"north": {"uv": [9, 6], "uv_size": [1, 1]},
								"east": {"uv": [8, 6], "uv_size": [1, 1]},
								"south": {"uv": [11, 6], "uv_size": [1, 1]},
								"west": {"uv": [10, 6], "uv_size": [1, 1]},
								"up": {"uv": [9, 5], "uv_size": [1, 1]},
								"down": {"uv": [10, 6], "uv_size": [1, -1]}
							}
						},
						{
							"origin": [-0.5, 17, 6],
							"size": [1, 3, 1],
							"uv": {
								"north": {"uv": [5, 1], "uv_size": [1, 3]},
								"east": {"uv": [4, 1], "uv_size": [1, 3]},
								"south": {"uv": [7, 1], "uv_size": [1, 3]},
								"west": {"uv": [6, 1], "uv_size": [1, 3]},
								"up": {"uv": [5, 0], "uv_size": [1, 1]},
								"down": {"uv": [6, 1], "uv_size": [1, -1]}
							}
						},
						{
							"origin": [-0.5, 18.48062, 9.36662],
							"size": [1, 3, 1],
							"pivot": [0, 0, 0],
							"rotation": [10, 0, 0],
							"uv": {
								"north": {"uv": [5, 5], "uv_size": [1, 3]},
								"east": {"uv": [4, 5], "uv_size": [1, 3]},
								"south": {"uv": [7, 5], "uv_size": [1, 3]},
								"west": {"uv": [6, 5], "uv_size": [1, 3]},
								"up": {"uv": [5, 4], "uv_size": [1, 1]},
								"down": {"uv": [6, 5], "uv_size": [1, -1]}
							}
						},
						{
							"origin": [-0.5, 15.87837, 16.79778],
							"size": [1, 2, 1],
							"pivot": [0, 0, 0],
							"rotation": [32.5, 0, 0],
							"uv": {
								"north": {"uv": [9, 1], "uv_size": [1, 2]},
								"east": {"uv": [8, 1], "uv_size": [1, 2]},
								"south": {"uv": [11, 1], "uv_size": [1, 2]},
								"west": {"uv": [10, 1], "uv_size": [1, 2]},
								"up": {"uv": [9, 0], "uv_size": [1, 1]},
								"down": {"uv": [10, 1], "uv_size": [1, -1]}
							}
						},
						{
							"origin": [-0.5, 4.43671, 23.8337],
							"size": [1, 2, 1],
							"pivot": [0, 0, 0],
							"rotation": [67.5, 0, 0],
							"uv": {
								"north": {"uv": [8, 8], "uv_size": [1, 2]},
								"east": {"uv": [7, 8], "uv_size": [1, 2]},
								"south": {"uv": [10, 8], "uv_size": [1, 2]},
								"west": {"uv": [9, 8], "uv_size": [1, 2]},
								"up": {"uv": [8, 7], "uv_size": [1, 1]},
								"down": {"uv": [9, 8], "uv_size": [1, -1]}
							}
						},
						{
							"origin": [-0.5, -5.75749, 23.99991],
							"size": [1, 1.5, 1],
							"pivot": [0, 0, 0],
							"rotation": [95, 0, 0],
							"uv": {
								"north": {"uv": [11, 10], "uv_size": [1, 1]},
								"east": {"uv": [10, 10], "uv_size": [1, 1]},
								"south": {"uv": [13, 10], "uv_size": [1, 1]},
								"west": {"uv": [12, 10], "uv_size": [1, 1]},
								"up": {"uv": [11, 9], "uv_size": [1, 1]},
								"down": {"uv": [12, 10], "uv_size": [1, -1]}
							}
						},
						{
							"origin": [-0.5, -12.55121, 21.03608],
							"size": [1, 1.5, 1],
							"pivot": [0, 0, 0],
							"rotation": [115, 0, 0],
							"uv": {
								"north": {"uv": [8, 11], "uv_size": [1, 1]},
								"east": {"uv": [7, 11], "uv_size": [1, 1]},
								"south": {"uv": [10, 11], "uv_size": [1, 1]},
								"west": {"uv": [9, 11], "uv_size": [1, 1]},
								"up": {"uv": [8, 10], "uv_size": [1, 1]},
								"down": {"uv": [9, 11], "uv_size": [1, -1]}
							}
						},
						{
							"origin": [-0.55, -23.74286, 5.64419],
							"size": [1.1, 1.1, 1.1],
							"pivot": [0, 0, 0],
							"rotation": [162.5, 0, 0],
							"uv": {
								"north": {"uv": [5, 10], "uv_size": [1, 1]},
								"east": {"uv": [4, 10], "uv_size": [1, 1]},
								"south": {"uv": [7, 10], "uv_size": [1, 1]},
								"west": {"uv": [6, 10], "uv_size": [1, 1]},
								"up": {"uv": [5, 9], "uv_size": [1, 1]},
								"down": {"uv": [6, 10], "uv_size": [1, -1]}
							}
						},
						{
							"origin": [-0.5, -23.6882, -1.40224],
							"size": [1, 8.6, 1],
							"pivot": [0, 0, 0],
							"rotation": [180, 0, 0],
							"uv": {
								"north": {"uv": [1, 1], "uv_size": [1, 11]},
								"east": {"uv": [0, 1], "uv_size": [1, 11]},
								"south": {"uv": [3, 1], "uv_size": [1, 11]},
								"west": {"uv": [2, 1], "uv_size": [1, 11]},
								"up": {"uv": [1, 0], "uv_size": [1, 1]},
								"down": {"uv": [2, 1], "uv_size": [1, -1]}
							}
						},
						{
							"origin": [-7, 10.43711, -6.44747],
							"size": [13, 4, 2],
							"pivot": [0, 0, 0],
							"rotation": [-42.5, 0, 0],
							"uv": {
								"north": {"uv": [44, 36], "uv_size": [13, 4]},
								"east": {"uv": [42, 36], "uv_size": [2, 4]},
								"south": {"uv": [59, 36], "uv_size": [13, 4]},
								"west": {"uv": [57, 36], "uv_size": [2, 4]},
								"up": {"uv": [44, 34], "uv_size": [13, 2]},
								"down": {"uv": [57, 36], "uv_size": [13, -2]}
							}
						},
						{
							"origin": [-7, 11.1127, 3.71019],
							"size": [13, 4, 2],
							"pivot": [0, 0, 0],
							"rotation": [42.5, 0, 0],
							"uv": {
								"north": {"uv": [44, 30], "uv_size": [13, 4]},
								"east": {"uv": [42, 30], "uv_size": [2, 4]},
								"south": {"uv": [59, 30], "uv_size": [13, 4]},
								"west": {"uv": [57, 30], "uv_size": [2, 4]},
								"up": {"uv": [44, 28], "uv_size": [13, 2]},
								"down": {"uv": [57, 30], "uv_size": [13, -2]}
							}
						}
					]
				}
			]
		}
	]
}