{
	"format_version": "1.12.0",
	"minecraft:geometry": [
		{
			"description": {
				"identifier": "geometry.locker_0_closed",
				"texture_width": 128,
				"texture_height": 128,
				"visible_bounds_width": 2,
				"visible_bounds_height": 3.5,
				"visible_bounds_offset": [0, 1.25, 0]
			},
			"bones": [
				{
					"name": "bone",
					"pivot": [0, 0, 0],
					"cubes": [
						{
							"origin": [-8, 2, -6],
							"size": [16, 1, 14],
							"uv": {
								"north": {"uv": [22, 58], "uv_size": [16, 1]},
								"east": {"uv": [37, 59], "uv_size": [14, 1]},
								"south": {"uv": [58, 26], "uv_size": [16, 1]},
								"west": {"uv": [22, 60], "uv_size": [14, 1]},
								"up": {"uv": [56, 29], "uv_size": [16, 14]},
								"down": {"uv": [56, 57], "uv_size": [16, -14]}
							}
						},
						{
							"origin": [-8, 3, -6],
							"size": [1, 29, 13],
							"uv": {
								"north": {"uv": [16, 58], "uv_size": [1, 29]},
								"east": {"uv": [30, 29], "uv_size": [13, 29]},
								"south": {"uv": [17, 58], "uv_size": [1, 29]},
								"west": {"uv": [32, 0], "uv_size": [13, 29]},
								"up": {"uv": [53, 58], "uv_size": [1, 13]},
								"down": {"uv": [54, 71], "uv_size": [1, -13]}
							}
						},
						{
							"origin": [7, 3, -6],
							"size": [1, 29, 13],
							"uv": {
								"north": {"uv": [18, 58], "uv_size": [1, 29]},
								"east": {"uv": [43, 29], "uv_size": [13, 29]},
								"south": {"uv": [19, 58], "uv_size": [1, 29]},
								"west": {"uv": [45, 0], "uv_size": [13, 29]},
								"up": {"uv": [55, 58], "uv_size": [1, 13]},
								"down": {"uv": [51, 72], "uv_size": [1, -13]}
							}
						},
						{
							"origin": [-7, 31, -6],
							"size": [14, 1, 13],
							"uv": {
								"north": {"uv": [36, 60], "uv_size": [14, 1]},
								"east": {"uv": [36, 62], "uv_size": [13, 1]},
								"south": {"uv": [22, 61], "uv_size": [14, 1]},
								"west": {"uv": [22, 63], "uv_size": [13, 1]},
								"up": {"uv": [56, 57], "uv_size": [14, 13]},
								"down": {"uv": [0, 71], "uv_size": [14, -13]}
							}
						},
						{
							"origin": [-7, 13, -6],
							"size": [14, 0.5, 13],
							"uv": {
								"north": {"uv": [36, 61], "uv_size": [14, 1]},
								"east": {"uv": [35, 63], "uv_size": [13, 1]},
								"south": {"uv": [22, 62], "uv_size": [14, 1]},
								"west": {"uv": [22, 64], "uv_size": [13, 1]},
								"up": {"uv": [58, 0], "uv_size": [14, 13]},
								"down": {"uv": [58, 26], "uv_size": [14, -13]}
							}
						},
						{
							"origin": [-8, 3, 7],
							"size": [16, 29, 1],
							"uv": {
								"north": {"uv": [0, 0], "uv_size": [16, 29]},
								"east": {"uv": [20, 58], "uv_size": [1, 29]},
								"south": {"uv": [16, 0], "uv_size": [16, 29]},
								"west": {"uv": [21, 58], "uv_size": [1, 29]},
								"up": {"uv": [58, 27], "uv_size": [16, 1]},
								"down": {"uv": [58, 29], "uv_size": [16, -1]}
							}
						},
						{
							"origin": [-8, 0, 6],
							"size": [2, 2, 2],
							"uv": {
								"north": {"uv": [49, 62], "uv_size": [2, 2]},
								"east": {"uv": [46, 65], "uv_size": [2, 2]},
								"south": {"uv": [48, 65], "uv_size": [2, 2]},
								"west": {"uv": [30, 66], "uv_size": [2, 2]},
								"up": {"uv": [32, 66], "uv_size": [2, 2]},
								"down": {"uv": [34, 68], "uv_size": [2, -2]}
							}
						},
						{
							"origin": [-8, 0, -6],
							"size": [2, 2, 2],
							"uv": {
								"north": {"uv": [36, 66], "uv_size": [2, 2]},
								"east": {"uv": [38, 66], "uv_size": [2, 2]},
								"south": {"uv": [40, 66], "uv_size": [2, 2]},
								"west": {"uv": [42, 66], "uv_size": [2, 2]},
								"up": {"uv": [44, 66], "uv_size": [2, 2]},
								"down": {"uv": [22, 69], "uv_size": [2, -2]}
							}
						},
						{
							"origin": [6, 0, -6],
							"size": [2, 2, 2],
							"uv": {
								"north": {"uv": [24, 67], "uv_size": [2, 2]},
								"east": {"uv": [26, 67], "uv_size": [2, 2]},
								"south": {"uv": [28, 67], "uv_size": [2, 2]},
								"west": {"uv": [46, 67], "uv_size": [2, 2]},
								"up": {"uv": [48, 67], "uv_size": [2, 2]},
								"down": {"uv": [30, 70], "uv_size": [2, -2]}
							}
						},
						{
							"origin": [6, 0, 6],
							"size": [2, 2, 2],
							"uv": {
								"north": {"uv": [32, 68], "uv_size": [2, 2]},
								"east": {"uv": [34, 68], "uv_size": [2, 2]},
								"south": {"uv": [36, 68], "uv_size": [2, 2]},
								"west": {"uv": [38, 68], "uv_size": [2, 2]},
								"up": {"uv": [40, 68], "uv_size": [2, 2]},
								"down": {"uv": [42, 70], "uv_size": [2, -2]}
							}
						}
					]
				},
				{
					"name": "bone2",
					"parent": "bone",
					"pivot": [7.23438, 20.29688, -6.48437],
					"cubes": [
						{
							"origin": [-7.5, 2.75, -6.25],
							"size": [14.75, 28.75, 0.25],
							"uv": {
								"north": {"uv": [0, 29], "uv_size": [15, 29]},
								"east": {"uv": [14, 58], "uv_size": [1, 29]},
								"south": {"uv": [15, 29], "uv_size": [15, 29]},
								"west": {"uv": [15, 58], "uv_size": [1, 29]},
								"up": {"uv": [38, 58], "uv_size": [15, 1]},
								"down": {"uv": [22, 60], "uv_size": [15, -1]}
							}
						},
						{
							"origin": [-4, 22.80402, -16.60827],
							"size": [8, 1, 0],
							"pivot": [0, 0, 0],
							"rotation": [-22.5, 0, 0],
							"uv": {
								"north": {"uv": [35, 64], "uv_size": [8, 1]},
								"east": {"uv": [0, 0], "uv_size": [0, 1]},
								"south": {"uv": [43, 64], "uv_size": [8, 1]},
								"west": {"uv": [0, 0], "uv_size": [0, 1]},
								"up": {"uv": [0, 0], "uv_size": [8, 0]},
								"down": {"uv": [0, 0], "uv_size": [8, 0]}
							}
						},
						{
							"origin": [-4, 21.55402, -16.10827],
							"size": [8, 1, 0],
							"pivot": [0, 0, 0],
							"rotation": [-22.5, 0, 0],
							"uv": {
								"north": {"uv": [22, 65], "uv_size": [8, 1]},
								"east": {"uv": [0, 0], "uv_size": [0, 1]},
								"south": {"uv": [30, 65], "uv_size": [8, 1]},
								"west": {"uv": [0, 0], "uv_size": [0, 1]},
								"up": {"uv": [0, 0], "uv_size": [8, 0]},
								"down": {"uv": [0, 0], "uv_size": [8, 0]}
							}
						},
						{
							"origin": [-4, 20.30402, -15.60827],
							"size": [8, 1, 0],
							"pivot": [0, 0, 0],
							"rotation": [-22.5, 0, 0],
							"uv": {
								"north": {"uv": [38, 65], "uv_size": [8, 1]},
								"east": {"uv": [0, 0], "uv_size": [0, 1]},
								"south": {"uv": [22, 66], "uv_size": [8, 1]},
								"west": {"uv": [0, 0], "uv_size": [0, 1]},
								"up": {"uv": [0, 0], "uv_size": [8, 0]},
								"down": {"uv": [0, 0], "uv_size": [8, 0]}
							}
						},
						{
							"origin": [-6.5, 15, -7],
							"size": [1, 4, 0.25],
							"uv": {
								"north": {"uv": [52, 59], "uv_size": [1, 4]},
								"east": {"uv": [52, 63], "uv_size": [1, 4]},
								"south": {"uv": [50, 65], "uv_size": [1, 4]},
								"west": {"uv": [52, 67], "uv_size": [1, 4]},
								"up": {"uv": [50, 60], "uv_size": [1, 1]},
								"down": {"uv": [50, 62], "uv_size": [1, -1]}
							}
						},
						{
							"origin": [-6.5, 18.5, -6.75],
							"size": [1, 0.5, 0.5],
							"uv": {
								"north": {"uv": [48, 63], "uv_size": [1, 1]},
								"east": {"uv": [44, 68], "uv_size": [1, 1]},
								"south": {"uv": [45, 68], "uv_size": [1, 1]},
								"west": {"uv": [22, 69], "uv_size": [1, 1]},
								"up": {"uv": [23, 69], "uv_size": [1, 1]},
								"down": {"uv": [24, 70], "uv_size": [1, -1]}
							}
						},
						{
							"origin": [-6.5, 15, -6.75],
							"size": [1, 0.5, 0.5],
							"uv": {
								"north": {"uv": [25, 69], "uv_size": [1, 1]},
								"east": {"uv": [26, 69], "uv_size": [1, 1]},
								"south": {"uv": [27, 69], "uv_size": [1, 1]},
								"west": {"uv": [28, 69], "uv_size": [1, 1]},
								"up": {"uv": [29, 69], "uv_size": [1, 1]},
								"down": {"uv": [44, 70], "uv_size": [1, -1]}
							}
						},
						{
							"origin": [-6.5, 13.5, -6.5],
							"size": [1, 1, 0.25],
							"uv": {
								"north": {"uv": [45, 69], "uv_size": [1, 1]},
								"east": {"uv": [46, 69], "uv_size": [1, 1]},
								"south": {"uv": [47, 69], "uv_size": [1, 1]},
								"west": {"uv": [48, 69], "uv_size": [1, 1]},
								"up": {"uv": [49, 69], "uv_size": [1, 1]},
								"down": {"uv": [50, 70], "uv_size": [1, -1]}
							}
						}
					]
				}
			]
		}
	]
}