{
	"format_version": "1.12.0",
	"minecraft:geometry": [
		{
			"description": {
				"identifier": "geometry.pool_table_f",
				"texture_width": 128,
				"texture_height": 128,
				"visible_bounds_width": 4,
				"visible_bounds_height": 2.5,
				"visible_bounds_offset": [0, 0.75, 0]
			},
			"bones": [
				{
					"name": "block_6",
					"pivot": [0.35, 10.925, -16.35],
					"cubes": [
						{
							"origin": [-6.65, 10.925, -8.35],
							"size": [15, 1.5, 15],
							"uv": {
								"north": {"uv": [80.1, 6.1], "uv_size": [14.8, 1.4]},
								"east": {"uv": [80.1, 8.1], "uv_size": [14.8, 1.4]},
								"south": {"uv": [80.1, 10.1], "uv_size": [14.8, 1.4]},
								"west": {"uv": [80.1, 22.1], "uv_size": [14.8, 1.4]},
								"up": {"uv": [29.9, 46.9], "uv_size": [-14.8, -14.8]},
								"down": {"uv": [45.1, 14.9], "uv_size": [14.8, -14.8]}
							}
						},
						{
							"origin": [-7.15, 11.425, -8.35],
							"size": [0.75, 2, 15.5],
							"uv": {
								"north": {"uv": [9.1, 96.1], "uv_size": [0.8, 1.8]},
								"east": {"uv": [64.1, 4.1], "uv_size": [15.4, 1.8]},
								"south": {"uv": [10.1, 96.1], "uv_size": [0.8, 1.8]},
								"west": {"uv": [64.1, 6.1], "uv_size": [15.4, 1.8]},
								"up": {"uv": [21.9, 96.5], "uv_size": [-0.8, -15.4]},
								"down": {"uv": [22.1, 96.5], "uv_size": [0.8, -15.4]}
							}
						},
						{
							"origin": [-6.4, 11.425, 6.4],
							"size": [14.75, 2, 0.75],
							"uv": {
								"north": {"uv": [65.1, 26.1], "uv_size": [14.8, 1.8]},
								"east": {"uv": [11.1, 96.1], "uv_size": [0.8, 1.8]},
								"south": {"uv": [65.1, 28.1], "uv_size": [14.8, 1.8]},
								"west": {"uv": [12.1, 96.1], "uv_size": [0.8, 1.8]},
								"up": {"uv": [94.9, 51.9], "uv_size": [-14.8, -0.8]},
								"down": {"uv": [80.1, 52.9], "uv_size": [14.8, -0.8]}
							}
						},
						{
							"origin": [-5.9, 11.425, 5.9],
							"size": [14.25, 2, 0.5],
							"uv": {
								"north": {"uv": [49.1, 65.1], "uv_size": [14.4, 1.8]},
								"east": {"uv": [69.1, 96.1], "uv_size": [0.4, 1.8]},
								"south": {"uv": [65.1, 50.1], "uv_size": [14.4, 1.8]},
								"west": {"uv": [70.1, 96.1], "uv_size": [0.4, 1.8]},
								"up": {"uv": [102.5, 38.5], "uv_size": [-14.4, -0.4]},
								"down": {"uv": [88.1, 39.5], "uv_size": [14.4, -0.4]}
							}
						},
						{
							"origin": [-6.4, 11.425, -8.35],
							"size": [0.5, 2, 14.75],
							"uv": {
								"north": {"uv": [71.1, 96.1], "uv_size": [0.4, 1.8]},
								"east": {"uv": [65.1, 30.1], "uv_size": [14.8, 1.8]},
								"south": {"uv": [72.1, 96.1], "uv_size": [0.4, 1.8]},
								"west": {"uv": [65.1, 32.1], "uv_size": [14.8, 1.8]},
								"up": {"uv": [55.5, 102.9], "uv_size": [-0.4, -14.8]},
								"down": {"uv": [56.1, 102.9], "uv_size": [0.4, -14.8]}
							}
						},
						{
							"origin": [-5.86387, 11.05213, 1.95395],
							"size": [3, 1.75, 4],
							"pivot": [0, 0, 0],
							"rotation": [-4.97431, -0.76021, -4.94562],
							"uv": {
								"north": {"uv": [12.1, 90.1], "uv_size": [2.8, 1.8]},
								"east": {"uv": [26.1, 88.1], "uv_size": [3.8, 1.8]},
								"south": {"uv": [26.1, 90.1], "uv_size": [2.8, 1.8]},
								"west": {"uv": [30.1, 88.1], "uv_size": [3.8, 1.8]},
								"up": {"uv": [64.9, 86.9], "uv_size": [-2.8, -3.8]},
								"down": {"uv": [65.1, 86.9], "uv_size": [2.8, -3.8]}
							}
						},
						{
							"origin": [-6.18521, 0.44344, 2.54908],
							"size": [2.75, 11, 3.75],
							"pivot": [0, 0, 0],
							"rotation": [-2.51231, -0.7602, -2.44065],
							"uv": {
								"north": {"uv": [62.1, 33.1], "uv_size": [2.8, 10.8]},
								"east": {"uv": [58.1, 52.1], "uv_size": [3.8, 10.8]},
								"south": {"uv": [43.1, 62.1], "uv_size": [2.8, 10.8]},
								"west": {"uv": [60.1, 0.1], "uv_size": [3.8, 10.8]},
								"up": {"uv": [70.9, 86.9], "uv_size": [-2.8, -3.8]},
								"down": {"uv": [71.1, 86.9], "uv_size": [2.8, -3.8]}
							}
						},
						{
							"origin": [-4.39109, 3.23455, 3.49917],
							"size": [12.75, 8, 1.75],
							"pivot": [0, 0, 0],
							"rotation": [-2.5, 0, 0],
							"uv": {
								"north": {"uv": [13.1, 47.1], "uv_size": [12.8, 7.8]},
								"east": {"uv": [9.1, 81.1], "uv_size": [1.8, 7.8]},
								"south": {"uv": [45.1, 54.1], "uv_size": [12.8, 7.8]},
								"west": {"uv": [11.1, 81.1], "uv_size": [1.8, 7.8]},
								"up": {"uv": [74.9, 68.9], "uv_size": [-12.8, -1.8]},
								"down": {"uv": [0.1, 70.9], "uv_size": [12.8, -1.8]}
							}
						},
						{
							"origin": [-3.15, 11.425, 4.65],
							"size": [11.5, 2, 0.75],
							"uv": {
								"north": {"uv": [72.1, 77.1], "uv_size": [11.4, 1.8]},
								"east": {"uv": [96.1, 12.1], "uv_size": [0.8, 1.8]},
								"south": {"uv": [78.1, 54.1], "uv_size": [11.4, 1.8]},
								"west": {"uv": [13.1, 96.1], "uv_size": [0.8, 1.8]},
								"up": {"uv": [48.5, 85.9], "uv_size": [-11.4, -0.8]},
								"down": {"uv": [37.1, 86.9], "uv_size": [11.4, -0.8]}
							}
						},
						{
							"origin": [-3.9, 11.425, 5.4],
							"size": [12.25, 2, 0.5],
							"uv": {
								"north": {"uv": [26.1, 73.1], "uv_size": [12.4, 1.8]},
								"east": {"uv": [73.1, 96.1], "uv_size": [0.4, 1.8]},
								"south": {"uv": [39.1, 73.1], "uv_size": [12.4, 1.8]},
								"west": {"uv": [96.1, 73.1], "uv_size": [0.4, 1.8]},
								"up": {"uv": [15.5, 89.5], "uv_size": [-12.4, -0.4]},
								"down": {"uv": [61.1, 89.5], "uv_size": [12.4, -0.4]}
							}
						},
						{
							"origin": [-5.4, 11.425, -8.35],
							"size": [0.75, 2, 11.5],
							"uv": {
								"north": {"uv": [14.1, 96.1], "uv_size": [0.8, 1.8]},
								"east": {"uv": [78.1, 56.1], "uv_size": [11.4, 1.8]},
								"south": {"uv": [96.1, 14.1], "uv_size": [0.8, 1.8]},
								"west": {"uv": [78.1, 58.1], "uv_size": [11.4, 1.8]},
								"up": {"uv": [86.9, 94.5], "uv_size": [-0.8, -11.4]},
								"down": {"uv": [25.1, 98.5], "uv_size": [0.8, -11.4]}
							}
						},
						{
							"origin": [-5.9, 11.425, -8.35],
							"size": [0.5, 2, 12.25],
							"uv": {
								"north": {"uv": [96.1, 75.1], "uv_size": [0.4, 1.8]},
								"east": {"uv": [52.1, 73.1], "uv_size": [12.4, 1.8]},
								"south": {"uv": [77.1, 96.1], "uv_size": [0.4, 1.8]},
								"west": {"uv": [65.1, 73.1], "uv_size": [12.4, 1.8]},
								"up": {"uv": [76.5, 100.5], "uv_size": [-0.4, -12.4]},
								"down": {"uv": [16.1, 101.5], "uv_size": [0.4, -12.4]}
							}
						}
					]
				}
			]
		}
	]
}