{
	"format_version": "1.12.0",
	"minecraft:geometry": [
		{
			"description": {
				"identifier": "geometry.pool_table_b",
				"texture_width": 128,
				"texture_height": 128,
				"visible_bounds_width": 3,
				"visible_bounds_height": 2.5,
				"visible_bounds_offset": [0, 0.75, 0]
			},
			"bones": [
				{
					"name": "block_2",
					"pivot": [0.35, 10.925, -0.35],
					"cubes": [
						{
							"origin": [-7.65, 10.925, -8.35],
							"size": [15, 1.5, 16],
							"uv": {
								"north": {"uv": [39.1, 79.1], "uv_size": [14.8, 1.4]},
								"east": {"uv": [68.1, 75.1], "uv_size": [15.8, 1.4]},
								"south": {"uv": [54.1, 79.1], "uv_size": [14.8, 1.4]},
								"west": {"uv": [75.1, 69.1], "uv_size": [15.8, 1.4]},
								"up": {"uv": [14.9, 31.9], "uv_size": [-14.8, -15.8]},
								"down": {"uv": [15.1, 31.9], "uv_size": [14.8, -15.8]}
							}
						},
						{
							"origin": [5.35, 11.425, 1.15],
							"size": [1.25, 2, 6.5],
							"uv": {
								"north": {"uv": [70.1, 90.1], "uv_size": [1.4, 1.8]},
								"east": {"uv": [74.1, 81.1], "uv_size": [6.4, 1.8]},
								"south": {"uv": [72.1, 90.1], "uv_size": [1.4, 1.8]},
								"west": {"uv": [81.1, 81.1], "uv_size": [6.4, 1.8]},
								"up": {"uv": [78.5, 93.5], "uv_size": [-1.4, -6.4]},
								"down": {"uv": [79.1, 93.5], "uv_size": [1.4, -6.4]}
							}
						},
						{
							"origin": [5.35, 11.425, -8.35],
							"size": [1.25, 2, 6.5],
							"uv": {
								"north": {"uv": [90.1, 73.1], "uv_size": [1.4, 1.8]},
								"east": {"uv": [39.1, 82.1], "uv_size": [6.4, 1.8]},
								"south": {"uv": [91.1, 54.1], "uv_size": [1.4, 1.8]},
								"west": {"uv": [46.1, 82.1], "uv_size": [6.4, 1.8]},
								"up": {"uv": [82.5, 93.5], "uv_size": [-1.4, -6.4]},
								"down": {"uv": [83.1, 93.5], "uv_size": [1.4, -6.4]}
							}
						},
						{
							"origin": [7.1, 11.425, -8.35],
							"size": [0.75, 2, 16],
							"uv": {
								"north": {"uv": [93.1, 95.1], "uv_size": [0.8, 1.8]},
								"east": {"uv": [62.1, 59.1], "uv_size": [15.8, 1.8]},
								"south": {"uv": [95.1, 93.1], "uv_size": [0.8, 1.8]},
								"west": {"uv": [62.1, 61.1], "uv_size": [15.8, 1.8]},
								"up": {"uv": [1.9, 96.9], "uv_size": [-0.8, -15.8]},
								"down": {"uv": [2.1, 96.9], "uv_size": [0.8, -15.8]}
							}
						},
						{
							"origin": [6.6, 11.425, 0.65],
							"size": [0.5, 2, 7],
							"uv": {
								"north": {"uv": [47.1, 96.1], "uv_size": [0.4, 1.8]},
								"east": {"uv": [81.1, 32.1], "uv_size": [6.8, 1.8]},
								"south": {"uv": [49.1, 96.1], "uv_size": [0.4, 1.8]},
								"west": {"uv": [81.1, 34.1], "uv_size": [6.8, 1.8]},
								"up": {"uv": [90.5, 60.9], "uv_size": [-0.4, -6.8]},
								"down": {"uv": [61.1, 96.9], "uv_size": [0.4, -6.8]}
							}
						},
						{
							"origin": [6.6, 11.425, -8.35],
							"size": [0.5, 2, 7],
							"uv": {
								"north": {"uv": [50.1, 96.1], "uv_size": [0.4, 1.8]},
								"east": {"uv": [81.1, 36.1], "uv_size": [6.8, 1.8]},
								"south": {"uv": [51.1, 96.1], "uv_size": [0.4, 1.8]},
								"west": {"uv": [81.1, 38.1], "uv_size": [6.8, 1.8]},
								"up": {"uv": [62.5, 96.9], "uv_size": [-0.4, -6.8]},
								"down": {"uv": [63.1, 96.9], "uv_size": [0.4, -6.8]}
							}
						}
					]
				}
			]
		}
	]
}