{
	"format_version": "1.12.0",
	"minecraft:geometry": [
		{
			"description": {
				"identifier": "geometry.pool_table_d",
				"texture_width": 128,
				"texture_height": 128,
				"visible_bounds_width": 3,
				"visible_bounds_height": 2.5,
				"visible_bounds_offset": [0, 0.75, 0]
			},
			"bones": [
				{
					"name": "block_4",
					"pivot": [0.35, 10.925, 15.65],
					"cubes": [
						{
							"origin": [-6.65, 10.925, -7.35],
							"size": [15, 1.5, 15],
							"uv": {
								"north": {"uv": [79.1, 16.1], "uv_size": [14.8, 1.4]},
								"east": {"uv": [79.1, 18.1], "uv_size": [14.8, 1.4]},
								"south": {"uv": [79.1, 20.1], "uv_size": [14.8, 1.4]},
								"west": {"uv": [24.1, 79.1], "uv_size": [14.8, 1.4]},
								"up": {"uv": [44.9, 14.9], "uv_size": [-14.8, -14.8]},
								"down": {"uv": [30.1, 29.9], "uv_size": [14.8, -14.8]}
							}
						},
						{
							"origin": [-7.15, 11.425, -7.85],
							"size": [0.75, 2, 15.5],
							"uv": {
								"north": {"uv": [22.1, 65.1], "uv_size": [0.8, 1.8]},
								"east": {"uv": [0.1, 63.1], "uv_size": [15.4, 1.8]},
								"south": {"uv": [34.1, 92.1], "uv_size": [0.8, 1.8]},
								"west": {"uv": [49.1, 63.1], "uv_size": [15.4, 1.8]},
								"up": {"uv": [17.9, 96.5], "uv_size": [-0.8, -15.4]},
								"down": {"uv": [18.1, 96.5], "uv_size": [0.8, -15.4]}
							}
						},
						{
							"origin": [-6.4, 11.425, -7.85],
							"size": [14.75, 2, 0.75],
							"uv": {
								"north": {"uv": [64.1, 12.1], "uv_size": [14.8, 1.8]},
								"east": {"uv": [95.1, 86.1], "uv_size": [0.8, 1.8]},
								"south": {"uv": [64.1, 14.1], "uv_size": [14.8, 1.8]},
								"west": {"uv": [89.1, 95.1], "uv_size": [0.8, 1.8]},
								"up": {"uv": [92.9, 62.9], "uv_size": [-14.8, -0.8]},
								"down": {"uv": [80.1, 48.9], "uv_size": [14.8, -0.8]}
							}
						},
						{
							"origin": [-5.9, 11.425, -7.1],
							"size": [14.25, 2, 0.5],
							"uv": {
								"north": {"uv": [65.1, 42.1], "uv_size": [14.4, 1.8]},
								"east": {"uv": [34.1, 96.1], "uv_size": [0.4, 1.8]},
								"south": {"uv": [65.1, 44.1], "uv_size": [14.4, 1.8]},
								"west": {"uv": [40.1, 96.1], "uv_size": [0.4, 1.8]},
								"up": {"uv": [102.5, 34.5], "uv_size": [-14.4, -0.4]},
								"down": {"uv": [88.1, 35.5], "uv_size": [14.4, -0.4]}
							}
						},
						{
							"origin": [-6.4, 11.425, -7.1],
							"size": [0.5, 2, 14.75],
							"uv": {
								"north": {"uv": [41.1, 96.1], "uv_size": [0.4, 1.8]},
								"east": {"uv": [64.1, 16.1], "uv_size": [14.8, 1.8]},
								"south": {"uv": [42.1, 96.1], "uv_size": [0.4, 1.8]},
								"west": {"uv": [64.1, 18.1], "uv_size": [14.8, 1.8]},
								"up": {"uv": [48.5, 101.9], "uv_size": [-0.4, -14.8]},
								"down": {"uv": [85.1, 101.9], "uv_size": [0.4, -14.8]}
							}
						},
						{
							"origin": [-5.60866, 13.19584, -6.63191],
							"size": [3, 1.75, 4],
							"pivot": [8.35, -0.075, 15.65],
							"rotation": [4.97431, 0.76021, -4.94562],
							"uv": {
								"north": {"uv": [89.1, 89.1], "uv_size": [2.8, 1.8]},
								"east": {"uv": [26.1, 69.1], "uv_size": [3.8, 1.8]},
								"south": {"uv": [3.1, 90.1], "uv_size": [2.8, 1.8]},
								"west": {"uv": [39.1, 71.1], "uv_size": [3.8, 1.8]},
								"up": {"uv": [25.9, 66.9], "uv_size": [-2.8, -3.8]},
								"down": {"uv": [25.1, 86.9], "uv_size": [2.8, -3.8]}
							}
						},
						{
							"origin": [-5.95678, 1.52001, -7.07359],
							"size": [2.75, 11, 3.75],
							"pivot": [8.35, -0.075, 15.65],
							"rotation": [2.51231, 0.7602, -2.44065],
							"uv": {
								"north": {"uv": [34.1, 60.1], "uv_size": [2.8, 10.8]},
								"east": {"uv": [26.1, 47.1], "uv_size": [3.8, 10.8]},
								"south": {"uv": [37.1, 60.1], "uv_size": [2.8, 10.8]},
								"west": {"uv": [26.1, 58.1], "uv_size": [3.8, 10.8]},
								"up": {"uv": [30.9, 86.9], "uv_size": [-2.8, -3.8]},
								"down": {"uv": [31.1, 86.9], "uv_size": [2.8, -3.8]}
							}
						},
						{
							"origin": [-4.39109, 3.94766, -5.93034],
							"size": [12.75, 8, 1.75],
							"pivot": [8.35, -0.075, 15.65],
							"rotation": [2.5, 0, 0],
							"uv": {
								"north": {"uv": [45.1, 30.1], "uv_size": [12.8, 7.8]},
								"east": {"uv": [60.1, 22.1], "uv_size": [1.8, 7.8]},
								"south": {"uv": [45.1, 38.1], "uv_size": [12.8, 7.8]},
								"west": {"uv": [3.1, 81.1], "uv_size": [1.8, 7.8]},
								"up": {"uv": [76.9, 66.9], "uv_size": [-12.8, -1.8]},
								"down": {"uv": [0.1, 68.9], "uv_size": [12.8, -1.8]}
							}
						},
						{
							"origin": [-3.15, 11.425, -6.1],
							"size": [11.5, 2, 0.75],
							"uv": {
								"north": {"uv": [75.1, 71.1], "uv_size": [11.4, 1.8]},
								"east": {"uv": [90.1, 95.1], "uv_size": [0.8, 1.8]},
								"south": {"uv": [0.1, 77.1], "uv_size": [11.4, 1.8]},
								"west": {"uv": [91.1, 95.1], "uv_size": [0.8, 1.8]},
								"up": {"uv": [76.5, 54.9], "uv_size": [-11.4, -0.8]},
								"down": {"uv": [37.1, 84.9], "uv_size": [11.4, -0.8]}
							}
						},
						{
							"origin": [-3.9, 11.425, -6.6],
							"size": [12.25, 2, 0.5],
							"uv": {
								"north": {"uv": [13.1, 71.1], "uv_size": [12.4, 1.8]},
								"east": {"uv": [45.1, 96.1], "uv_size": [0.4, 1.8]},
								"south": {"uv": [26.1, 71.1], "uv_size": [12.4, 1.8]},
								"west": {"uv": [46.1, 96.1], "uv_size": [0.4, 1.8]},
								"up": {"uv": [73.5, 88.5], "uv_size": [-12.4, -0.4]},
								"down": {"uv": [88.1, 81.5], "uv_size": [12.4, -0.4]}
							}
						},
						{
							"origin": [-5.4, 11.425, -3.85],
							"size": [0.75, 2, 11.5],
							"uv": {
								"north": {"uv": [95.1, 91.1], "uv_size": [0.8, 1.8]},
								"east": {"uv": [12.1, 77.1], "uv_size": [11.4, 1.8]},
								"south": {"uv": [92.1, 95.1], "uv_size": [0.8, 1.8]},
								"west": {"uv": [24.1, 77.1], "uv_size": [11.4, 1.8]},
								"up": {"uv": [49.9, 95.5], "uv_size": [-0.8, -11.4]},
								"down": {"uv": [50.1, 95.5], "uv_size": [0.8, -11.4]}
							}
						},
						{
							"origin": [-5.9, 11.425, -4.6],
							"size": [0.5, 2, 12.25],
							"uv": {
								"north": {"uv": [43.1, 96.1], "uv_size": [0.4, 1.8]},
								"east": {"uv": [62.1, 69.1], "uv_size": [12.4, 1.8]},
								"south": {"uv": [44.1, 96.1], "uv_size": [0.4, 1.8]},
								"west": {"uv": [0.1, 71.1], "uv_size": [12.4, 1.8]},
								"up": {"uv": [59.5, 100.5], "uv_size": [-0.4, -12.4]},
								"down": {"uv": [60.1, 100.5], "uv_size": [0.4, -12.4]}
							}
						}
					]
				}
			]
		}
	]
}