{
	"format_version": "1.12.0",
	"minecraft:geometry": [
		{
			"description": {
				"identifier": "geometry.pool_table_c",
				"texture_width": 128,
				"texture_height": 128,
				"visible_bounds_width": 3,
				"visible_bounds_height": 2.5,
				"visible_bounds_offset": [0, 0.75, 0]
			},
			"bones": [
				{
					"name": "block_3",
					"pivot": [0.35, 10.925, -16.35],
					"cubes": [
						{
							"origin": [-7.65, 10.925, -8.35],
							"size": [15, 1.5, 15],
							"uv": {
								"north": {"uv": [80.1, 24.1], "uv_size": [14.8, 1.4]},
								"east": {"uv": [80.1, 26.1], "uv_size": [14.8, 1.4]},
								"south": {"uv": [80.1, 28.1], "uv_size": [14.8, 1.4]},
								"west": {"uv": [80.1, 30.1], "uv_size": [14.8, 1.4]},
								"up": {"uv": [59.9, 29.9], "uv_size": [-14.8, -14.8]},
								"down": {"uv": [30.1, 59.9], "uv_size": [14.8, -14.8]}
							}
						},
						{
							"origin": [7.1, 11.425, -8.35],
							"size": [0.75, 2, 15.5],
							"uv": {
								"north": {"uv": [96.1, 16.1], "uv_size": [0.8, 1.8]},
								"east": {"uv": [64.1, 8.1], "uv_size": [15.4, 1.8]},
								"south": {"uv": [96.1, 18.1], "uv_size": [0.8, 1.8]},
								"west": {"uv": [64.1, 10.1], "uv_size": [15.4, 1.8]},
								"up": {"uv": [23.9, 96.5], "uv_size": [-0.8, -15.4]},
								"down": {"uv": [24.1, 96.5], "uv_size": [0.8, -15.4]}
							}
						},
						{
							"origin": [-7.65, 11.425, 6.4],
							"size": [14.75, 2, 0.75],
							"uv": {
								"north": {"uv": [65.1, 34.1], "uv_size": [14.8, 1.8]},
								"east": {"uv": [96.1, 20.1], "uv_size": [0.8, 1.8]},
								"south": {"uv": [65.1, 36.1], "uv_size": [14.8, 1.8]},
								"west": {"uv": [26.1, 96.1], "uv_size": [0.8, 1.8]},
								"up": {"uv": [94.9, 53.9], "uv_size": [-14.8, -0.8]},
								"down": {"uv": [80.1, 63.9], "uv_size": [14.8, -0.8]}
							}
						},
						{
							"origin": [-7.65, 11.425, 5.9],
							"size": [14.25, 2, 0.5],
							"uv": {
								"north": {"uv": [65.1, 52.1], "uv_size": [14.4, 1.8]},
								"east": {"uv": [96.1, 77.1], "uv_size": [0.4, 1.8]},
								"south": {"uv": [65.1, 63.1], "uv_size": [14.4, 1.8]},
								"west": {"uv": [78.1, 96.1], "uv_size": [0.4, 1.8]},
								"up": {"uv": [102.5, 46.5], "uv_size": [-14.4, -0.4]},
								"down": {"uv": [88.1, 47.5], "uv_size": [14.4, -0.4]}
							}
						},
						{
							"origin": [6.6, 11.425, -8.35],
							"size": [0.5, 2, 14.75],
							"uv": {
								"north": {"uv": [79.1, 96.1], "uv_size": [0.4, 1.8]},
								"east": {"uv": [65.1, 38.1], "uv_size": [14.8, 1.8]},
								"south": {"uv": [96.1, 79.1], "uv_size": [0.4, 1.8]},
								"west": {"uv": [65.1, 40.1], "uv_size": [14.8, 1.8]},
								"up": {"uv": [57.5, 102.9], "uv_size": [-0.4, -14.8]},
								"down": {"uv": [58.1, 102.9], "uv_size": [0.4, -14.8]}
							}
						},
						{
							"origin": [3.30866, 13.19584, 1.93191],
							"size": [3, 1.75, 4],
							"pivot": [-7.65, -0.075, -16.35],
							"rotation": [-4.97431, 0.76021, 4.94562],
							"uv": {
								"north": {"uv": [29.1, 90.1], "uv_size": [2.8, 1.8]},
								"east": {"uv": [88.1, 32.1], "uv_size": [3.8, 1.8]},
								"south": {"uv": [32.1, 90.1], "uv_size": [2.8, 1.8]},
								"west": {"uv": [34.1, 88.1], "uv_size": [3.8, 1.8]},
								"up": {"uv": [76.9, 86.9], "uv_size": [-2.8, -3.8]},
								"down": {"uv": [77.1, 86.9], "uv_size": [2.8, -3.8]}
							}
						},
						{
							"origin": [3.90678, 1.52001, 2.62359],
							"size": [2.75, 11, 3.75],
							"pivot": [-7.65, -0.075, -16.35],
							"rotation": [-2.51231, 0.7602, 2.44065],
							"uv": {
								"north": {"uv": [62.1, 44.1], "uv_size": [2.8, 10.8]},
								"east": {"uv": [60.1, 11.1], "uv_size": [3.8, 10.8]},
								"south": {"uv": [46.1, 62.1], "uv_size": [2.8, 10.8]},
								"west": {"uv": [30.1, 60.1], "uv_size": [3.8, 10.8]},
								"up": {"uv": [82.9, 86.9], "uv_size": [-2.8, -3.8]},
								"down": {"uv": [83.1, 86.9], "uv_size": [2.8, -3.8]}
							}
						},
						{
							"origin": [-7.65891, 3.94766, 3.48034],
							"size": [12.75, 8, 1.75],
							"pivot": [-7.65, -0.075, -16.35],
							"rotation": [-2.5, 0, 0],
							"uv": {
								"north": {"uv": [0.1, 55.1], "uv_size": [12.8, 7.8]},
								"east": {"uv": [13.1, 81.1], "uv_size": [1.8, 7.8]},
								"south": {"uv": [13.1, 55.1], "uv_size": [12.8, 7.8]},
								"west": {"uv": [15.1, 81.1], "uv_size": [1.8, 7.8]},
								"up": {"uv": [25.9, 70.9], "uv_size": [-12.8, -1.8]},
								"down": {"uv": [49.1, 70.9], "uv_size": [12.8, -1.8]}
							}
						},
						{
							"origin": [-7.65, 11.425, 4.65],
							"size": [11.5, 2, 0.75],
							"uv": {
								"north": {"uv": [78.1, 60.1], "uv_size": [11.4, 1.8]},
								"east": {"uv": [27.1, 96.1], "uv_size": [0.8, 1.8]},
								"south": {"uv": [78.1, 73.1], "uv_size": [11.4, 1.8]},
								"west": {"uv": [28.1, 96.1], "uv_size": [0.8, 1.8]},
								"up": {"uv": [37.5, 87.9], "uv_size": [-11.4, -0.8]},
								"down": {"uv": [53.1, 87.9], "uv_size": [11.4, -0.8]}
							}
						},
						{
							"origin": [-7.65, 11.425, 5.4],
							"size": [12.25, 2, 0.5],
							"uv": {
								"north": {"uv": [0.1, 75.1], "uv_size": [12.4, 1.8]},
								"east": {"uv": [80.1, 96.1], "uv_size": [0.4, 1.8]},
								"south": {"uv": [13.1, 75.1], "uv_size": [12.4, 1.8]},
								"west": {"uv": [81.1, 96.1], "uv_size": [0.4, 1.8]},
								"up": {"uv": [101.5, 65.5], "uv_size": [-12.4, -0.4]},
								"down": {"uv": [89.1, 66.5], "uv_size": [12.4, -0.4]}
							}
						},
						{
							"origin": [5.35, 11.425, -8.35],
							"size": [0.75, 2, 11.5],
							"uv": {
								"north": {"uv": [29.1, 96.1], "uv_size": [0.8, 1.8]},
								"east": {"uv": [0.1, 79.1], "uv_size": [11.4, 1.8]},
								"south": {"uv": [30.1, 96.1], "uv_size": [0.8, 1.8]},
								"west": {"uv": [12.1, 79.1], "uv_size": [11.4, 1.8]},
								"up": {"uv": [38.9, 98.5], "uv_size": [-0.8, -11.4]},
								"down": {"uv": [39.1, 98.5], "uv_size": [0.8, -11.4]}
							}
						},
						{
							"origin": [6.1, 11.425, -8.35],
							"size": [0.5, 2, 12.25],
							"uv": {
								"north": {"uv": [82.1, 96.1], "uv_size": [0.4, 1.8]},
								"east": {"uv": [26.1, 75.1], "uv_size": [12.4, 1.8]},
								"south": {"uv": [83.1, 96.1], "uv_size": [0.4, 1.8]},
								"west": {"uv": [39.1, 75.1], "uv_size": [12.4, 1.8]},
								"up": {"uv": [87.5, 101.5], "uv_size": [-0.4, -12.4]},
								"down": {"uv": [88.1, 101.5], "uv_size": [0.4, -12.4]}
							}
						}
					]
				},
				{
					"name": "stick_1",
					"parent": "block_3",
					"pivot": [-15.65, 10.925, -16.35],
					"cubes": [
						{
							"origin": [-39.05063, 11.96988, -9.78108],
							"size": [11.5, 1.15, 1.15],
							"pivot": [-7.65, -0.075, -16.35],
							"rotation": [169.41322, 64.53645, 168.30408],
							"uv": {
								"north": {"uv": [84.1, 75.1], "uv_size": [11.4, 0.8]},
								"east": {"uv": [77.1, 54.1], "uv_size": [0.8, 0.8]},
								"south": {"uv": [84.1, 76.1], "uv_size": [11.4, 0.8]},
								"west": {"uv": [37.1, 83.1], "uv_size": [0.8, 0.8]},
								"up": {"uv": [95.5, 77.9], "uv_size": [-11.4, -0.8]},
								"down": {"uv": [84.1, 78.9], "uv_size": [11.4, -0.8]}
							}
						},
						{
							"origin": [-27.55063, 12.06988, -9.68108],
							"size": [14, 0.95, 0.95],
							"pivot": [-7.65, -0.075, -16.35],
							"rotation": [169.41322, 64.53645, 168.30408],
							"uv": {
								"north": {"uv": [80.1, 64.1], "uv_size": [13.8, 0.8]},
								"east": {"uv": [38.1, 83.1], "uv_size": [0.8, 0.8]},
								"south": {"uv": [39.1, 81.1], "uv_size": [13.8, 0.8]},
								"west": {"uv": [91.1, 60.1], "uv_size": [0.8, 0.8]},
								"up": {"uv": [94.9, 40.9], "uv_size": [-13.8, -0.8]},
								"down": {"uv": [81.1, 41.9], "uv_size": [13.8, -0.8]}
							}
						},
						{
							"origin": [-13.70063, 12.16988, -9.58108],
							"size": [3, 0.75, 0.75],
							"pivot": [-7.65, -0.075, -16.35],
							"rotation": [169.41322, 64.53645, 168.30408],
							"uv": {
								"north": {"uv": [49.1, 62.1], "uv_size": [2.8, 0.8]},
								"east": {"uv": [92.1, 60.1], "uv_size": [0.8, 0.8]},
								"south": {"uv": [52.1, 62.1], "uv_size": [2.8, 0.8]},
								"west": {"uv": [93.1, 62.1], "uv_size": [0.8, 0.8]},
								"up": {"uv": [57.9, 62.9], "uv_size": [-2.8, -0.8]},
								"down": {"uv": [90.1, 61.9], "uv_size": [2.8, -0.8]}
							}
						}
					]
				},
				{
					"name": "stick_2",
					"parent": "block_3",
					"pivot": [-17.65, 10.925, -23.35],
					"rotation": [-2.5, -30, 0],
					"cubes": [
						{
							"origin": [-31.8886, 12.59648, -8.63536],
							"size": [11.5, 1.15, 1.15],
							"pivot": [-7.65, -0.075, -16.35],
							"rotation": [169.41322, 64.53645, 168.30408],
							"uv": {
								"north": {"uv": [65.1, 87.1], "uv_size": [11.4, 0.8]},
								"east": {"uv": [94.1, 62.1], "uv_size": [0.8, 0.8]},
								"south": {"uv": [87.1, 71.1], "uv_size": [11.4, 0.8]},
								"west": {"uv": [94.1, 64.1], "uv_size": [0.8, 0.8]},
								"up": {"uv": [98.5, 72.9], "uv_size": [-11.4, -0.8]},
								"down": {"uv": [87.1, 83.9], "uv_size": [11.4, -0.8]}
							}
						},
						{
							"origin": [-20.3886, 12.69648, -8.53536],
							"size": [14, 0.95, 0.95],
							"pivot": [-7.65, -0.075, -16.35],
							"rotation": [169.41322, 64.53645, 168.30408],
							"uv": {
								"north": {"uv": [81.1, 42.1], "uv_size": [13.8, 0.8]},
								"east": {"uv": [95.1, 64.1], "uv_size": [0.8, 0.8]},
								"south": {"uv": [81.1, 43.1], "uv_size": [13.8, 0.8]},
								"west": {"uv": [96.1, 64.1], "uv_size": [0.8, 0.8]},
								"up": {"uv": [94.9, 44.9], "uv_size": [-13.8, -0.8]},
								"down": {"uv": [81.1, 45.9], "uv_size": [13.8, -0.8]}
							}
						},
						{
							"origin": [-6.5386, 12.79648, -8.43536],
							"size": [3, 0.75, 0.75],
							"pivot": [-7.65, -0.075, -16.35],
							"rotation": [169.41322, 64.53645, 168.30408],
							"uv": {
								"north": {"uv": [91.1, 56.1], "uv_size": [2.8, 0.8]},
								"east": {"uv": [84.1, 96.1], "uv_size": [0.8, 0.8]},
								"south": {"uv": [91.1, 57.1], "uv_size": [2.8, 0.8]},
								"west": {"uv": [96.1, 86.1], "uv_size": [0.8, 0.8]},
								"up": {"uv": [93.9, 58.9], "uv_size": [-2.8, -0.8]},
								"down": {"uv": [91.1, 59.9], "uv_size": [2.8, -0.8]}
							}
						}
					]
				}
			]
		}
	]
}