{
	"format_version": "1.12.0",
	"minecraft:geometry": [
		{
			"description": {
				"identifier": "geometry.pool_table_a",
				"texture_width": 128,
				"texture_height": 128,
				"visible_bounds_width": 3,
				"visible_bounds_height": 2.5,
				"visible_bounds_offset": [0, 0.75, 0]
			},
			"bones": [
				{
					"name": "block_1",
					"pivot": [0.35, 10.925, 15.65],
					"cubes": [
						{
							"origin": [-7.65, 10.925, -7.35],
							"size": [15, 1.5, 15],
							"uv": {
								"north": {"uv": [69.1, 79.1], "uv_size": [14.8, 1.4]},
								"east": {"uv": [80.1, 0.1], "uv_size": [14.8, 1.4]},
								"south": {"uv": [80.1, 2.1], "uv_size": [14.8, 1.4]},
								"west": {"uv": [80.1, 4.1], "uv_size": [14.8, 1.4]},
								"up": {"uv": [44.9, 44.9], "uv_size": [-14.8, -14.8]},
								"down": {"uv": [0.1, 46.9], "uv_size": [14.8, -14.8]}
							}
						},
						{
							"origin": [7.1, 11.425, -7.85],
							"size": [0.75, 2, 15.5],
							"uv": {
								"north": {"uv": [94.1, 95.1], "uv_size": [0.8, 1.8]},
								"east": {"uv": [64.1, 0.1], "uv_size": [15.4, 1.8]},
								"south": {"uv": [95.1, 95.1], "uv_size": [0.8, 1.8]},
								"west": {"uv": [64.1, 2.1], "uv_size": [15.4, 1.8]},
								"up": {"uv": [19.9, 96.5], "uv_size": [-0.8, -15.4]},
								"down": {"uv": [20.1, 96.5], "uv_size": [0.8, -15.4]}
							}
						},
						{
							"origin": [-7.65, 11.425, -7.85],
							"size": [14.75, 2, 0.75],
							"uv": {
								"north": {"uv": [64.1, 20.1], "uv_size": [14.8, 1.8]},
								"east": {"uv": [3.1, 96.1], "uv_size": [0.8, 1.8]},
								"south": {"uv": [0.1, 65.1], "uv_size": [14.8, 1.8]},
								"west": {"uv": [4.1, 96.1], "uv_size": [0.8, 1.8]},
								"up": {"uv": [94.9, 49.9], "uv_size": [-14.8, -0.8]},
								"down": {"uv": [80.1, 50.9], "uv_size": [14.8, -0.8]}
							}
						},
						{
							"origin": [-7.65, 11.425, -7.1],
							"size": [14.25, 2, 0.5],
							"uv": {
								"north": {"uv": [65.1, 46.1], "uv_size": [14.4, 1.8]},
								"east": {"uv": [52.1, 96.1], "uv_size": [0.4, 1.8]},
								"south": {"uv": [65.1, 48.1], "uv_size": [14.4, 1.8]},
								"west": {"uv": [96.1, 56.1], "uv_size": [0.4, 1.8]},
								"up": {"uv": [102.5, 36.5], "uv_size": [-14.4, -0.4]},
								"down": {"uv": [88.1, 37.5], "uv_size": [14.4, -0.4]}
							}
						},
						{
							"origin": [6.6, 11.425, -7.1],
							"size": [0.5, 2, 14.75],
							"uv": {
								"north": {"uv": [96.1, 58.1], "uv_size": [0.4, 1.8]},
								"east": {"uv": [65.1, 22.1], "uv_size": [14.8, 1.8]},
								"south": {"uv": [64.1, 96.1], "uv_size": [0.4, 1.8]},
								"west": {"uv": [65.1, 24.1], "uv_size": [14.8, 1.8]},
								"up": {"uv": [53.5, 102.9], "uv_size": [-0.4, -14.8]},
								"down": {"uv": [54.1, 102.9], "uv_size": [0.4, -14.8]}
							}
						},
						{
							"origin": [3.30866, 13.19584, -6.63191],
							"size": [3, 1.75, 4],
							"pivot": [-7.65, -0.075, 15.65],
							"rotation": [4.97431, -0.76021, 4.94562],
							"uv": {
								"north": {"uv": [6.1, 90.1], "uv_size": [2.8, 1.8]},
								"east": {"uv": [87.1, 84.1], "uv_size": [3.8, 1.8]},
								"south": {"uv": [9.1, 90.1], "uv_size": [2.8, 1.8]},
								"west": {"uv": [87.1, 86.1], "uv_size": [3.8, 1.8]},
								"up": {"uv": [36.9, 86.9], "uv_size": [-2.8, -3.8]},
								"down": {"uv": [53.1, 86.9], "uv_size": [2.8, -3.8]}
							}
						},
						{
							"origin": [3.90678, 1.52001, -7.07359],
							"size": [2.75, 11, 3.75],
							"pivot": [-7.65, -0.075, 15.65],
							"rotation": [2.51231, -0.7602, 2.44065],
							"uv": {
								"north": {"uv": [40.1, 60.1], "uv_size": [2.8, 10.8]},
								"east": {"uv": [58.1, 30.1], "uv_size": [3.8, 10.8]},
								"south": {"uv": [62.1, 22.1], "uv_size": [2.8, 10.8]},
								"west": {"uv": [58.1, 41.1], "uv_size": [3.8, 10.8]},
								"up": {"uv": [58.9, 86.9], "uv_size": [-2.8, -3.8]},
								"down": {"uv": [59.1, 86.9], "uv_size": [2.8, -3.8]}
							}
						},
						{
							"origin": [-7.65891, 3.94766, -5.93034],
							"size": [12.75, 8, 1.75],
							"pivot": [-7.65, -0.075, 15.65],
							"rotation": [2.5, 0, 0],
							"uv": {
								"north": {"uv": [45.1, 46.1], "uv_size": [12.8, 7.8]},
								"east": {"uv": [5.1, 81.1], "uv_size": [1.8, 7.8]},
								"south": {"uv": [0.1, 47.1], "uv_size": [12.8, 7.8]},
								"west": {"uv": [7.1, 81.1], "uv_size": [1.8, 7.8]},
								"up": {"uv": [25.9, 68.9], "uv_size": [-12.8, -1.8]},
								"down": {"uv": [49.1, 68.9], "uv_size": [12.8, -1.8]}
							}
						},
						{
							"origin": [-7.65, 11.425, -6.1],
							"size": [11.5, 2, 0.75],
							"uv": {
								"north": {"uv": [36.1, 77.1], "uv_size": [11.4, 1.8]},
								"east": {"uv": [5.1, 96.1], "uv_size": [0.8, 1.8]},
								"south": {"uv": [48.1, 77.1], "uv_size": [11.4, 1.8]},
								"west": {"uv": [6.1, 96.1], "uv_size": [0.8, 1.8]},
								"up": {"uv": [95.5, 79.9], "uv_size": [-11.4, -0.8]},
								"down": {"uv": [84.1, 80.9], "uv_size": [11.4, -0.8]}
							}
						},
						{
							"origin": [-7.65, 11.425, -6.6],
							"size": [12.25, 2, 0.5],
							"uv": {
								"north": {"uv": [49.1, 71.1], "uv_size": [12.4, 1.8]},
								"east": {"uv": [65.1, 96.1], "uv_size": [0.4, 1.8]},
								"south": {"uv": [62.1, 71.1], "uv_size": [12.4, 1.8]},
								"west": {"uv": [66.1, 96.1], "uv_size": [0.4, 1.8]},
								"up": {"uv": [100.5, 82.5], "uv_size": [-12.4, -0.4]},
								"down": {"uv": [87.1, 88.5], "uv_size": [12.4, -0.4]}
							}
						},
						{
							"origin": [5.35, 11.425, -3.85],
							"size": [0.75, 2, 11.5],
							"uv": {
								"north": {"uv": [7.1, 96.1], "uv_size": [0.8, 1.8]},
								"east": {"uv": [60.1, 77.1], "uv_size": [11.4, 1.8]},
								"south": {"uv": [8.1, 96.1], "uv_size": [0.8, 1.8]},
								"west": {"uv": [77.1, 65.1], "uv_size": [11.4, 1.8]},
								"up": {"uv": [51.9, 95.5], "uv_size": [-0.8, -11.4]},
								"down": {"uv": [52.1, 95.5], "uv_size": [0.8, -11.4]}
							}
						},
						{
							"origin": [6.1, 11.425, -4.6],
							"size": [0.5, 2, 12.25],
							"uv": {
								"north": {"uv": [67.1, 96.1], "uv_size": [0.4, 1.8]},
								"east": {"uv": [0.1, 73.1], "uv_size": [12.4, 1.8]},
								"south": {"uv": [68.1, 96.1], "uv_size": [0.4, 1.8]},
								"west": {"uv": [13.1, 73.1], "uv_size": [12.4, 1.8]},
								"up": {"uv": [74.5, 100.5], "uv_size": [-0.4, -12.4]},
								"down": {"uv": [75.1, 100.5], "uv_size": [0.4, -12.4]}
							}
						}
					]
				},
				{
					"name": "balls_0",
					"parent": "block_1",
					"pivot": [-6.9, 18.425, 0.4],
					"cubes": [
						{
							"origin": [-11.4, 12.425, -0.6],
							"size": [1.25, 1.25, 1.25],
							"uv": {
								"north": {"uv": [91.1, 67.1], "uv_size": [1.4, 1.4]},
								"east": {"uv": [91.1, 69.1], "uv_size": [1.4, 1.4]},
								"south": {"uv": [91.1, 84.1], "uv_size": [1.4, 1.4]},
								"west": {"uv": [91.1, 86.1], "uv_size": [1.4, 1.4]},
								"up": {"uv": [90.5, 92.5], "uv_size": [-1.4, -1.4]},
								"down": {"uv": [91.1, 92.5], "uv_size": [1.4, -1.4]}
							}
						},
						{
							"origin": [-10.65, 12.425, 0.9],
							"size": [1.25, 1.25, 1.25],
							"uv": {
								"north": {"uv": [89.1, 93.1], "uv_size": [1.4, 1.4]},
								"east": {"uv": [91.1, 93.1], "uv_size": [1.4, 1.4]},
								"south": {"uv": [93.1, 91.1], "uv_size": [1.4, 1.4]},
								"west": {"uv": [93.1, 93.1], "uv_size": [1.4, 1.4]},
								"up": {"uv": [4.5, 95.5], "uv_size": [-1.4, -1.4]},
								"down": {"uv": [5.1, 95.5], "uv_size": [1.4, -1.4]}
							}
						},
						{
							"origin": [-9.9, 12.425, 2.4],
							"size": [1.25, 1.25, 1.25],
							"uv": {
								"north": {"uv": [94.1, 56.1], "uv_size": [1.4, 1.4]},
								"east": {"uv": [94.1, 58.1], "uv_size": [1.4, 1.4]},
								"south": {"uv": [64.1, 94.1], "uv_size": [1.4, 1.4]},
								"west": {"uv": [66.1, 94.1], "uv_size": [1.4, 1.4]},
								"up": {"uv": [69.5, 95.5], "uv_size": [-1.4, -1.4]},
								"down": {"uv": [70.1, 95.5], "uv_size": [1.4, -1.4]}
							}
						},
						{
							"origin": [-7.65, 12.425, 3.9],
							"size": [1.25, 1.25, 1.25],
							"uv": {
								"north": {"uv": [72.1, 94.1], "uv_size": [1.4, 1.4]},
								"east": {"uv": [94.1, 73.1], "uv_size": [1.4, 1.4]},
								"south": {"uv": [77.1, 94.1], "uv_size": [1.4, 1.4]},
								"west": {"uv": [79.1, 94.1], "uv_size": [1.4, 1.4]},
								"up": {"uv": [82.5, 95.5], "uv_size": [-1.4, -1.4]},
								"down": {"uv": [83.1, 95.5], "uv_size": [1.4, -1.4]}
							}
						},
						{
							"origin": [-9.15, 12.425, 3.9],
							"size": [1.25, 1.25, 1.25],
							"uv": {
								"north": {"uv": [95.1, 40.1], "uv_size": [1.4, 1.4]},
								"east": {"uv": [95.1, 42.1], "uv_size": [1.4, 1.4]},
								"south": {"uv": [95.1, 44.1], "uv_size": [1.4, 1.4]},
								"west": {"uv": [95.1, 48.1], "uv_size": [1.4, 1.4]},
								"up": {"uv": [96.5, 51.5], "uv_size": [-1.4, -1.4]},
								"down": {"uv": [95.1, 53.5], "uv_size": [1.4, -1.4]}
							}
						},
						{
							"origin": [-8.4, 12.425, 5.4],
							"size": [1.25, 1.25, 1.25],
							"uv": {
								"north": {"uv": [95.1, 54.1], "uv_size": [1.4, 1.4]},
								"east": {"uv": [95.1, 60.1], "uv_size": [1.4, 1.4]},
								"south": {"uv": [95.1, 62.1], "uv_size": [1.4, 1.4]},
								"west": {"uv": [95.1, 67.1], "uv_size": [1.4, 1.4]},
								"up": {"uv": [96.5, 70.5], "uv_size": [-1.4, -1.4]},
								"down": {"uv": [95.1, 85.5], "uv_size": [1.4, -1.4]}
							}
						},
						{
							"origin": [-6.9, 12.425, 2.4],
							"size": [1.25, 1.25, 1.25],
							"uv": {
								"north": {"uv": [95.1, 10.1], "uv_size": [1.4, 1.4]},
								"east": {"uv": [95.1, 22.1], "uv_size": [1.4, 1.4]},
								"south": {"uv": [95.1, 24.1], "uv_size": [1.4, 1.4]},
								"west": {"uv": [95.1, 26.1], "uv_size": [1.4, 1.4]},
								"up": {"uv": [96.5, 29.5], "uv_size": [-1.4, -1.4]},
								"down": {"uv": [95.1, 31.5], "uv_size": [1.4, -1.4]}
							}
						},
						{
							"origin": [-8.4, 12.425, 2.4],
							"size": [1.25, 1.25, 1.25],
							"uv": {
								"north": {"uv": [94.1, 89.1], "uv_size": [1.4, 1.4]},
								"east": {"uv": [95.1, 0.1], "uv_size": [1.4, 1.4]},
								"south": {"uv": [95.1, 2.1], "uv_size": [1.4, 1.4]},
								"west": {"uv": [95.1, 4.1], "uv_size": [1.4, 1.4]},
								"up": {"uv": [96.5, 7.5], "uv_size": [-1.4, -1.4]},
								"down": {"uv": [95.1, 9.5], "uv_size": [1.4, -1.4]}
							}
						},
						{
							"origin": [-9.15, 12.425, 0.9],
							"size": [1.25, 1.25, 1.25],
							"uv": {
								"north": {"uv": [7.1, 94.1], "uv_size": [1.4, 1.4]},
								"east": {"uv": [9.1, 94.1], "uv_size": [1.4, 1.4]},
								"south": {"uv": [11.1, 94.1], "uv_size": [1.4, 1.4]},
								"west": {"uv": [94.1, 12.1], "uv_size": [1.4, 1.4]},
								"up": {"uv": [14.5, 95.5], "uv_size": [-1.4, -1.4]},
								"down": {"uv": [94.1, 15.5], "uv_size": [1.4, -1.4]}
							}
						},
						{
							"origin": [-7.65, 12.425, 0.9],
							"size": [1.25, 1.25, 1.25],
							"uv": {
								"north": {"uv": [94.1, 16.1], "uv_size": [1.4, 1.4]},
								"east": {"uv": [94.1, 18.1], "uv_size": [1.4, 1.4]},
								"south": {"uv": [94.1, 20.1], "uv_size": [1.4, 1.4]},
								"west": {"uv": [26.1, 94.1], "uv_size": [1.4, 1.4]},
								"up": {"uv": [29.5, 95.5], "uv_size": [-1.4, -1.4]},
								"down": {"uv": [30.1, 95.5], "uv_size": [1.4, -1.4]}
							}
						},
						{
							"origin": [-6.15, 12.425, 0.9],
							"size": [1.25, 1.25, 1.25],
							"uv": {
								"north": {"uv": [32.1, 94.1], "uv_size": [1.4, 1.4]},
								"east": {"uv": [94.1, 32.1], "uv_size": [1.4, 1.4]},
								"south": {"uv": [40.1, 94.1], "uv_size": [1.4, 1.4]},
								"west": {"uv": [42.1, 94.1], "uv_size": [1.4, 1.4]},
								"up": {"uv": [45.5, 95.5], "uv_size": [-1.4, -1.4]},
								"down": {"uv": [46.1, 95.5], "uv_size": [1.4, -1.4]}
							}
						},
						{
							"origin": [-9.9, 12.425, -0.6],
							"size": [1.25, 1.25, 1.25],
							"uv": {
								"north": {"uv": [3.1, 92.1], "uv_size": [1.4, 1.4]},
								"east": {"uv": [5.1, 92.1], "uv_size": [1.4, 1.4]},
								"south": {"uv": [7.1, 92.1], "uv_size": [1.4, 1.4]},
								"west": {"uv": [9.1, 92.1], "uv_size": [1.4, 1.4]},
								"up": {"uv": [12.5, 93.5], "uv_size": [-1.4, -1.4]},
								"down": {"uv": [13.1, 93.5], "uv_size": [1.4, -1.4]}
							}
						},
						{
							"origin": [-8.4, 12.425, -0.6],
							"size": [1.25, 1.25, 1.25],
							"uv": {
								"north": {"uv": [26.1, 92.1], "uv_size": [1.4, 1.4]},
								"east": {"uv": [28.1, 92.1], "uv_size": [1.4, 1.4]},
								"south": {"uv": [30.1, 92.1], "uv_size": [1.4, 1.4]},
								"west": {"uv": [32.1, 92.1], "uv_size": [1.4, 1.4]},
								"up": {"uv": [93.5, 33.5], "uv_size": [-1.4, -1.4]},
								"down": {"uv": [64.1, 93.5], "uv_size": [1.4, -1.4]}
							}
						},
						{
							"origin": [-6.9, 12.425, -0.6],
							"size": [1.25, 1.25, 1.25],
							"uv": {
								"north": {"uv": [66.1, 92.1], "uv_size": [1.4, 1.4]},
								"east": {"uv": [68.1, 92.1], "uv_size": [1.4, 1.4]},
								"south": {"uv": [70.1, 92.1], "uv_size": [1.4, 1.4]},
								"west": {"uv": [72.1, 92.1], "uv_size": [1.4, 1.4]},
								"up": {"uv": [93.5, 74.5], "uv_size": [-1.4, -1.4]},
								"down": {"uv": [92.1, 90.5], "uv_size": [1.4, -1.4]}
							}
						},
						{
							"origin": [-5.4, 12.425, -0.6],
							"size": [1.25, 1.25, 1.25],
							"uv": {
								"north": {"uv": [93.1, 54.1], "uv_size": [1.4, 1.4]},
								"east": {"uv": [93.1, 60.1], "uv_size": [1.4, 1.4]},
								"south": {"uv": [93.1, 67.1], "uv_size": [1.4, 1.4]},
								"west": {"uv": [93.1, 69.1], "uv_size": [1.4, 1.4]},
								"up": {"uv": [94.5, 85.5], "uv_size": [-1.4, -1.4]},
								"down": {"uv": [93.1, 87.5], "uv_size": [1.4, -1.4]}
							}
						}
					]
				}
			]
		}
	]
}