{
	"format_version": "1.12.0",
	"minecraft:geometry": [
		{
			"description": {
				"identifier": "geometry.pool_table_e",
				"texture_width": 128,
				"texture_height": 128,
				"visible_bounds_width": 3,
				"visible_bounds_height": 2.5,
				"visible_bounds_offset": [0, 0.75, 0]
			},
			"bones": [
				{
					"name": "block_5",
					"pivot": [0.35, 10.925, -0.35],
					"cubes": [
						{
							"origin": [-6.65, 10.925, -8.35],
							"size": [15, 1.5, 16],
							"uv": {
								"north": {"uv": [79.1, 12.1], "uv_size": [14.8, 1.4]},
								"east": {"uv": [52.1, 75.1], "uv_size": [15.8, 1.4]},
								"south": {"uv": [79.1, 14.1], "uv_size": [14.8, 1.4]},
								"west": {"uv": [75.1, 67.1], "uv_size": [15.8, 1.4]},
								"up": {"uv": [14.9, 15.9], "uv_size": [-14.8, -15.8]},
								"down": {"uv": [15.1, 15.9], "uv_size": [14.8, -15.8]}
							}
						},
						{
							"origin": [-5.9, 11.425, 1.15],
							"size": [1.25, 2, 6.5],
							"uv": {
								"north": {"uv": [43.1, 60.1], "uv_size": [1.4, 1.8]},
								"east": {"uv": [81.1, 46.1], "uv_size": [6.4, 1.8]},
								"south": {"uv": [64.1, 90.1], "uv_size": [1.4, 1.8]},
								"west": {"uv": [53.1, 81.1], "uv_size": [6.4, 1.8]},
								"up": {"uv": [41.5, 93.5], "uv_size": [-1.4, -6.4]},
								"down": {"uv": [42.1, 93.5], "uv_size": [1.4, -6.4]}
							}
						},
						{
							"origin": [-5.9, 11.425, -8.35],
							"size": [1.25, 2, 6.5],
							"uv": {
								"north": {"uv": [66.1, 90.1], "uv_size": [1.4, 1.8]},
								"east": {"uv": [60.1, 81.1], "uv_size": [6.4, 1.8]},
								"south": {"uv": [68.1, 90.1], "uv_size": [1.4, 1.8]},
								"west": {"uv": [67.1, 81.1], "uv_size": [6.4, 1.8]},
								"up": {"uv": [45.5, 93.5], "uv_size": [-1.4, -6.4]},
								"down": {"uv": [46.1, 93.5], "uv_size": [1.4, -6.4]}
							}
						},
						{
							"origin": [-7.15, 11.425, -8.35],
							"size": [0.75, 2, 16],
							"uv": {
								"north": {"uv": [34.1, 94.1], "uv_size": [0.8, 1.8]},
								"east": {"uv": [62.1, 55.1], "uv_size": [15.8, 1.8]},
								"south": {"uv": [86.1, 95.1], "uv_size": [0.8, 1.8]},
								"west": {"uv": [62.1, 57.1], "uv_size": [15.8, 1.8]},
								"up": {"uv": [80.9, 47.9], "uv_size": [-0.8, -15.8]},
								"down": {"uv": [0.1, 96.9], "uv_size": [0.8, -15.8]}
							}
						},
						{
							"origin": [-6.4, 11.425, 0.65],
							"size": [0.5, 2, 7],
							"uv": {
								"north": {"uv": [31.1, 96.1], "uv_size": [0.4, 1.8]},
								"east": {"uv": [16.1, 63.1], "uv_size": [6.8, 1.8]},
								"south": {"uv": [32.1, 96.1], "uv_size": [0.4, 1.8]},
								"west": {"uv": [15.1, 65.1], "uv_size": [6.8, 1.8]},
								"up": {"uv": [15.5, 96.9], "uv_size": [-0.4, -6.8]},
								"down": {"uv": [35.1, 96.9], "uv_size": [0.4, -6.8]}
							}
						},
						{
							"origin": [-6.4, 11.425, -8.35],
							"size": [0.5, 2, 7],
							"uv": {
								"north": {"uv": [96.1, 32.1], "uv_size": [0.4, 1.8]},
								"east": {"uv": [25.1, 81.1], "uv_size": [6.8, 1.8]},
								"south": {"uv": [33.1, 96.1], "uv_size": [0.4, 1.8]},
								"west": {"uv": [32.1, 81.1], "uv_size": [6.8, 1.8]},
								"up": {"uv": [36.5, 96.9], "uv_size": [-0.4, -6.8]},
								"down": {"uv": [37.1, 96.9], "uv_size": [0.4, -6.8]}
							}
						},
						{
							"origin": [2.6, 12.425, -3.6],
							"size": [1.25, 1.25, 1.25],
							"uv": {
								"north": {"uv": [104.1, 76.5], "uv_size": [1.4, 1.4]},
								"east": {"uv": [64.5, 84.1], "uv_size": [1.4, 1.4]},
								"south": {"uv": [107.1, 89.1], "uv_size": [1.4, 1.4]},
								"west": {"uv": [111.1, 76.5], "uv_size": [1.4, 1.4]},
								"up": {"uv": [105.5, 77.5], "uv_size": [-1.4, -1.4]},
								"down": {"uv": [102.1, 95.5], "uv_size": [1.4, -1.4]}
							}
						}
					]
				}
			]
		}
	]
}