{
	"format_version": "1.12.0",
	"minecraft:geometry": [
		{
			"description": {
				"identifier": "geometry.drawer_0_closed",
				"texture_width": 128,
				"texture_height": 128,
				"visible_bounds_width": 2,
				"visible_bounds_height": 2.5,
				"visible_bounds_offset": [0, 0.75, 0]
			},
			"bones": [
				{
					"name": "body",
					"pivot": [0, 0, 0]
				},
				{
					"name": "main",
					"parent": "body",
					"pivot": [0, 0, 0],
					"cubes": [
						{
							"origin": [-7, 15, -7],
							"size": [14, 1, 14],
							"uv": {
								"north": {"uv": [14, 31], "uv_size": [14, 1]},
								"east": {"uv": [0, 31], "uv_size": [14, 1]},
								"south": {"uv": [42, 31], "uv_size": [14, 1]},
								"west": {"uv": [28, 31], "uv_size": [14, 1]},
								"up": {"uv": [14, 17], "uv_size": [14, 14]},
								"down": {"uv": [28, 31], "uv_size": [14, -14]}
							}
						},
						{
							"origin": [-8, 16, -8],
							"size": [16, 1, 16],
							"uv": {
								"north": {"uv": [16, 16], "uv_size": [16, 1]},
								"east": {"uv": [0, 16], "uv_size": [16, 1]},
								"south": {"uv": [48, 16], "uv_size": [16, 1]},
								"west": {"uv": [32, 16], "uv_size": [16, 1]},
								"up": {"uv": [16, 0], "uv_size": [16, 16]},
								"down": {"uv": [32, 16], "uv_size": [16, -16]}
							}
						},
						{
							"origin": [-6, 1, -7],
							"size": [12, 1, 13],
							"uv": {
								"north": {"uv": [13, 59], "uv_size": [12, 1]},
								"east": {"uv": [0, 59], "uv_size": [13, 1]},
								"south": {"uv": [38, 59], "uv_size": [12, 1]},
								"west": {"uv": [25, 59], "uv_size": [13, 1]},
								"up": {"uv": [13, 46], "uv_size": [12, 13]},
								"down": {"uv": [25, 59], "uv_size": [12, -13]}
							}
						},
						{
							"origin": [-7, 1, -7],
							"size": [1, 14, 14],
							"uv": {
								"north": {"uv": [14, 74], "uv_size": [1, 14]},
								"east": {"uv": [0, 74], "uv_size": [14, 14]},
								"south": {"uv": [29, 74], "uv_size": [1, 14]},
								"west": {"uv": [15, 74], "uv_size": [14, 14]},
								"up": {"uv": [14, 60], "uv_size": [1, 14]},
								"down": {"uv": [15, 74], "uv_size": [1, -14]}
							}
						},
						{
							"origin": [6, 1, -7],
							"size": [1, 14, 14],
							"uv": {
								"north": {"uv": [50, 61], "uv_size": [1, 14]},
								"east": {"uv": [36, 61], "uv_size": [14, 14]},
								"south": {"uv": [65, 61], "uv_size": [1, 14]},
								"west": {"uv": [51, 61], "uv_size": [14, 14]},
								"up": {"uv": [50, 47], "uv_size": [1, 14]},
								"down": {"uv": [51, 61], "uv_size": [1, -14]}
							}
						},
						{
							"origin": [-6, 1, 6],
							"size": [12, 14, 1],
							"uv": {
								"north": {"uv": [49, 1], "uv_size": [12, 14]},
								"east": {"uv": [48, 1], "uv_size": [1, 14]},
								"south": {"uv": [62, 1], "uv_size": [12, 14]},
								"west": {"uv": [61, 1], "uv_size": [1, 14]},
								"up": {"uv": [49, 0], "uv_size": [12, 1]},
								"down": {"uv": [61, 1], "uv_size": [12, -1]}
							}
						},
						{
							"origin": [-6, 8, -7],
							"size": [12, 1, 13],
							"uv": {
								"north": {"uv": [13, 45], "uv_size": [12, 1]},
								"east": {"uv": [0, 45], "uv_size": [13, 1]},
								"south": {"uv": [38, 45], "uv_size": [12, 1]},
								"west": {"uv": [25, 45], "uv_size": [13, 1]},
								"up": {"uv": [13, 32], "uv_size": [12, 13]},
								"down": {"uv": [25, 45], "uv_size": [12, -13]}
							}
						}
					]
				},
				{
					"name": "legs",
					"parent": "main",
					"pivot": [0, 0, 0],
					"cubes": [
						{
							"origin": [-6, 0, -6],
							"size": [1, 1, 1],
							"uv": {
								"north": {"uv": [4, 4], "uv_size": [1, 1]},
								"east": {"uv": [3, 4], "uv_size": [1, 1]},
								"south": {"uv": [6, 4], "uv_size": [1, 1]},
								"west": {"uv": [5, 4], "uv_size": [1, 1]},
								"up": {"uv": [4, 3], "uv_size": [1, 1]},
								"down": {"uv": [5, 4], "uv_size": [1, -1]}
							}
						},
						{
							"origin": [5, 0, -6],
							"size": [1, 1, 1],
							"uv": {
								"north": {"uv": [4, 2], "uv_size": [1, 1]},
								"east": {"uv": [3, 2], "uv_size": [1, 1]},
								"south": {"uv": [6, 2], "uv_size": [1, 1]},
								"west": {"uv": [5, 2], "uv_size": [1, 1]},
								"up": {"uv": [4, 1], "uv_size": [1, 1]},
								"down": {"uv": [5, 2], "uv_size": [1, -1]}
							}
						},
						{
							"origin": [5, 0, 5],
							"size": [1, 1, 1],
							"uv": {
								"north": {"uv": [1, 3], "uv_size": [1, 1]},
								"east": {"uv": [0, 3], "uv_size": [1, 1]},
								"south": {"uv": [3, 3], "uv_size": [1, 1]},
								"west": {"uv": [2, 3], "uv_size": [1, 1]},
								"up": {"uv": [1, 2], "uv_size": [1, 1]},
								"down": {"uv": [2, 3], "uv_size": [1, -1]}
							}
						},
						{
							"origin": [-6, 0, 5],
							"size": [1, 1, 1],
							"uv": {
								"north": {"uv": [1, 1], "uv_size": [1, 1]},
								"east": {"uv": [0, 1], "uv_size": [1, 1]},
								"south": {"uv": [3, 1], "uv_size": [1, 1]},
								"west": {"uv": [2, 1], "uv_size": [1, 1]},
								"up": {"uv": [1, 0], "uv_size": [1, 1]},
								"down": {"uv": [2, 1], "uv_size": [1, -1]}
							}
						}
					]
				},
				{
					"name": "top",
					"parent": "body",
					"pivot": [0, 0, 0],
					"cubes": [
						{
							"origin": [-6, 9, -7],
							"size": [12, 1, 13],
							"uv": {
								"north": {"uv": [55, 30], "uv_size": [12, 1]},
								"east": {"uv": [42, 30], "uv_size": [13, 1]},
								"south": {"uv": [80, 30], "uv_size": [12, 1]},
								"west": {"uv": [67, 30], "uv_size": [13, 1]},
								"up": {"uv": [55, 17], "uv_size": [12, 13]},
								"down": {"uv": [67, 30], "uv_size": [12, -13]}
							}
						},
						{
							"origin": [-5, 10, 5],
							"size": [10, 5, 1],
							"uv": {
								"north": {"uv": [75, 8], "uv_size": [10, 5]},
								"east": {"uv": [74, 8], "uv_size": [1, 5]},
								"south": {"uv": [86, 8], "uv_size": [10, 5]},
								"west": {"uv": [85, 8], "uv_size": [1, 5]},
								"up": {"uv": [75, 7], "uv_size": [10, 1]},
								"down": {"uv": [85, 8], "uv_size": [10, -1]}
							}
						},
						{
							"origin": [-6, 9, -8],
							"size": [12, 6, 1],
							"uv": {
								"north": {"uv": [75, 1], "uv_size": [12, 6]},
								"east": {"uv": [74, 1], "uv_size": [1, 6]},
								"south": {"uv": [88, 1], "uv_size": [12, 6]},
								"west": {"uv": [87, 1], "uv_size": [1, 6]},
								"up": {"uv": [75, 0], "uv_size": [12, 1]},
								"down": {"uv": [87, 1], "uv_size": [12, -1]}
							}
						},
						{
							"origin": [-6, 10, -7],
							"size": [1, 5, 13],
							"uv": {
								"north": {"uv": [30, 88], "uv_size": [1, 5]},
								"east": {"uv": [17, 88], "uv_size": [13, 5]},
								"south": {"uv": [44, 88], "uv_size": [1, 5]},
								"west": {"uv": [31, 88], "uv_size": [13, 5]},
								"up": {"uv": [30, 75], "uv_size": [1, 13]},
								"down": {"uv": [31, 88], "uv_size": [1, -13]}
							}
						},
						{
							"origin": [5, 10, -7],
							"size": [1, 5, 13],
							"uv": {
								"north": {"uv": [81, 80], "uv_size": [1, 5]},
								"east": {"uv": [68, 80], "uv_size": [13, 5]},
								"south": {"uv": [95, 80], "uv_size": [1, 5]},
								"west": {"uv": [82, 80], "uv_size": [13, 5]},
								"up": {"uv": [81, 67], "uv_size": [1, 13]},
								"down": {"uv": [82, 80], "uv_size": [1, -13]}
							}
						},
						{
							"origin": [-0.5, 12, -9],
							"size": [1, 1, 1],
							"uv": {
								"north": {"uv": [4, 6], "uv_size": [1, 1]},
								"east": {"uv": [3, 6], "uv_size": [1, 1]},
								"south": {"uv": [6, 6], "uv_size": [1, 1]},
								"west": {"uv": [5, 6], "uv_size": [1, 1]},
								"up": {"uv": [4, 5], "uv_size": [1, 1]},
								"down": {"uv": [5, 6], "uv_size": [1, -1]}
							}
						}
					]
				},
				{
					"name": "bottom",
					"parent": "body",
					"pivot": [0, -7, 0],
					"cubes": [
						{
							"origin": [-6, 2, -7],
							"size": [12, 1, 13],
							"uv": {
								"north": {"uv": [50, 46], "uv_size": [12, 1]},
								"east": {"uv": [37, 46], "uv_size": [13, 1]},
								"south": {"uv": [75, 46], "uv_size": [12, 1]},
								"west": {"uv": [62, 46], "uv_size": [13, 1]},
								"up": {"uv": [50, 33], "uv_size": [12, 13]},
								"down": {"uv": [62, 46], "uv_size": [12, -13]}
							}
						},
						{
							"origin": [-5, 3, 5],
							"size": [10, 5, 1],
							"uv": {
								"north": {"uv": [53, 55], "uv_size": [10, 5]},
								"east": {"uv": [52, 55], "uv_size": [1, 5]},
								"south": {"uv": [64, 55], "uv_size": [10, 5]},
								"west": {"uv": [63, 55], "uv_size": [1, 5]},
								"up": {"uv": [53, 54], "uv_size": [10, 1]},
								"down": {"uv": [63, 55], "uv_size": [10, -1]}
							}
						},
						{
							"origin": [-6, 2, -8],
							"size": [12, 6, 1],
							"uv": {
								"north": {"uv": [53, 48], "uv_size": [12, 6]},
								"east": {"uv": [52, 48], "uv_size": [1, 6]},
								"south": {"uv": [66, 48], "uv_size": [12, 6]},
								"west": {"uv": [65, 48], "uv_size": [1, 6]},
								"up": {"uv": [53, 47], "uv_size": [12, 1]},
								"down": {"uv": [65, 48], "uv_size": [12, -1]}
							}
						},
						{
							"origin": [-6, 3, -7],
							"size": [1, 5, 13],
							"uv": {
								"north": {"uv": [81, 60], "uv_size": [1, 5]},
								"east": {"uv": [68, 60], "uv_size": [13, 5]},
								"south": {"uv": [95, 60], "uv_size": [1, 5]},
								"west": {"uv": [82, 60], "uv_size": [13, 5]},
								"up": {"uv": [81, 47], "uv_size": [1, 13]},
								"down": {"uv": [82, 60], "uv_size": [1, -13]}
							}
						},
						{
							"origin": [5, 3, -7],
							"size": [1, 5, 13],
							"uv": {
								"north": {"uv": [66, 75], "uv_size": [1, 5]},
								"east": {"uv": [53, 75], "uv_size": [13, 5]},
								"south": {"uv": [80, 75], "uv_size": [1, 5]},
								"west": {"uv": [67, 75], "uv_size": [13, 5]},
								"up": {"uv": [66, 62], "uv_size": [1, 13]},
								"down": {"uv": [67, 75], "uv_size": [1, -13]}
							}
						},
						{
							"origin": [-0.5, 5, -9],
							"size": [1, 1, 1],
							"uv": {
								"north": {"uv": [1, 5], "uv_size": [1, 1]},
								"east": {"uv": [0, 5], "uv_size": [1, 1]},
								"south": {"uv": [3, 5], "uv_size": [1, 1]},
								"west": {"uv": [2, 5], "uv_size": [1, 1]},
								"up": {"uv": [1, 4], "uv_size": [1, 1]},
								"down": {"uv": [2, 5], "uv_size": [1, -1]}
							}
						}
					]
				}
			]
		}
	]
}